:020000040800F2
:1040000000000120B5DD0008495600084B560008A5
:104010005956000867560008755600080000000051
:1040200000000000000000000000000083560008AF
:1040300085560008000000008756000889560008D1
:1040400005DE000805DE000805DE000805DE0008C4
:1040500005DE000805DE00089156000805DE0008B0
:1040600005DE000805DE000805DE000805DE0008A4
:1040700005DE000805DE000805DE000805DE000894
:1040800005DE000805DE000805DE0008000000006F
:1040900000000000000000000000000005DE000835
:1040A000B199000805DE000805DE000805DE0008FD
:1040B00005DE000805DE000805DE000805DE000854
:1040C00005DE000805DE000805DE000805DE000844
:1040D00005DE000805DE00089D560008000000000F
:1040E00005DE000805DE000805DE0008000000000F
:1040F00000000000000000000000000005DE0008D5
:104100000000000005DE000805DE000805DE0008EE
:10411000000000000000000000000000000000009F
:1041200005DE000805DE000805DE000805DE0008E3
:1041300005DE000800000000000000000000000094
:1041400000000000000000000000000005DE000884
:1041500005DE00084DDD000805DE0008AD5600084C
:1041600005DE000805DE0008000000000000000079
:10417000000000000000000000000000000000003F
:104180000000000005DE0008000000000000000044
:0441900005DE000840
:1041A00010F8012B11F8013B012A28BF9A42F7D0E1
:1041B000D01A70470000000000000000000000005E
:1041C00001F0FF01102A2BDB10F0070F08D010F8C8
:1041D000013B013A8B422DD010F0070F42B3F6D1CC
:1041E000F0B441EA012141EA014122F007047FF0E5
:1041F00000070023F0E80256083C85EA010586EA3C
:10420000010685FA47F5A3FA87F586FA47F6A5FA77
:1042100087F68EB9EED1F0BC01F0FF0102F0070283
:1042200032B110F8013B013A83EA010313B1F8D12E
:104230000020704701387047002D06BF354603380F
:10424000073815F0010F07D1013015F4807F02BF48
:10425000013015F4C03F0130F0BC0138704700BF99
:10426000034613F8012B002AFBD1181A01387047B6
:1042700081F0004102E000BF83F0004330B54FEA17
:1042800041044FEA430594EA050F08BF90EA020F84
:104290001FBF54EA000C55EA020C7FEA645C7FEA17
:1042A000655C00F0E2804FEA5454D4EB5555B8BF3A
:1042B0006D420CDD2C4480EA020281EA030382EAAB
:1042C000000083EA010180EA020281EA0303362D3D
:1042D00088BF30BD11F0004F4FEA01314FF4801C10
:1042E0004CEA113102D0404261EB410113F0004F22
:1042F0004FEA03334CEA133302D0524263EB4303D9
:1043000094EA050F00F0A780A4F10104D5F1200E76
:104310000DDB02FA0EFC22FA05F2801841F10001D1
:1043200003FA0EF2801843FA05F359410EE0A5F1A5
:1043300020050EF1200E012A03FA0EFC28BF4CF0D6
:10434000020C43FA05F3C01851EBE37101F000458C
:1043500007D54FF0000EDCF1000C7EEB00006EEB99
:104360000101B1F5801F1BD3B1F5001F0CD3490823
:104370005FEA30004FEA3C0C04F101044FEA44527A
:1043800012F5800F80F09A80BCF1004F08BF5FEA01
:10439000500C50F1000041EB045141EA050130BDE1
:1043A0005FEA4C0C404141EB0101013C28BFB1F5F3
:1043B000801FE9D291F0000F04BF01460020B1FA3E
:1043C00081F308BF2033A3F10B03B3F120020CDA11
:1043D0000C3208DD02F1140CC2F10C0201FA0CF0EF
:1043E00021FA02F10CE002F11402D8BFC2F1200C54
:1043F00001FA02F120FA0CFCDCBF41EA0C0190400A
:10440000E41AA2BF01EB0451294330BD6FEA040452
:104410001F3C1CDA0C340EDC04F11404C4F120023D
:1044200020FA04F001FA02F340EA030021FA04F34F
:1044300045EA030130BDC4F10C04C4F1200220FAA6
:1044400002F001FA04F340EA0300294630BD21FAE4
:1044500004F0294630BD94F0000F83F4801306BFAA
:1044600081F480110134013D4EE77FEA645C18BF9E
:104470007FEA655C29D094EA050F08BF90EA020F35
:1044800005D054EA000C04BF1946104630BD91EA2D
:10449000030F1EBF0021002030BD5FEA545C05D130
:1044A0004000494128BF41F0004130BD14F580046F
:1044B0003CBF01F5801130BD01F0004545F0FE41E3
:1044C00041F470014FF0000030BD7FEA645C1ABF18
:1044D000194610467FEA655C1CBF0B46024650EA4F
:1044E000013406BF52EA033591EA030F41F400217B
:1044F00030BD00BF90F0000F04BF0021704730B501
:104500004FF4806404F132044FF000054FF00001D5
:1045100050E700BF90F0000F04BF0021704730B596
:104520004FF4806404F1320410F0004548BF40426B
:104530004FF000013EE700BF42004FEAE2014FEAC0
:1045400031014FEA02701FBF12F07F4393F07F4F9B
:1045500081F06051704732F07F4208BF704793F09E
:104560007F4F04BF41F40021704730B54FF46074B1
:1045700001F0004521F000411CE700BF50EA0102B4
:1045800008BF704730B54FF000050AE050EA01025D
:1045900008BF704730B511F0004502D5404261EBCD
:1045A00041014FF4806404F132045FEA915C3FF40E
:1045B000D8AE4FF003025FEADC0C18BF03325FEAAB
:1045C000DC0C18BF033202EBDC02C2F1200300FA5C
:1045D00003FC20FA02F001FA03FE40EA0E0021FA81
:1045E00002F11444BDE600BF70B54FF0FF0C4CF46F
:1045F000E06C1CEA11541DBF1CEA135594EA0C0F21
:1046000095EA0C0F00F0DEF82C4481EA030621EA5B
:104610004C5123EA4C5350EA013518BF52EA033596
:1046200041F4801143F4801338D0A0FB02CE4FF048
:104630000005E1FB02E506F00042E0FB03E54FF078
:104640000006E1FB03569CF0000F18BF4EF0010E70
:10465000A4F1FF04B6F5007F64F5407404D25FEA6C
:104660004E0E6D4146EB060642EAC62141EA55511F
:104670004FEAC52040EA5E504FEACE2EB4F1FD0C61
:1046800088BFBCF5E06F1ED8BEF1004F08BF5FEADF
:10469000500E50F1000041EB045170BD06F0004691
:1046A00046EA010140EA020081EA0301B4EB5C043E
:1046B000C2BFD4EB0C0541EA045170BD41F4801136
:1046C0004FF0000E013C00F3AB8014F1360FDEBF5B
:1046D000002001F0004170BDC4F10004203C35DA37
:1046E0000C341BDC04F11404C4F1200500FA05F3BA
:1046F00020FA04F001FA05F240EA020001F000425B
:1047000021F0004110EBD37021FA04F642EB0601D0
:104710005EEA430E08BF20EAD37070BDC4F10C04FA
:10472000C4F1200500FA04F320FA05F001FA04F2BE
:1047300040EA020001F0004110EBD37041F10001AA
:104740005EEA430E08BF20EAD37070BDC4F12005B5
:1047500000FA05F24EEA020E20FA04F301FA05F21D
:1047600043EA020321FA04F001F0004121FA04F2C5
:1047700020EA020000EBD3705EEA430E08BF20EA95
:10478000D37070BD94F0000F0FD101F000464000CF
:1047900041EB010111F4801F08BF013CF7D041EA51
:1047A000060195F0000F18BF704703F00046520055
:1047B00043EB030313F4801F08BF013DF7D043EA26
:1047C0000603704794EA0C0F0CEA135518BF95EADC
:1047D0000C0F0CD050EA410618BF52EA4306D1D163
:1047E00081EA030101F000414FF0000070BD50EA82
:1047F000410606BF1046194652EA430619D094EA0C
:104800000C0F02D150EA013613D195EA0C0F05D1F5
:1048100052EA03361CBF104619460AD181EA030149
:1048200001F0004141F0FE4141F470014FF0000001
:1048300070BD41F0FE4141F4780170BD70B54FF09C
:10484000FF0C4CF4E06C1CEA11541DBF1CEA13551C
:1048500094EA0C0F95EA0C0F00F0A7F8A4EB0504FE
:1048600081EA030E52EA03354FEA013100F08880F5
:104870004FEA03334FF0805545EA131343EA1263BE
:104880004FEA022245EA111545EA10654FEA002673
:104890000EF000419D4208BF964244F1FD0404F52C
:1048A000407402D25B084FEA3202B61A65EB030588
:1048B0005B084FEA32024FF480104FF4002CB6EB45
:1048C000020E75EB030E22BFB61A754640EA0C00C5
:1048D0005B084FEA3202B6EB020E75EB030E22BF05
:1048E000B61A754640EA5C005B084FEA3202B6EB46
:1048F000020E75EB030E22BFB61A754640EA9C0005
:104900005B084FEA3202B6EB020E75EB030E22BFD4
:10491000B61A754640EADC0055EA060E18D04FEA92
:10492000051545EA16754FEA06164FEAC30343EA32
:1049300052734FEAC2025FEA1C1CC0D111F4801FFF
:104940000BD141EA00014FF000004FF0004CB6E7F8
:1049500011F4801F04BF01430020B4F1FD0C88BF97
:10496000BCF5E06F3FF6AFAEB5EB030C04BFB6EBA2
:10497000020C5FEA500C50F1000041EB045170BD95
:104980000EF0004E4EEA113114EB5C04C2BFD4EBC2
:104990000C0541EA045170BD41F480114FF0000E46
:1049A000013C90E645EA060E8DE60CEA135594EAC2
:1049B0000C0F08BF95EA0C0F3FF43BAF94EA0C0FC5
:1049C0000AD150EA01347FF434AF95EA0C0F7FF43A
:1049D00025AF104619462CE795EA0C0F06D152EA8E
:1049E00003353FF4FDAE1046194622E750EA410672
:1049F00018BF52EA43067FF4C5AE50EA41047FF483
:104A00000DAF52EA43057FF4EBAE12E74FF0FF3CE7
:104A100006E000BF4FF0010C02E000BF4FF0010CB8
:104A20004DF804CD4FEA410C7FEA6C5C4FEA430C31
:104A300018BF7FEA6C5C1BD001B050EA410C0CBF80
:104A400052EA430C91EA030F02BF90EA020F0020E2
:104A5000704710F1000F91EA030F58BF994208BF49
:104A600090422CBFD8176FEAE37040F00100704706
:104A70004FEA410C7FEA6C5C02D150EA013C07D15D
:104A80004FEA430C7FEA6C5CD6D152EA033CD3D0A8
:104A90005DF8040B704700BF8446104662468C46A2
:104AA0001946634600E000BF01B5FFF7B7FF0028D5
:104AB00048BF10F1000F01BD4DF808EDFFF7F4FFFE
:104AC0000CBF012000205DF808FB00BF4DF808ED89
:104AD000FFF7EAFF34BF012000205DF808FB00BFAC
:104AE0004DF808EDFFF7E0FF94BF012000205DF8CE
:104AF00008FB00BF4DF808EDFFF7CEFF94BF012083
:104B000000205DF808FB00BF4DF808EDFFF7C4FF7B
:104B100034BF012000205DF808FB00BF4FEA410CC4
:104B20007FEA6C5C02D150EA013C0AD14FEA430CA7
:104B30007FEA6C5C02D152EA033C02D14FF00000E4
:104B400070474FF0010070474FEA410212F5001222
:104B500015D211D56FF47873B3EB625212D94FEAC4
:104B6000C12343F0004343EA505311F0004F23FAAE
:104B700002F018BF404270474FF00000704750EA03
:104B8000013005D111F0004008BF6FF000407047C0
:104B90004FF00000704700BF4A0011D212F500121A
:104BA00011D20DD56FF47873B3EB62520ED44FEA85
:104BB000C12343F0004343EA505323FA02F0704705
:104BC0004FF00000704750EA013002D14FF0FF3043
:104BD00070474FF0000070474FEA4102B2F1E043E6
:104BE00024BFB3F5001CDCF1FE5C0DD901F0004CD4
:104BF0004FEAC0024CEA5070B2F1004F40EB830024
:104C000008BF20F00100704711F0804F21D113F14F
:104C10003872BCBF01F00040704741F480114FEA88
:104C20005252C2F11802C2F1200C10FA0CF320FA11
:104C300002F018BF40F001004FEAC1234FEAD3232E
:104C400003FA0CFC40EA0C0023FA02F34FEA430398
:104C5000CCE77FEA625307D150EA01331EBF4FF021
:104C6000FE4040F44000704701F0004040F0FE403C
:104C700040F40000704700BF7BB972B90029BEBF85
:104C800000204FF0004106E008BF00281CBF6FF075
:104C900000414FF0FF3000F057B8ADF1080C6DE95E
:104CA00004CE002909DB002B1ADB0DF0E1FADDF858
:104CB00004E0DDE9022304B07047404261EB4101AA
:104CC000002B1BDB0DF0D4FADDF804E0DDE9022354
:104CD00004B0404261EB4101524263EB4303704731
:104CE000524263EB43030DF0C3FADDF804E0DDE963
:104CF000022304B0404261EB41017047524263EB32
:104D000043030DF0B5FADDF804E0DDE9022304B059
:104D1000524263EB4303704753B94AB9002908BFB5
:104D200000281CBF4FF0FF314FF0FF3000F00CB8EF
:104D3000ADF1080C6DE904CE0DF09AFADDF804E04F
:104D4000DDE9022304B07047704700BF0348044BFD
:104D5000834202D0034B03B118477047D4010020AF
:104D6000D4010020000000000548064B1B1AD90F93
:104D700001EBA301491002D0034B03B11847704760
:104D8000D4010020D40100200000000010B5064C22
:104D9000237843B9FFF7DAFF044B13B10448AFF3AC
:104DA00000800123237010BDD4010020000000000A
:104DB0009025010808B5054B1BB105490548AFF31F
:104DC0000080BDE80840FFF7CFBF00BF0000000033
:104DD000D8010020902501082DE9F04F8BB005ADDA
:104DE0000024059406940794089409940094524B67
:104DF0001A6B42F080021A631A6B02F08002009272
:104E0000009A01941A6B42F004021A631A6B02F0C2
:104E100004020192019A02941A6B42F001021A6391
:104E20001A6B02F001020292029A03941A6B42F08A
:104E300008021A631A6B02F008020392039A0494A0
:104E40001A6B42F002021A631B6B03F00203049315
:104E5000049B3A4F224649F21001384602F08CF882
:104E6000DFF8DC80224643F62061404602F084F8F9
:104E7000DFF8D0B022460421584602F07DF8DFF872
:104E8000C8A022461021504602F076F80126059669
:104E90004FF40413069307942946404601F0F4FEAC
:104EA00049F210030593069607940894294638465C
:104EB00001F0EAFE082305934FF00209CDF818909F
:104EC000079403230893072309932946384601F0E2
:104ED000DBFE43F620630593069607940894294663
:104EE000404601F0D1FE4FF00408CDF8148006963C
:104EF000079408942946584601F0C6FE10230593EE
:104F00000696079408942946504601F0BDFE2246B5
:104F10000521062002F030FB062002F03DFBCDF813
:104F200014800694CDF81C9008942946384601F068
:104F3000ABFE0BB0BDE8F08F00380240000002402D
:104F400000080240000C02400004024002681C4BB2
:104F50009A4232D070470133032BFBDC194A52F8D6
:104F60002310013142F8231052F8230003F10C0101
:104F7000154A02EB41029288904206D3114A002161
:104F800042F82310114A0121D154114A52F823103A
:104F9000013142F8231052F8230003F134010A4A88
:104FA00002EB4102D2889042D5D3094A002142F84F
:104FB0002310084A0121D154CDE70023CCE700BFDC
:104FC000004001406C0800206C07002068080020A9
:104FD000580800205408002000B583B072B6102194
:104FE000064801F0CFFF00230193019A044B9A4237
:104FF000F5D8019B01330193F7E700BF00000240A1
:105000007F841E0008B50A480A4B03600A4B4360C0
:1050100000238360C3604FF4804202614361836177
:10502000C361036200F0B0FF00B908BDFFF7D4FF11
:10503000FC03002000540040A086010010B592B08F
:1050400000241094119409940A940B940C940D94D8
:105050000E940F942022214601A80AF02EFB2C4822
:105060002C4B03600323436084604FF47A73C36066
:1050700004614461846102F00BFD00283AD1109074
:10508000119010A9224802F01DFF002834D160239E
:10509000099302460A900B900C900D900E900F9081
:1050A00009A91B4802F0B0FD40BB042209A9184819
:1050B00002F0AAFD20BB082209A9154802F0A4FDB0
:1050C00000BB0C2209A9124802F09EFDE0B9019034
:1050D00002900390049005904FF4005206920890BD
:1050E00001A90B4802F02CFF80B9094800F028FC08
:1050F00012B010BDFFF770FFFFF76EFFFFF76CFFF8
:10510000FFF76AFFFFF768FFFFF766FFFFF764FF2F
:10511000B40300200000014010B58CB003AC242281
:10512000002120460AF0C9FA002301930293124895
:105130004FF080420260436083604FF0FF32C260F4
:1051400003618361032303930122059204230793E0
:1051500009920B93214602F0C7FC40B901900290DE
:1051600001A9054802F0AEFE18B90CB010BDFFF75A
:1051700033FFFFF731FF00BF6C03002010B58CB088
:1051800003AC2422002120460AF097FA0023019361
:1051900002931148114A0260436083604FF6FF7228
:1051A000C2600361836103230393012205920423F8
:1051B000079309920B93214602F096FC40B90190A7
:1051C000029001A9044802F07DFE18B90CB010BD90
:1051D000FFF702FFFFF700FF240300200004004058
:1051E00010B58CB003AC2422002120460AF065FAE9
:1051F0000023019302931148114A026043608360C7
:105200004FF6FF72C260036183610323039301229F
:1052100005920423079309920B93214602F064FC44
:1052200040B90190029001A9044802F04BFE18B960
:105230000CB010BDFFF7D0FEFFF7CEFEDC02002061
:105240000008004010B58CB003AC24220021204699
:105250000AF033FA0023019302931148114A0260C5
:10526000436083604FF0FF32C260036183610323B8
:105270000393012205920423079309920B9321467D
:1052800002F032FC40B90190029001A9044802F0FA
:1052900019FE18B90CB010BDFFF79EFEFFF79CFE7B
:1052A00094020020000C004008B50A480A4B036035
:1052B0004FF4E133436000238360C3600361042241
:1052C00042618361C36102F09DFF00B908BDFFF731
:1052D00083FE00BF4C0200200044004008B509488E
:1052E000094B0360094B436000238360C360036183
:1052F0000C2242618361C36102F084FF00B908BDE2
:10530000FFF76AFE040200200014014080841E00A2
:1053100010B594B03022002108A80AF0CEF900237D
:105320000393049305930693079301933A4A116CF0
:1053300041F080511164116C01F08051019101998B
:10534000029336490B6823F4404343F400430B6057
:105350000B6803F440430293029B936803F00C0331
:10536000082B42D0012308934FF480330993022382
:105370000E934FF480030F93082310934FF4A873F8
:105380001193042312930723139308A801F038F90B
:10539000E0B1234B4FF001021A7008AC302200211B
:1053A00020460AF08AF90222089201230B93102367
:1053B0000C930E9210934FF4A8731193042312933D
:1053C00007231393204601F01BF908BB0F23039317
:1053D0000221049105904FF480520692079003A891
:1053E00001F07CFBB0B914B010BD936823F0030347
:1053F000936002F039F90446074B9B6813F00C0FD9
:10540000B0D002F031F9001B6428F5D9FFF7E4FDB4
:10541000FFF7E2FDFFF7E0FD0038024000700040BA
:10542000F401002008B502F0F9F84A4B4A4A9A60A4
:10543000BFF34F8FBFF36F8F62B6FFF769FF474827
:10544000474B0360042343604FF4FA73836003F017
:1054500079FA08B1FFF7C0FD424A936843F48053DC
:105460009360FFF7B9FCFFF7CDFDFFF7E7FDFFF70E
:1054700053FEFFF783FEFFF7B3FEFFF7E3FEFFF7F0
:1054800013FFFFF72BFF07F06BFC08F0C7F8364B54
:105490001B7833BB04F0FCF803F092FA03F090FCA5
:1054A00003F016FE04F01EFA06F07EF806F094FEF5
:1054B00007F0CAFA09212D4808F050FC2C4B1B7844
:1054C00013F0010F14D12B4B5B7C03F00F03012B66
:1054D00016D0032008F0BCF80921274808F03EFC4C
:1054E00026E0642309222549254802F0BBFED1E7C6
:1054F0002A21244808F032FC0A2008F0A9F8EBE73A
:10550000022008F0A5F8E7E70A2008F0A1F817E064
:1055100004F0AEFA04F0D4FA18E030BF02F0A4F8B8
:10552000194B1B689842F8D002F09EF8164B186091
:105530000A4803F035FA0E4B1B7813F0010FE3D144
:1055400008F0A6F808F064F80028E1D007F0CCFED7
:10555000E4E700BF00ED00E000400008F801002093
:1055600000300040002004E0F4010020C4250108C0
:10557000680700206C070020FC250108B8250108F9
:1055800004020020D0250108F0010020104B114A30
:105590001A6058604FF0E022D2F8281D9960D2F8C6
:1055A0002C1DD960D2F8341D1961D2F8382D5A61FA
:1055B000734613F0040F07D0EFF309829169044B8F
:1055C00099615269DA617047EFF30882F6E700BF2C
:1055D000607E0020FAADDE0030B585B0054672B6BB
:1055E00026E0019B01330193019A144B9A42F8D9AA
:1055F00001221021124801F0BFFC0023029302E0B7
:10560000029B01330293029A0C4B9A42F8D901345F
:10561000AC4207DA00221021094801F0ADFC00235A
:105620000193E1E700230393039A064B9A4201D9C1
:105630000024EDE7039B01330393F5E73F0D0300DF
:10564000000002407F841E00FEE708B50020FFF73F
:105650009DFF0120FFF7C0FF08B50120FFF796FF6F
:105660000220FFF7B9FF08B50220FFF78FFF0320E4
:10567000FFF7B2FF08B50320FFF788FF0420FFF70C
:10568000ABFF70477047704708B501F0E1FF08BDF8
:1056900008B5012001F080FC08BD000008B50248F3
:1056A00002F03AFF08BD00BF4C02002008B50248D6
:1056B00002F032FF08BD00BF0402002082B00021CA
:1056C00000910B4B5A6C42F480425A645A6C02F4BB
:1056D00080420092009A01911A6C42F080521A6442
:1056E0001B6C03F080530193019B02B0704700BF15
:1056F0000038024030B589B000230393049305932A
:10570000069307930268144B9A4201D009B030BD4A
:1057100000250195114C236B43F002032363236B97
:1057200003F002030193019B4FF440730393122390
:105730000493032306930423079303A9084801F065
:10574000A3FA0295236C43F400132364236C03F43F
:1057500000130293029BD9E7005400400038024036
:105760000004024008B50268094B9A4200D008BD07
:10577000084A136C23F4001313644FF48071064835
:1057800001F072FB4FF40071034801F06DFBEEE78E
:105790000054004000380240000402400268094BF7
:1057A0009A4200D0704782B000230193064B5A6C96
:1057B00042F001025A645B6C03F001030193019B08
:1057C00002B07047000001400038024070B58EB052
:1057D000002309930A930B930C930D930368B3F181
:1057E000804F0AD0504A93423DD0504A93425AD0FB
:1057F0004F4A934277D00EB070BD0024009403F559
:105800000E331A6C42F001021A641A6C02F00102A3
:105810000092009A01941A6B42F001021A631A6B0B
:1058200002F001020192019A02941A6B42F0020204
:105830001A631B6B03F002030293029B202309935C
:1058400002250A9501260D9609A93A4801F01CFA8D
:10585000082309930A950B940C940D9609A93648D0
:1058600001F012FAC7E700210391344B1A6C42F0A1
:1058700002021A641A6C02F002020392039A049163
:105880001A6B42F001021A631B6B03F001030493CD
:10589000049BC023099302230A930D9309A9254869
:1058A00001F0F2F9A7E700210591244B1A6C42F0B0
:1058B00004021A641A6C02F004020592059A069119
:1058C0001A6B42F002021A631B6B03F00203069389
:1058D000069BC023099302230A930D9309A9164836
:1058E00001F0D2F987E700210791144B1A6C42F0BE
:1058F00008021A641A6C02F008020792079A0891CB
:105900001A6B42F001021A631B6B03F00103089348
:10591000089B0323099302230A930D9309A90548C1
:1059200001F0B2F967E700BF000400400008004042
:10593000000C004000000240000402400038024019
:1059400000B587B00023019302930393049305935A
:1059500002680E4B9A4201D007B000BD00230093AD
:105960000B4B1A6B42F001021A631B6B03F001032D
:105970000093009B4FF47063019302230293012371
:10598000059301A9034801F07FF9E5E70000014014
:10599000003802400000024010B58AB004460023DF
:1059A000059306930793089309930268354B9A422F
:1059B00005D02268344B9A422DD00AB010BD002188
:1059C000019103F5FA331A6C42F400321A641A6C2E
:1059D00002F400320192019A02911A6B42F0010224
:1059E0001A631B6B03F001030293029B08230593C8
:1059F00002230693032308930723099305A9234849
:105A000001F042F900220521262001F0B5FD2620F3
:105A100001F0C2FDCDE70024039403F592335A6CE4
:105A200042F020025A645A6C02F020020392039A58
:105A30005A6A42F020025A625A6A22F020025A62DE
:105A400004941A6B42F004021A631B6B03F0040304
:105A50000493049BC0230593022306930123079319
:105A6000032308930823099305A9094801F00CF9B9
:105A700022460521472001F07FFD472001F08CFDE3
:105A80009BE700BF004400400014014000000240BA
:105A90000008024003685A6912F4806F01D10020A7
:105AA00070476FF480625A6100230363202280F8FC
:105AB0003D2080F83E30026C42F00402026480F81F
:105AC0003C30012070472DE9F04106460C46174650
:105AD00098463BE001F0C8FD069BC01A404502D83D
:105AE000B8F1000F32D1012D18D033689B6924EA38
:105AF00003039BB2B3FA83F35B099F4226D10023D1
:105B00003363202286F83D2086F83E30326C42F026
:105B10002002326486F83C30012027E033685B695C
:105B200024EA03039BB2B3FA83F35B09E5E7336826
:105B30005B6924EA030C1FFA8CFCBCFA8CFC4FEA6C
:105B40005C1C674511D1B8F1FF3FC3D1C4F30745D1
:105B5000012DECD033689B6924EA030C1FFA8CFCFE
:105B6000BCFA8CFC4FEA5C1CEBE70020BDE8F0813E
:105B70002DE9F04104460D461746984652E01A6852
:105B800042F400721A6023686FF480625A61002345
:105B90002363202284F83D2084F83E30226C42F0BA
:105BA0000402226484F83C30012049E001F05CFDED
:105BB0004346C01AB84201D8002F33D1012E17D066
:105BC00023689B6925EA03039BB2003B18BF0123AE
:105BD00043B300232363202284F83D2084F83E3021
:105BE000226C42F02002226484F83C30012027E03D
:105BF00023685B6925EA03039BB2003B18BF0123BE
:105C0000E6E723689B6925EA03039BB2003B18BFC4
:105C10000123A3B123685A6912F4806FAFD1B7F1A1
:105C2000FF3FC3D1C5F30746012EEAD123685B6964
:105C300025EA03039BB2003B18BF0123E9E718469E
:105C4000BDE8F08170B504460D46164623685B69D1
:105C500013F0800F21D12046FFF71CFFF8B9B5F1F2
:105C6000FF3FF3D001F000FD801BA84201D8002DBA
:105C7000ECD123685B6913F0800FE7D10023236325
:105C8000202284F83D2084F83E30226C42F020022D
:105C9000226484F83C30012000E0002070BD012027
:105CA000FCE70000F0B585B004460D4616461F46D9
:105CB0000368196841F4807119600B9B00930A9B7B
:105CC00000224FF00111FFF7FEFE60B9226805F0D7
:105CD000FE0313610B9B0A9A23492046FFF748FFF6
:105CE00060B1012008E023681B6813F4807F02D0B4
:105CF0004FF400732364032005B0F0BD03902368C4
:105D00005A6903929B690393039B0B9A0A99204655
:105D1000FFF798FF28B9012F0ED12368F2B21A615C
:105D2000EAE7236C042B01D00120E5E72268136821
:105D300043F400731360F7E7330A226813610B9A88
:105D40000A992046FFF77EFF18B92268F3B2136163
:105D5000D2E7236C042B01D00120CDE72268136821
:105D600043F400731360F7E702000100F0B585B05B
:105D700004460D4616461F460268136843F48063C6
:105D800013600268136843F4807313600B9B0093E5
:105D90000A9B00224FF00111FFF795FE60B92368BE
:105DA00005F0FE021A610B9B0A9A40492046FFF754
:105DB000DFFE60B1012008E023681B6813F4807FD8
:105DC00002D04FF400732364032005B0F0BD0390AC
:105DD00023685A6903929B690393039B0B9A0A9960
:105DE0002046FFF72FFF80B9012F19D12368F2B2A7
:105DF0001A610B9A0A992046FFF724FF00282DD03C
:105E0000236C042B24D00120DFE7236C042B01D06A
:105E10000120DAE72268136843F400731360F7E7A0
:105E2000330A226813610B9A0A992046FFF70AFF8A
:105E300018B92268F3B21361DBE7236C042B01D09D
:105E40000120C2E72268136843F400731360F7E788
:105E50002268136843F400731360D4E72268136860
:105E600043F4807313600B9B00930A9B02464FF030
:105E700001112046FFF727FE70B9226845F00103A3
:105E8000DBB213610B9B0A9A08492046FFF770FEAC
:105E900000289AD0012098E723681B6813F4807FBC
:105EA00002D04FF40073236403208EE70200010048
:105EB00070B504460D46164623685B6913F0040F5F
:105EC00021D12046FFF7E6FDF8B9B5F1FF3FF3D049
:105ED00001F0CAFB801BA84201D8002DECD1236839
:105EE0005B6913F0040FE7D100232363202284F8B9
:105EF0003D2084F83E30226C42F02002226484F877
:105F00003C30012000E0002070BD0120FCE770B5AE
:105F100004460D46164614E06FF010025A61002345
:105F20002363202284F83D2084F83E30226C2264D2
:105F300084F83C30012025E023685B6913F0400FB2
:105F400010D02368586910F0400F1AD1586910F02A
:105F5000100FE1D101F088FB801BA842ECD8002D86
:105F6000EFD1E9E700232363202284F83D2084F861
:105F70003E30226C42F02002226484F83C30012042
:105F800000E0002070BD0000002800F0DA8038B585
:105F9000044690F83D30002B51D0242384F83D3046
:105FA0002268136823F0010313602268136843F426
:105FB000004313602268136823F40043136000F069
:105FC00043FE6268614B9A423ED8614B98428CBF57
:105FD00000230123002B40F0B6805E49A1FB003175
:105FE0008B0CD4F800C0DCF8042022F03F0242EA17
:105FF0009142CCF8042021680A6A22F03F02DFF8BF
:106000004CC16568654525D8013313430B6221688F
:10601000CA6922F44F4222F0FF02D4F804C04B4B6D
:106020009C4522D8431E4FEA4C0CB3FBFCF30133D2
:1060300040F6FC70034254D0C3F30B0352E080F8E7
:106040003C30FFF757FBA8E7434B98428CBF002337
:106050000123BFE74FF4967C0CFB03F3DFF8FCC091
:10606000ACFB03C39B090133CFE7D4F808E0BEF1D2
:10607000000F1AD1431E0CEB4C05B3FBF5F30133B3
:10608000C3F30B03B3FA83F35B09002B57D1BEF1C3
:10609000000F19D1431E0CEB4C0CB3FBFCF3013386
:1060A000C3F30B0343F400431CE00CEB8C0303EB42
:1060B00083031D46431EB3FBF5F30133C3F30B0308
:1060C000B3FA83F35B09E0E7431E0CEB8C0C0CEB9B
:1060D0008C0CB3FBFCF30133C3F30B0343F44043D9
:1060E00000E004231A43CA6121680B6823F0C0034F
:1060F000E269206A024313430B6021688B6823F432
:10610000034323F0FF032269E068024313438B60DB
:106110002168CB6823F0FF036269A069024313433F
:10612000CB602268136843F00103136000202064F1
:10613000202384F83D30206384F83E0038BD0123DD
:10614000D0E7012070470120F8E700BFA0860100DA
:106150007F841E0083DE1B43FF083D00D34D621089
:10616000A8B110B50446242380F83D3002681368B6
:1061700023F001031360FFF7F5FA0020206484F890
:106180003D00206384F83E0084F83C0010BD0120EF
:10619000704700002DE9F04182B004460E461746D4
:1061A000984601F061FA94F83D20202A03D002209D
:1061B00002B0BDE8F08105460090192301224C4948
:1061C0002046FFF780FC002840F08B8094F83C309C
:1061D000012B00F08880012384F83C3023681A6882
:1061E00012F0010F03D11A6842F001021A6022680E
:1061F000136823F400631360212384F83D304023A7
:1062000084F83E3000232364089B6362BDF8243089
:106210006385638D2385374BE36201950A9B009369
:1062200043463A4631462046FFF73CFD00285CD104
:10623000238D002B36D02A460A992046FFF702FD0F
:10624000002824D1626A236812781A61626A531C9A
:106250006362218D013989B22185638D9BB2013B37
:106260009BB263852368586910F0040FE0D00029C1
:10627000DED052781A61636A01336362238D013B79
:106280002385638D9BB2013B9BB26385D0E7236C72
:10629000042B01D001208BE72268136843F40073BC
:1062A0001360F7E72A460A992046FFF701FE50B12E
:1062B000236C042B01D001207AE72268136843F491
:1062C00000731360F7E72268136843F400731360E8
:1062D000202384F83D30002384F83E3084F83C309D
:1062E00066E7022064E7022062E7012060E700BF62
:1062F000020010000000FFFF2DE9F04387B00446C4
:106300000F4690469946109E01F0AEF994F83D2054
:10631000202A05D002231F46384607B0BDE8F08387
:10632000054600901923012288492046FFF7CBFB40
:10633000002840F04D8194F83C30012B00F04B8157
:10634000012384F83C3023681A6812F0010F03D14E
:106350001A6842F001021A602268136823F400638D
:106360001360222384F83D30402384F83E3000231C
:1063700023640E9B6362BDF83C306385638D238587
:10638000734BE362019500964B46424639462046E0
:10639000FFF7ECFC0746002840F02081238D5BB915
:1063A000029323685A6902929A690292029A1A68C1
:1063B00042F400721A6075E0012B0AD0022B1AD049
:1063C0000023059323685A6905929B690593059BF1
:1063D00068E02268136823F480631360002303934A
:1063E00023685A6903929A690392039A1A6842F4DD
:1063F00000721A6056E02268136823F48063136009
:106400002268136843F40063136000230493236835
:106410005A6904929B690493049B43E02A463146DF
:106420002046FFF774FD002840F0DB8023681A69DE
:10643000636A1A70636A01336362238D013B2385AB
:10644000638D9BB2013B9BB263852BE00095334685
:10645000002240492046FFF736FB002840F0C48068
:106460002268136843F40073136023681A69636A2F
:106470001A70626A531C6362238D013B2385638D0E
:106480009BB2013B9BB2638523681B695370636AAF
:1064900001336362238D013B2385638D9BB2013BF6
:1064A0009BB26385238D002B00F08980032B53D88A
:1064B000012BB3D0022BC9D00095334600222549C9
:1064C0002046FFF700FB002840F091802268136807
:1064D00023F48063136023681A69636A1A70636A1D
:1064E00001336362238D013B2385638D9BB2013BA6
:1064F0009BB2638500953346024616492046FFF756
:10650000E2FA002876D12268136843F4007313601E
:1065100023681A69636A1A70626A531C6362238D66
:10652000013B2385638D9BB2013B9BB2638523684E
:106530001B695370636A01336362238D013B2385BA
:10654000638D9BB2013B9BB26385ABE702001000F9
:106550000000FFFF040001002A4631462046FFF7F5
:10656000D6FC002849D123681A69636A1A70636AE5
:1065700001336362228D013A92B22285638D9BB210
:10658000013B9BB263852368596911F0040F89D0E0
:10659000032A0FD023681A69636A1A70636A013389
:1065A0006362238D013B2385638D9BB2013B9BB2CC
:1065B000638577E71A6822F480621A60EAE720238D
:1065C00084F83D30002384F83E3084F83C30A3E664
:1065D00002231F46A0E602231F469DE601231F4615
:1065E0009AE601231F4697E601231F4694E60123FE
:1065F0001F4691E601231F468EE601231F468BE6C8
:10660000002800F0E48170B582B00446036813F0FE
:10661000010F3CD09C4B9B6803F00C03042B2DD046
:10662000994B9B6803F00C03082B22D06368B3F5E9
:10663000803F50D0B3F5A02F53D0934B1A6822F46B
:1066400080321A601A6822F480221A606368002B74
:1066500051D001F009F805468B4B1B6813F4003F3D
:1066600015D101F001F8401BB0F57A7FF4D9032071
:10667000B4E1854B5B6813F4800FD7D0824B1B6865
:1066800013F4003F03D06368002B00F0A28123685D
:1066900013F0020F55D07C4B9B6813F00C0F3FD0CA
:1066A000794B9B6803F00C03082B34D0E368002B74
:1066B00069D0764B01221A6000F0D6FF0546724B76
:1066C0001B6813F0020F55D100F0CEFF401B0228CB
:1066D000F5D9032082E16C4A136843F480331360D8
:1066E000B4E7694B1A6842F480221A601A6842F4CF
:1066F00080321A60AAE700F0B7FF0546624B1B68BC
:1067000013F4003FC3D000F0AFFF401BB0F57A7F19
:10671000F4D9032062E15C4B5B6813F4800FC5D1B0
:10672000594B1B6813F0020F03D0E368012B40F0B4
:106730005281554A136823F0F803216943EAC103E3
:106740001360236813F0080F42D063696BB34F4B9B
:106750000122C3F8802E00F087FF05464A4B5B6F8D
:1067600013F0020F34D100F07FFF401B0228F5D94F
:10677000032033E1444A136823F0F803216943EA14
:10678000C1031360DDE7414B00221A6000F06CFF8B
:1067900005463D4B1B6813F0020FD2D000F064FF9A
:1067A000401B0228F5D9032018E1384B0022C3F81A
:1067B000802E00F059FF0546334B5B6F13F0020F3C
:1067C00006D000F051FF401B0228F5D9032005E157
:1067D000236813F0040F79D02B4B1B6C13F0805FF0
:1067E00034D100230193284B1A6C42F080521A6472
:1067F0001B6C03F080530193019B01231E46244B25
:106800001B6813F4807F24D0A368012B35D0052B9F
:1068100040D01D4B1A6F22F001021A671A6F22F046
:1068200004021A67A368002B3ED000F01DFF054646
:10683000154B1B6F13F0020F47D100F015FF401BE3
:1068400041F288339842F3D90320C7E000231E4663
:10685000D5E70F4A136843F48073136000F004FF18
:1068600005460B4B1B6813F4807FCDD100F0FCFE76
:10687000401B0228F5D90320B0E0034A136F43F010
:1068800001031367CEE700BF003802400000474213
:1068900000700040584B1A6F42F004021A671A6FDA
:1068A00042F001021A67BDE700F0DEFE0546524BDA
:1068B0001B6F13F0020F08D000F0D6FE401B41F210
:1068C00088339842F3D9032088E0EEB9A369002BFE
:1068D00000F08380484A926802F00C02082A51D0E6
:1068E000022B17D0454B00221A6600F0BDFE04466D
:1068F000414B1B6813F0007F42D000F0B5FE001B37
:106900000228F5D9032069E03B4A136C23F0805339
:106910001364DBE7394B00221A6600F0A5FE05463A
:10692000354B1B6813F0007F06D000F09DFE401B26
:106930000228F5D9032051E0E369226A1343626A11
:1069400043EA8213A26A5208013A43EA0243E26A26
:1069500043EA0263284A5360284B01221A6600F07A
:1069600083FE0446244B1B6813F0007F06D100F021
:106970007BFE001B0228F5D903202FE000202DE02C
:1069800000202BE0012B2BD01B4B5B6803F4800114
:10699000E269914226D103F03F02216A8A4223D163
:1069A000616A47F6C0721A40B2EB811F1ED103F430
:1069B0004031A26A5208013AB1EB024F18D103F0FC
:1069C0007063E26AB3EB026F14D1002006E001208D
:1069D0007047012002E0012000E0184602B070BDBF
:1069E0000120FBE70120F9E70120F7E70120F5E7A7
:1069F0000120F3E70120F1E70038024000004742A0
:106A000008B5334B9B6803F00C03042B5BD0082BB9
:106A10005BD12F4B5A6802F03F025B6813F4800F82
:106A20002CD02B4B5868C0F388104FEA401CBCEBAD
:106A3000000C6EEB0E0E4FEA8E1343EA9C634FEA96
:106A40008C11B1EB0C0163EB0E03DB0043EA5173D5
:106A5000C90011EB000C43F10003590200234FEA77
:106A60004C2041EADC51FEF757F9194B5B68C3F340
:106A7000014301335B00B0FBF3F008BD144B5868D1
:106A8000C0F388104FEA401CBCEB000C6EEB0E0EFE
:106A90004FEA8E1343EA9C634FEA8C11B1EB0C0171
:106AA00063EB0E03DB0043EA5173C90011EB000CEA
:106AB00043F10003990200234FEA8C2041EA9C51E4
:106AC000FEF72AF9D1E70348D7E70348D5E700BF27
:106AD0000038024000127A000024F400002800F080
:106AE0009B8070B50D4604464F4B1B6803F00703AF
:106AF0008B4208D2CBB24C4A1370136803F00703E1
:106B00008B4240F08B80236813F0020F17D013F0F4
:106B1000040F04D0454A936843F4E053936023681C
:106B200013F0080F04D0414A936843F46043936024
:106B30003E4A936823F0F003A1680B4393602368F7
:106B400013F0010F32D06368012B21D09A1E012A65
:106B500025D9364A126812F0020F61D033498A688B
:106B600022F0030213438B6000F07EFD06462F4B9C
:106B70009B6803F00C036268B3EB820F16D000F041
:106B800073FD801B41F288339842F0D9032042E024
:106B9000264A126812F4003FE0D101203BE0234A6C
:106BA000126812F0007FD9D1012034E01E4B1B681F
:106BB00003F00703AB4207D9EAB21B4B1A701B68FC
:106BC00003F00703AB422DD1236813F0040F06D066
:106BD000164A936823F4E053E1680B4393602368FB
:106BE00013F0080F07D0114A936823F4604321691A
:106BF00043EAC1039360FFF703FF0C4B9B68C3F3A9
:106C000003130B4AD35CD8400A4B18600A4B186830
:106C100000F0DEFC002070BD012070470120FAE783
:106C20000120F8E70120F6E7003C0240003802406E
:106C3000D83A01080800002004000020014B186821
:106C4000704700BF0800002008B5FFF7F7FF044BAE
:106C50009B68C3F38223034AD35CD84008BD00BFBE
:106C600000380240D03A010808B5FFF7E7FF044BAF
:106C70009B68C3F34233034AD35CD84008BD00BFCE
:106C800000380240D03A010870B582B08E46002329
:106C900069E085684FEA430C032101FA0CF125EA0B
:106CA0000105DEF80C1001FA0CF1294381604168FE
:106CB00021EA0201DEF80420C2F300129A400A43DE
:106CC000426064E0D908083150F8212003F007053C
:106CD000AD004FF00F0C0CFA05FC22EA0C0CDEF8AC
:106CE0001020AA4042EA0C0240F8212066E004226B
:106CF00000E0002202FA0CF22A430231564D45F818
:106D00002120564A9168E24321EA0405DEF8046036
:106D100016F4801F01D044EA010550498D60C9680E
:106D200002EA0105DEF8046016F4001F01D044EA0F
:106D300001054A49CD60496802EA0105DEF80460B0
:106D400016F4003F01D044EA010544494D6009684A
:106D50000A40DEF8045015F4803F01D044EA0102F5
:106D60003E490A6001330F2B74D801229A40DEF8A5
:106D7000001001EA020432EA0101F3D1DEF8041046
:106D800001F0030C0CF1FF3CBCF1010F81D9DEF8DE
:106D9000042002F00302032A0AD0C1685D00032226
:106DA000AA4021EA0201DEF80820AA400A43C26094
:106DB000DEF8042002F00302022A83D001684FEAC1
:106DC000430C032202FA0CF221EA0201DEF804204D
:106DD00002F0030202FA0CF20A430260DEF8042019
:106DE00012F4403FBED0002201921D4A516C41F482
:106DF00080415164526C02F480420192019A9908D8
:106E00008D1C154A52F8255003F0030C4FEA8C0CE8
:106E10000F2202FA0CF225EA0205124A90423FF4D0
:106E200068AF02F5806290420ED002F58062904217
:106E30000CD002F5806290420AD002F58062904246
:106E40003FF455AF072255E7012253E7022251E7ED
:106E500003224FE702B070BD00380140003C014002
:106E6000003802400000024000230F2B7CD8F0B510
:106E70002DE0042500E0002505FA0CF5A54257D0C9
:106E800004685D004FF0030C0CFA05FC24EA0C04C6
:106E900004604FEAD30E0EF1080E50F82E4003F0B6
:106EA0000706B6000F25B54024EA050440F82E4039
:106EB000C46824EA0C04C460446824EA0202426004
:106EC000826822EA0C02826001330F2B4BD8012228
:106ED0009A4002EA010632EA0104F5D14FEA930E24
:106EE0000EF10205214C54F8254003F0030C4FEA43
:106EF0008C0C0F2505FA0CF73C401D4DA842BAD06A
:106F000005F58065A8420DD005F58065A8420BD037
:106F100005F58065A84209D005F58065A842A8D08E
:106F20000725A9E70125A7E70225A5E70325A3E78C
:106F3000104C256825EA06052560656825EA0605E2
:106F40006560E56825EA0605E560A56825EA0605A9
:106F5000A560064E0EF1020456F8245025EA0705F6
:106F600046F824508CE7F0BD704700BF0038014060
:106F700000000240003C01400AB1816170470904F1
:106F800081617047436901EA030221EA030141EA92
:106F9000024181617047000008B5054B5B690342FF
:106FA00000D108BD024B586105F026FFF9E700BF8C
:106FB000003C014010B5D0F800E0DEF800C02CF431
:106FC000802CCEF800C0046863608368402B04D036
:106FD000036899600368DA6010BD03689A6003680B
:106FE000D960F9E70368D9B210390A4AA2FB01C295
:106FF0001209DFF824C01CF80220C2655F2905D9F8
:107000006FF3090304338365806D70476FF30903E1
:107010008365F9E7ABAAAAAAC83A0108836A82691C
:1070200092B9012B0AD0022B02D00BB1002070477D
:10703000C36A13F0807F2CD100207047C36AB3F17C
:10704000C07F28D000207047B2F5005F09D0022B26
:107050002BD9032B2BD1C36A13F0807F29D10020B9
:107060007047022B19D00AD8CBB1012B05D1C36AC6
:1070700013F0807F15D10020704700207047032B4C
:1070800005D1C36AB3F1C07F0DD000207047002046
:107090007047012070470120704701207047012090
:1070A0007047012070470120704701207047002081
:1070B000704701207047000070B5044600F0D4FA14
:1070C000002C5CD00546022384F83530002384F878
:1070D00034302268136823F00103136023681A68B0
:1070E00012F0010F0AD000F0BFFA431B052BF5D9AF
:1070F00020236365032084F8350070BD1A68214998
:1071000011406268A0680243E068024320690243BC
:1071100060690243A0690243E0690243206A0243B6
:107120000A43616A04291FD01A6023681E465D69FC
:1071300025F00705636A1D43042B07D1A36A1D438D
:10714000E36A1BB12046FFF769FF90B975612046DD
:10715000FFF748FFE26D3F239340836000206065A6
:10716000012384F83530C8E7E16A206B01430A4304
:10717000DAE740236365012084F83500BDE701208C
:10718000BBE700BF3F8010F038B50446806D054670
:1071900094F8340001282AD0012084F8340094F8AF
:1071A0003500012804D0002384F83430022038BD93
:1071B000022084F83500002060652046FFF7FAFEC3
:1071C000E26D3F239340AB602268136843F01603DF
:1071D0001360236C23B12268136843F00803136023
:1071E0002268136843F0010313600020DFE70220E8
:1071F000DDE770B50446836D1E4600F035FA94F85D
:107200003530022B06D080236365002384F83430A8
:10721000012070BD05462268136823F01603136031
:107220002268536923F080035361236CE3B1226821
:10723000136823F0080313602268136823F0010326
:10724000136023681B6813F0010F11D000F00CFAD3
:10725000431B052BF5D920236365032084F83500F3
:10726000002384F83430D4E7A36C002BDFD1E3E7AC
:10727000E26D3F239340B360012384F83530002052
:1072800084F83400C5E790F83530022B03D0802312
:10729000436501207047052380F835300268136884
:1072A00023F001031360002070470000F0B583B0A5
:1072B000044600230193724B1D68724BA3FB0535F6
:1072C000AD0A876D3E68C26D08239340334210D0EB
:1072D00003681A6812F0040F0BD01A6822F0040237
:1072E0001A60C26D08239340BB60436D43F00103F5
:1072F0004365E26D01239340334209D0226852690D
:1073000012F0800F04D0BB60636D43F0020363652D
:10731000E26D04239340334209D02268126812F0D0
:10732000020F04D0BB60636D43F004036365E26D3C
:1073300010239340334224D02268126812F0080FC1
:107340001FD0BB6023681A6812F4802F0DD01B6811
:1073500013F4002F04D1236C9BB12046984710E012
:10736000A36C73B1204698470BE01A6812F4807F33
:1073700003D11A6822F008021A60236C0BB1204670
:107380009847E26D20239340334254D0226812681C
:1073900012F0100F4FD0BB6094F83530052B0ED093
:1073A00023681A6812F4802F33D01B6813F4002F5F
:1073B0002AD1636C002B3ED0204698473BE02268E0
:1073C000136823F0160313602268536923F08003C7
:1073D0005361236CA3B12268136823F00803136080
:1073E000E26D3F239340BB60012384F835300023D6
:1073F00084F83430236D002B3FD0204698473CE082
:10740000A36C002BE7D1EBE7E36BA3B120469847D1
:1074100011E01A6812F4807F09D11A6822F0100274
:107420001A60012384F83530002384F83430E36B8C
:107430000BB120469847636DFBB1636D13F0010FEC
:1074400017D0052384F835302268136823F0010330
:107450001360019B01330193AB4204D823681B687E
:1074600013F0010FF5D1012384F83530002384F89F
:107470003430E36C0BB12046984703B0F0BD00BF39
:1074800008000020B5814E1B82B0044B01221A6215
:10749000034B1B680193019B02B0704700000E4232
:1074A00000700040002807DB00F01F0240090123A4
:1074B0009340024A42F82030704700BF00E100E0EC
:1074C00000280CDB00F01F0240090123934020300C
:1074D000034A42F82030BFF34F8FBFF36F8F7047DE
:1074E00000E100E0002808DB0901C9B200F16040BA
:1074F00000F5614080F80013704700F00F000901AB
:10750000C9B2014B1954704714ED00E000B500F00A
:107510000700A0F1030CBCF1040F07D8C0F1070E5F
:107520000430062806D84FF0000C03E04FF0040E9C
:107530004FF0000C4FF0FF3303FA0EF021EA000188
:1075400001FA0CF103FA0CF322EA030241EA020009
:1075500000BD0000074AD36823F4E0631B041B0C42
:10756000000200F4E060034343F0BF6343F40033E0
:10757000D360704700ED00E010B50446054BD868B5
:10758000C0F30220FFF7C2FF01462046FFF7AAFF23
:1075900010BD00BF00ED00E008B5FFF783FF08BD98
:1075A00008B5FFF78DFF08BD0138B0F1807F0BD221
:1075B0004FF0E0235861054AF02182F823100020A3
:1075C000986107221A6170470120704700ED00E0C2
:1075D00010B504460E4B18680E4B1A784FF47A73A8
:1075E000B3FBF2F3B0FBF3F0FFF7DEFF68B90F2C4B
:1075F00001D901200AE0024621464FF0FF30FFF793
:10760000BBFF054B1C60002000E0012010BD00BF47
:1076100008000020000000200400002008B50B4BEB
:107620001A6842F400721A601A6842F480621A60A2
:107630001A6842F480721A600320FFF78BFF0F2054
:10764000FFF7C6FFFEF73AF8002008BD003C0240F5
:10765000034A1168034B1B780B441360704700BF4B
:107660005004002000000020014B1868704700BF44
:107670005004002038B50446FFF7F6FF0546B4F184
:10768000FF3F02D0044B1B781C44FFF7EDFF401B6B
:10769000A042FAD338BD00BF0000002010B5026A36
:1076A000036A23F001030362D0F804E0836923F046
:1076B00073030C6844EA030C22F002028B68134344
:1076C0000E4A90420AD00D4A90420ED0C0F804E013
:1076D000C0F818C04A684263036210BD23F0080373
:1076E000CA681A4322F00403EDE72EF4407E4A698B
:1076F00042EA0E028C6944EA020EE7E7000001400C
:1077000010B5036A026A22F480720262D0F804C0E3
:10771000C26922F073020C6844EA020E23F400737B
:107720008A6843EA02230F4A90420AD00D4A9042E7
:107730000FD0C0F804C0C0F81CE04A68C2630362FE
:1077400010BD23F40063CA6843EA022323F4806374
:10775000ECE72CF4405C4A694CEA021C8A694CEA6A
:10776000021CE6E70000014010B5036A026A22F439
:1077700080520262D0F804C0C26922F4E6420C686A
:1077800042EA042223F400538C6843EA0433DFF80E
:1077900020E0704506D0C0F804C0C2614A680264A7
:1077A000036210BD2CF4804C4C694CEA841CF2E757
:1077B000000001407047000090F83D30012B2FD1B0
:1077C000022380F83D300268D36843F00103D360A0
:1077D0000368154A934218D0B3F1804F15D0A2F533
:1077E0007C42934211D002F5806293420DD002F5A3
:1077F0008062934209D002F59A32934205D01A680A
:1078000042F001021A60002070479A6802F00702F5
:10781000062A07D01A6842F001021A600020704759
:1078200001207047002070470000014070477047FA
:107830007047704770B504460368DE681D6915F02F
:10784000020F10D016F0020F0DD06FF002021A6175
:107850000123037703689B6913F0030F5ED0FFF7E2
:10786000E6FF0023237715F0040F12D016F0040F63
:107870000FD023686FF004021A6102232377236874
:107880009B6913F4407F4FD02046FFF7D0FF0023C1
:10789000237715F0080F12D016F0080F0FD02368C9
:1078A0006FF008021A61042323772368DB6913F061
:1078B000030F40D02046FFF7BAFF0023237715F0CF
:1078C000100F12D016F0100F0FD023686FF01002B7
:1078D0001A61082323772368DB6913F4407F31D0D2
:1078E0002046FFF7A4FF0023237715F0010F02D0F5
:1078F00016F0010F2DD115F0800F02D016F0800F79
:107900002FD115F0400F02D016F0400F31D115F0F5
:10791000200F02D016F0200F33D170BDFFF786FF85
:107920002046FFF785FF9CE72046FFF77FFF2046B4
:10793000FFF77EFFABE72046FFF778FF2046FFF713
:1079400077FFBAE72046FFF771FF2046FFF770FF89
:10795000C9E723686FF001021A612046FDF7F6FAC5
:10796000C9E723686FF080021A61204600F012FB1D
:10797000C7E723686FF040021A612046FFF759FFFE
:10798000C5E723686FF020021A61204600F001FB72
:10799000C3E700000368274A90420ED0B0F1804F41
:1079A0000BD0A2F57C42904207D002F58062904253
:1079B00003D002F58062904203D123F070034A683D
:1079C00013431C4A90421AD0B0F1804F17D0A2F551
:1079D0007C42904213D002F5806290420FD002F5B3
:1079E000806290420BD002F59A32904207D002F5A5
:1079F0008062904203D002F58062904203D123F46A
:107A00004073CA68134323F080034A6913438A68AA
:107A1000C2620A688262074A904207D0026842F056
:107A20000402026001224261036070470A69026336
:107A3000F4E700BF0000014040B310B5044690F8E1
:107A40003D30F3B1022384F83D30214651F8040B58
:107A5000FFF7A0FF012384F8463084F83E3084F815
:107A60003F3084F8403084F8413084F8423084F864
:107A7000433084F8443084F8453084F83D300020A9
:107A800010BD80F83C30FFF795FEDBE70120704722
:107A900040B310B5044690F83D30F3B1022384F8AA
:107AA0003D30214651F8040BFFF774FF012384F8A1
:107AB000463084F83E3084F83F3084F8403084F813
:107AC000413084F8423084F8433084F8443084F8FC
:107AD000453084F83D30002010BD80F83C30FDF783
:107AE0005DFEDBE701207047002855D070B50D46DC
:107AF000044690F83D30002B49D0022384F83D30F5
:107B00002268936823F4804323F00703936021469F
:107B100051F8040BFFF73EFF21688B688A69D1F8A2
:107B200020C02868184322F4407222F00302AB6898
:107B3000AE6943EA0623134323F47C4323F0FC039A
:107B4000EA68EE6942EA06221A432B6A1B032E6991
:107B500043EA061313432CF0AA0C6A686D6942EAE3
:107B6000051242EA0C02886021688B6123681A6260
:107B7000012384F8463084F83E3084F83F3084F89E
:107B8000423084F8433084F83D30002070BD80F8E6
:107B90003C30FDF71BFEB0E70120704710B5036ACB
:107BA000026A22F010020262D0F804C0826922F454
:107BB000E6420C6842EA042223F020038C6843EA80
:107BC0000413DFF840E070450AD0DFF838E0704574
:107BD0000ED0C0F804C082614A688263036210BD9F
:107BE00023F08003CC6843EA041323F04003ECE75E
:107BF0002CF4406C4C694CEA840C8C694CEA840C83
:107C0000E7E700BF0000014038B590F83C30012B99
:107C100069D00446012380F83C30082A4ED01BD896
:107C2000002A33D0042A15D10D460068FFF7B6FFAD
:107C30002268936943F4006393612268936923F493
:107C40008063936122689369296943EA0123936100
:107C500000202FE018462DE00C2A15D10D460068B3
:107C6000FFF782FD2268D36943F40063D361226881
:107C7000D36923F48063D3612268D369296943EA15
:107C80000123D361002015E0012013E00D460068B8
:107C9000FFF704FD2268936943F0080393612268AB
:107CA000936923F0040393612268936929690B4364
:107CB00093610020002384F83C3038BD0D460068F5
:107CC000FFF71EFD2268D36943F00803D3612268E1
:107CD000D36923F00403D3612268D36929690B4374
:107CE000D3610020E6E70220E7E701F01F014FF033
:107CF000010C0CFA01FC036A23EA0C030362036A19
:107D00008A4013430362704710B5044608460029B1
:107D100031D194F83E30013B18BF0123002B60D1D4
:107D200000283ED1022384F83E300122014620681B
:107D3000FFF7DBFF23682D4A934242D023682B4A8A
:107D4000934243D0B3F1804F40D0A2F57C4293429E
:107D50003CD002F58062934238D002F580629342B3
:107D600034D002F59A32934230D01A6842F00102C0
:107D70001A60002034E0042907D008290BD094F8B9
:107D80004130013B18BF0123C8E794F83F30013B65
:107D900018BF0123C2E794F84030013B18BF01230C
:107DA000BCE7042805D0082807D0022384F8413016
:107DB000BBE7022384F83F30B7E7022384F8403062
:107DC000B3E75A6C42F400425A64B7E79A6802F08B
:107DD0000702062A07D01A6842F001021A60002042
:107DE00010BD0120FCE70020FAE700BF00000140C1
:107DF00010B5044690F83E00C0B294F83F3094F8B5
:107E00004220D2B294F843C08E46C9B901284CD161
:107E1000012A4BD1022384F83E3084F84230BEF16F
:107E2000000F30D0BEF1040F39D0012200212068AC
:107E3000FFF75BFF012204212068FFF756FF27E0D0
:107E4000DBB25FFA8CFC042912D0012833D1012B5C
:107E50002CD1012A31D1BCF1010F30D1022384F899
:107E60003E3084F83F3084F8423084F84330D6E71F
:107E7000012B1CD1BCF1010F1BD1022384F83F3030
:107E800084F84330CBE7012271462068FFF72DFFCD
:107E90002268136843F001031360002006E001220A
:107EA00004212068FFF721FFF2E7012010BD012027
:107EB000FCE71846FAE70120F8E71846F6E710460F
:107EC000F4E7000090F83C20012A35D000B50346C5
:107ED000012280F83C20022280F83D200268506890
:107EE000D2F808E020F0700C086840EA0C005060FE
:107EF0001A681248824212D0B2F1804F0FD0A0F51A
:107F00007C4082420BD000F58060824207D000F5B1
:107F10008060824203D000F59A30824205D12EF073
:107F2000800E496841EA0E019160012283F83D20EC
:107F3000002083F83C0000BD022070470000014093
:107F4000024690F83C30012B21D0012380F83C30D0
:107F5000CB6823F440738868034323F48063486844
:107F6000034323F400630868034323F48053086940
:107F7000034323F400534869034323F48043C9694E
:107F80000B4311684B64002082F83C0070470220CC
:107F9000704770477047026802F10C0353E8003FD6
:107FA00023F0C0030C3242E800310029F3D1202332
:107FB00080F841307047026802F10C0353E8003F3B
:107FC00023F490730C3242E800310029F3D10268A7
:107FD00002F1140353E8003F23F00103143242E896
:107FE00000310029F3D1036B012B05D0202380F849
:107FF0004230002303637047026802F10C0353E828
:10800000003F23F010030C3242E800310029F3D185
:10801000ECE790F84130212B01D0022070478368B3
:10802000B3F5805F17D0036A5A1C02621A7803689E
:108030005A60C38C9BB2013B9BB2C3844BB90268AC
:10804000D36823F08003D3600268D36843F0400311
:10805000D360002070470369002BE4D1036A1B88BA
:108060000268C3F308035360036A02330362E0E764
:1080700010B504460268136923F44053C1680B43EA
:108080001361836802691A4343691A43C3691A4337
:108090000168CB6823F4164323F00C031343CB6031
:1080A0000268536923F4407381690B435361036889
:1080B000314A934206D002F58062934202D0FEF725
:1080C000C3FD01E0FEF7D0FDE369B3F5004F29D011
:1080D0000021031849411B1841F10001C90041EA80
:1080E0005371DB00181863684FEA83024FEA9373F9
:1080F00041F10001FCF710FE204AA2FB00314909C2
:10810000642303FB11031B013233A2FB03235B092E
:1081100003F0F00202EB011203F00F032168134495
:108120008B6010BD0023021843EB0301121841F1CC
:108130000001C90041EA5271D200101841F100015A
:10814000626892185B41FCF7E7FD0C4AA2FB003124
:108150004909642303FB1103DB003233A2FB032331
:108160005B095A0002F4F87202EB011203F00703F4
:10817000216813448B60D4E7001001401F85EB5148
:108180002DE9F04182B004460D4616469846089FF8
:1081900023681B6835EA03030CBF4FF0010C4FF056
:1081A000000CB44526D1B7F1FF3FF1D0FFF75CFAE0
:1081B0004346C01AB84221D817B32368DA6812F0D0
:1081C000040FE5D0802DE3D0402DE1D01A6812F0E5
:1081D000080FDDD0002501951A6801925B680193B4
:1081E000019B2046FFF7E7FE0823636484F84050B4
:1081F000012000E0002002B0BDE8F0810320FAE792
:108200000320F8E760B310B5044690F8413013B38B
:10821000242384F841302268D36823F40053D360C8
:108220002046FFF725FF2268136923F4904313616A
:108230002268536923F02A0353612268D36843F408
:108240000053D36000206064202384F8413084F818
:108250004230606310BD80F84030FDF79DFBD7E7EA
:10826000012070472DE9F04184B01E4690F841305E
:10827000202B57D104460D46002957D003920AB946
:10828000012050E000234364212380F84130FFF7B0
:10829000EBF90746039BA384E384A368B3F5805FEF
:1082A00002D00023984616E023693BB3002398468A
:1082B00011E0202384F84130032034E0424632F8B4
:1082C000023B90462268C3F308035360E28C92B2EB
:1082D000013A92B2E284E38C9BB293B100963B46A2
:1082E000002280212046FFF74BFF0028E1D1002D1E
:1082F000E4D015F8012B23685A60E7E7A8461D462D
:10830000E9E700963B46002240212046FFF738FF70
:1083100018B9202384F8413005E0202384F8413047
:10832000032000E0022004B0BDE8F0810120FAE75C
:1083300010B5044603685B6990F84120212A09D0F2
:1083400023685B6903F0400394F84220222A19D085
:10835000002010BD03F08003002BF1D0226802F151
:10836000140353E8003F23F08003143242E8003145
:108370000029F3D1A06B08B1FEF73BFF2046FFF7C1
:108380000AFEDDE7002BE3D0226802F1140353E874
:10839000003F23F04003143242E800310029F3D1BA
:1083A000E06B08B1FEF725FF2046FFF704FECFE79C
:1083B000704708B50168CA6822F04002CA602022EE
:1083C00080F84120FFF7F4FF002008BD7047704798
:1083D000704710B5846B23685B6994F84120212AAB
:1083E0000FD023685B6903F0400394F84220222AEF
:1083F00011D0636C43F0100363642046FFF7E8FF7D
:1084000010BD03F08003002BEBD00023E384204653
:10841000FFF7C1FDE5E7002BEBD00023E385204605
:10842000FFF7C9FDE5E708B5806B0023C385FFF7BB
:10843000CFFF08BD704790F84230222B67D1836888
:10844000B3F5805F4DD0826AB3F5805F04D0002B16
:1084500054D10369002B51D103685B681370836AA0
:1084600001338362C38D9BB2013B9BB2C385002B5A
:108470004FD100B583B00268D36823F02003D360E6
:108480000268D36823F48073D3600268536923F0D1
:1084900001035361202380F8423000234363036BC0
:1084A000012B31D100230363026802F10C0353E86E
:1084B000003F23F010030C3242E800310029F3D1D1
:1084C00003681A6812F0100F05D001911A68019222
:1084D0005B680193019B818DFFF7ACFF002003B027
:1084E00000BD0269002AAED1826A03685B68C3F3EB
:1084F00008031380836A02338362B3E703685B680F
:1085000003F07F031370AAE7FFF760FFE6E702209E
:10851000704700207047000010B582B00446026822
:108520001368D068516913F00F0F09D113F0200FB1
:108530000CD010F0200F09D02046FFF77CFF16E08A
:1085400011F0010115D110F4907F12D1216B012996
:1085500079D013F0800F03D010F0800F40F01F810E
:1085600013F0400F03D010F0400F40F01C8102B018
:1085700010BD13F0010F06D010F4807F03D0626CA1
:1085800042F00102626413F0040F04D019B1626C6E
:1085900042F00202626413F0020F04D019B1626C5F
:1085A00042F00402626413F0080F07D010F0200FAD
:1085B00000D119B1626C42F008026264626C002A58
:1085C000D5D013F0200F02D010F0200F29D123684E
:1085D0005B6903F04003626C12F0080F00D163B3D3
:1085E0002046FFF7E8FC23685B6913F0400F20D0BA
:1085F000226802F1140353E8003F23F040031432D1
:1086000042E800310029F3D1E36B73B1684A1A657F
:10861000E06BFEF738FE0028A9D0E06B036D9847A9
:10862000A5E72046FFF707FFD1E72046FFF7D0FE7A
:108630009DE72046FFF7CCFE99E72046FFF7C8FEEE
:108640000023636493E713F0100F82D010F0100F33
:108650003FF47FAF002301931368019353680193A4
:10866000019B536913F0400F5ED0E26B13685B68A7
:108670009BB2002B49D0A18D994246D9E385D3699D
:10868000B3F5807F36D0226802F10C0353E8003F37
:1086900023F480730C3242E800310029F3D12268C0
:1086A00002F1140353E8003F23F00103143242E8BF
:1086B00000310029F3D1226802F1140353E8003F8E
:1086C00023F04003143242E800310029F3D1202383
:1086D00084F842302163226802F10C0353E8003F22
:1086E00023F010030C3242E800310029F3D1E06B93
:1086F000FEF77FFD02236363A18DE38D9BB2C91A50
:1087000089B22046FFF796FE31E7A18D99427FF4AA
:108710002EAFD369B3F5807F7FF429AF0223636363
:108720002046FFF787FE22E7A18DE38D9BB2C91A91
:1087300089B2E38D9BB2002B3FF419AF00293FF4BF
:1087400016AF226802F10C0353E8003F23F4907344
:108750000C3242E800300028F3D1226802F1140301
:1087600053E8003F23F00103143242E800300028B0
:10877000F3D1202384F842302063226802F10C03F5
:1087800053E8003F23F010030C3242E80030002889
:10879000F3D1022363632046FFF74CFEE7E6204651
:1087A000FFF737FCE3E62046FFF703FEDFE600BFF6
:1087B0002784000808B5806B01234363036B012BFA
:1087C00002D0FFF704FE08BD818D4908FFF732FE95
:1087D000F9E708B50346806B1B681B6813F4807FBC
:1087E0002BD10023C385026802F10C0353E8003F3C
:1087F00023F480730C3242E800310029F3D102687F
:1088000002F1140353E8003F23F00103143242E85D
:1088100000310029F3D1026802F1140353E8003F4C
:1088200023F04003143242E800310029F3D1202321
:1088300080F84230036B012B07D000234363036BA6
:10884000012B0FD0FFF7C2FD08BD026802F10C0337
:1088500053E8003F23F010030C3242E800310029B6
:10886000F3D1EAE7818DFFF7E5FDEDE730B583B0A1
:10887000044613468162828500224264222084F8E5
:1088800042002448E56BE8632348E56B28642348ED
:10889000E56BE864E06B026520680A46011DE06B49
:1088A000FEF772FC00282ED1019023681A6801920D
:1088B0005B680193019B23695BB1226802F10C03A1
:1088C00053E8003F43F480730C3242E80031002942
:1088D000F3D1226802F1140353E8003F43F001038F
:1088E000143242E800310029F3D1226802F1140366
:1088F00053E8003F43F04003143242E800310029BE
:10890000F3D103B030BD10236364202384F84230D8
:108910000120F6E7D3870008B5870008D383000855
:1089200008B590F84230202B08D149B10AB901208E
:1089300008BD00230363FFF799FFF9E70220F7E77B
:108940000120F5E750B338B5044603684CF6CC4235
:108950001A60036845F255521A60036842685A600B
:10896000036882689A60FEF77FFE05462368DA682E
:1089700012F0030F0DD0FEF777FE401B41F6010306
:108980009842F3D92368DB6813F0030FEED003207D
:1089900003E04AF6AA221A60002038BD0120704781
:1089A00003684AF6AA221A6000207047034AD2F8E8
:1089B000883043F47003C2F88830704700ED00E05F
:1089C00010B5094C00212046FFF79EF904212046EE
:1089D000FFF79AF908212046FFF796F90C21204667
:1089E000FFF792F910BD00BFB403002003285AD846
:1089F000F8B504460D46B1F57A7F04DC11F57A7FAF
:108A000003DA294D01E04FF47A75284BDB7C6200D4
:108A1000134103F001021646002D1DDB244B04EB2D
:108A2000840003EB80010F4682F00102898853F82D
:108A30002000FEF7A1FA3246B989B868FEF79CFA21
:108A400004EB84041A4B03EB84031B69C3B9194B71
:108A50001B68ADB25D63F8BD154B04EB840003EBFE
:108A600080061746B18853F82000FEF785FA87F094
:108A70000102B189B068FEF77FFA69420DB2DFE703
:108A8000042B06D0082B09D00A4B1B68ADB21D641D
:108A9000E1E7084B1B68ADB29D63DCE7054B1B6843
:108AA000ADB2DD63D7E7704718FCFFFF6C0700200D
:108AB000E83A0108B4030020224B034493F8D23073
:108AC000002B3BD08446202B25D8012B38D910B55C
:108AD0001D4A12F80CE01D4A12F80C20734500D212
:108AE0009E469E4503D20EF1010E5FFA8EFE164899
:108AF00000F80CE002EB4C14154840F82410013249
:108B000092FBF3F103FB1122104B03F80C2000231E
:108B1000184619460BE02023D9E703EB4C140C4A06
:108B200052F82420101841EBE2710133DBB29E456C
:108B3000F3D872460023FCF79FF810BD0846704733
:108B4000084670476C070020880400208C04002031
:108B5000900400200346114A024492F8D220C2B188
:108B6000632A0FD8012A16D90D4850F8230000B9FE
:108B700051B9091A013291FBF2F10844084A42F84E
:108B8000230070476322EFE7054A42F823100846A6
:108B90007047084670470846704700BF6C070020C2
:108BA00078040020374B034493F8D230002B64D074
:108BB0000246202B22D8012B61D910B5A0B0324833
:108BC00010F802C03148805C634500D29C469C4549
:108BD00003D20CF1010C5FFA8CFC2B4C04F802C0A0
:108BE00000EB421E2A4C44F82E10411C91FBF3F07E
:108BF00003FB1011254B995400230DE02023DCE7E3
:108C000003EB4210224951F8200020A901EB830117
:108C100041F8800C0133DBB29C45F1D8002420469A
:108C20000CF1FF339C421FDA0134E4B2234601E029
:108C30000133DBB29C45F2D920AA02EB800252F844
:108C4000802C20A901EB830151F8801C8A42EFDDC2
:108C50000DF1800E0EEB800E4EF8801C20A901EB6A
:108C6000830141F8802CE3E7CCF3470320AA02EB11
:108C7000830353F8800C20B010BD084670470846A7
:108C8000704700BF6C070020880400208C0400207F
:108C9000900400200346032828D8154A125C7AB1B4
:108CA000144A52F820201268506A134AD27C5B00A2
:108CB000013342FA03F313F0010F18D0404270471A
:108CC0000C4A52F820201268516A89B20B4830F8D9
:108CD00013208A1A20F81310094951F8230000FACA
:108CE00082F241F8232051F82300DEE7002070478C
:108CF000383B01083C3B01086C070020D0060020EF
:108D0000D8060020032803D8024B53F820007047F0
:108D10000020704790060020032803D8024B53F828
:108D20002000704700207047A0060020032807D8C5
:108D30000023044A1354044A1354044A42F82030CE
:108D4000704700BF8C0400208804002078040020B5
:108D5000032820D80023104A42F820300F4A22F876
:108D600010300F4A42F820300E4A42F820300E4AA6
:108D700042F820300D4A42F820304FF000010C4AF2
:108D800011540C4A13540C4A42F820300B4A52F842
:108D90002020126853627047D8060020D0060020B9
:108DA000C0060020B0060020A0060020900600208B
:108DB0008C04002088040020780400203C3B01083B
:108DC00030B58BB02422002101A806F076FC0323E5
:108DD000019301220392042305930792099300242F
:108DE0002AE00023164A42F82430164A22F81430AA
:108DF000154A42F82430154A42F82430144A42F801
:108E00002430144A42F824304FF00001124A115520
:108E1000124A1355124A42F82430124B53F8245088
:108E200001A92846FEF760FEE0B2FFF791FF3C2162
:108E30002846FEF7DDFF0134032CD2DD0BB030BD38
:108E4000D8060020D0060020C0060020B006002072
:108E5000A0060020900600208C040020880400203A
:108E6000780400203C3B0108032800D9704770B506
:108E70000446FEF7F9FB05462046FFF70BFF0646C2
:108E8000774B53F82430E91A002B64D0002971D0B5
:108E9000744B53F82400301A04F10802724B03EBB0
:108EA00042039B88714A125D62B9DFF8C8C14CF871
:108EB0002420DFF8C4C14CF824206C4A4FF0010C88
:108EC00002F804C0DFF8ACC15CF8242002444CF87E
:108ED0002420DFF8A4C15CF8240008444CF82400E6
:108EE0004FEA830C624981FB0CE18910BCF1130F3E
:108EF00000DC022103F1FF3C1FFA8CFCBCF1620F85
:108F00005BD9C3B34FEAE27E4FEA4E1C4CEAD26C07
:108F10005101891A6CEB0E0C4FEA8C0C4CEA917CD7
:108F200089008A184EEB0C0E4FEA0E1C4CEA127C9C
:108F30001101891A6CEB0E0C4FEA4C1CA3FB0003C9
:108F40009B00820043EA907348014CEAD161FBF731
:108F500093FE014610E0434B43F82400404B43F896
:108F600024500023434A42F82430434A42F8243034
:108F70003E4A135570BD194600233E4A42F824303C
:108F80003D4A42F824303D4B43F82410364BB3F8A9
:108F9000D030A200134103F00F0213F00C0F54D194
:108FA000022A44D0032A49D0012A4ED12046FFF795
:108FB00083FD334B43F824004AE0312805D882EA88
:108FC000E27CACEBE27C8C4542DB4FEAE27E4FEA8E
:108FD0004E1C4CEAD26C5101891A6CEB0E0C4FEA14
:108FE0008C0C4CEA917C89008A184EEB0C014FEAFC
:108FF000011C4CEA127C4FEA021EBEEB020E6CEB27
:1090000001014901A3FB00039B00820043EA907326
:109010004FEA4E1041EADE61FBF72EFE0146154B8A
:10902000002243F82420144B43F82420ABE72046C9
:10903000FFF790FD124B43F8240009E02046FFF7AC
:10904000B1FD0F4B43F8240002E00D4B43F8241010
:10905000044B43F82460024B43F824508AE700BFD6
:10906000B0060020C00600206C0700205404002039
:10907000676666666804002058040020A006002089
:1090800090060020002300E00133032B17DC0C4A7C
:10909000D25C002AF8D10B4A52F823201268516A98
:1090A00089B2094830F813208A1A20F813100749AA
:1090B00051F8230000FA82F241F82320E4E77047D8
:1090C000383B01083C3B0108D0060020D8060020B0
:1090D000002209E002EB4201054B03EB8103002172
:1090E0001960596099600132032AF3DD704700BFAF
:1090F00038070020032800F2AE8000B5574B03EB81
:109100000012D2F82E1007EE101AD2F832E0C21C6C
:1091100003EB0212D2F806C0D2F80A2000F11001C7
:1091200003EB4101C98807EE901AF8EE677A70EEFA
:10913000600A9B8C81000B4103F00F03012B56D07A
:1091400000EB4001464B03EB8103D3ED006A76EE62
:10915000A06AC3ED006A06EE102AF4EEC66AF1EECC
:1091600010FA03DD3E4B03EB81031A6000EB400174
:109170003B4B03EB810393ED006A06EE902AF1EE80
:10918000666AB4EEE66AF1EE10FA04D5344B03EBEE
:109190008103C3ED006A324B00EB400203EB820215
:1091A000D2ED016A70EEE66AC2ED010A27EE207A7E
:1091B00092ED006A05EE90EA26EE256A37EE067A11
:1091C00006EE10CA66EE266A37EE267AF4EEC77A05
:1091D000F1EE10FA01D5B0EE677AB1EE670AB4EE9F
:1091E000C70AF1EE10FA01DCB0EE470A00BD1C4AD6
:1091F00000EB400302EB830393ED016A70EEC66A55
:1092000026EE877A06EE90EA66EEA06A37EE267AB8
:1092100076EE066A70EEE66AD3ED025A76EEA56A3D
:1092200005EE90CA66EEA56A37EE267A83ED026AED
:10923000C3ED010AF4EEC77AF1EE10FA01D5B0EEF3
:10924000677AB1EE670AB4EEC70AF1EE10FACDDC28
:10925000B0EE470ACAE79FED030A70476C0700208B
:109260003807002000000000032808D8044B00EB5A
:10927000400203EB8202002111605160916070474F
:109280003807002000230EE0084A02EBC302002149
:109290001160516003EB4300054A02EB800211604C
:1092A000516091600133032BEEDD704718070020F9
:1092B000E8060020032800F2DE8000B56F4B03EBC8
:1092C0000012916F07EE101AD2F87CE000F108024C
:1092D000110103EB0212595805EE101A00F12E018C
:1092E00053F8211007EE901A5168B3F876204FEA30
:1092F000800C42FA0CF202F00F0200F1640C33F819
:109300001C3073B900F1080C5C4B03EB4C03B3F851
:1093100004C04FEA8C03BCF1000F03D1B7EE006A22
:1093200008E09B0006EE903AF8EEE66ADFED545A4C
:1093300085EEA66A66EE206A30EE660A012A4ED0F5
:10934000504B03EBC003D3ED006A76EE806AC3EDA9
:10935000006A06EE101AF4EEC66AF1EE10FA03DDAA
:10936000484B03EBC0031960464B03EBC00393ED7E
:10937000006A06EE901AF1EE666AB4EEE66AF1EE65
:1093800010FA04D53F4B03EBC003C3ED006A3D4B1D
:1093900003EBC003D3ED016A70EE666A83ED010A48
:1093A00027EE007A93ED006A05EE90EA26EE256A34
:1093B00037EE067A65EE266A37EE267AF4EEC77A3D
:1093C000F1EE10FA01D5B0EE677AB1EE670AB4EEAD
:1093D000C70AF1EE10FA4DDCB0EE470A4AE000EBA6
:1093E0004002294B03EB820393ED006A70EE466A5C
:1093F00026EE877A06EE90EA66EE806A37EE267AE7
:1094000076EE066A70EE666AD3ED015A76EEA56ACC
:1094100066EE856A37EE267A83ED016A83ED000AEF
:10942000D3ED026A36EE877A83ED027AB4EEE77AFC
:10943000F1EE10FA04DD144B03EB8203C3ED027A64
:1094400000EB4002104B03EB820393ED027AB1EE86
:10945000670AB4EEC07AF1EE10FA04D50A4B03EBBA
:10946000820383ED020A00EB4000074B03EB800010
:1094700090ED020A00BD9FED050A70476C070020C1
:109480000000614518070020E806002000000000E9
:1094900003280DD8074A02EBC00200231360536073
:1094A000054A00EB400102EB81010B604B608B60D1
:1094B000704700BF18070020E806002000B585B0FF
:1094C000642302930192009101230246A0210448E3
:1094D000FCF712FFB0FA80F0400905B000BD00BFF4
:1094E000FC03002000B585B0C823029301920091CF
:1094F00001230246A0210648FCF74CFE10B10020D3
:1095000005B000BD0620FEF7B5F80120F8E700BF62
:10951000FC03002010B5374CE7220021204606F05E
:10952000CCF8354B23600123E3710222227263726F
:10953000122363740023E3726FF03D022273012251
:109540006273A37342E02B4A03F10C0102EB410169
:109550000A20888003F1340102EB41011420C88005
:1095600002EB031C4FF07E51CCF82E100021CCF8FA
:109570003210D81C02EB0010C0F806101F4CC0F8C7
:109580000A4003F1100002EB40004FF47A74C480EB
:109590001B48CCF8780003F1080002EB0010194CCE
:1095A000446003F12E0002EB8000144C0460D018DC
:1095B000012480F8D24003F16C0002EB400261F01C
:1095C0001700D07041F0030111712344032BBADD61
:1095D000084B43F21022A3F8D62000226FF03F017F
:1095E00083F8E31083F8E42083F8E520072283F86A
:1095F000E62010BD6C0700200052444D0000FA43E5
:109600000000A04000007A4430B5BBB01D4D0024DE
:10961000AC72E321281D00F039FDA872E62C16D8A3
:10962000C4F1E70292B2A4F1DF039BB2082B0CD87D
:1096300014492144E0B2FFF755FF054698B112489E
:10964000FFF7AEF90834A4B2E8E70822F0E7E72212
:1096500069460020FFF732FF054618B1009A0B4B10
:109660009A4203D0002528463BB030BD9DF80A4001
:1096700000238DF80A30E32101A800F007FDA04285
:10968000F1D0EFE76C070020F80100200052444DB4
:10969000F8B500242646042C16D8E7223D490020C0
:1096A000FFF70CFF064678B93B4D2846FCF758FDFE
:1096B0002846FCF769FC1420FDF7DCFF3748FFF76C
:1096C0006FF90134E4B2E6E786B1354A137803F066
:1096D000FE0313702F4B1A68324B9A421BD0FFF7D0
:1096E00019FFFFF791FF00263046F8BD294B1C7982
:1096F0005D799F792A4A137843F001031370FFF7CD
:1097000009FF0CB905B91FB1224B1C715D719F7126
:10971000FFF77AFFE8E71F4CA57A0023A372E32145
:10972000201D00F0B3FCA572854221D1194B012206
:10973000DA71022119725A72B3F8E330632B07D938
:10974000144AB2F8E520B2F5006F01D29342CBD3B0
:10975000104B00226FF03F0183F8E31083F8E42000
:1097600083F8E520072283F8E620FFF74DFFBBE7EB
:10977000234624795D799E79FFF7CCFE0CB905B9B3
:109780001EB1044B1C715D719E71FFF73DFF0026F9
:10979000AAE700BF6C070020FC030020F8010020AE
:1097A000680700200052444D30B5F5B0E7223AA9D1
:1097B0000020FFF783FE48B13A9A3F4B9A4209D006
:1097C000FFF722FF0546284675B030BDFFF71CFFA6
:1097D0000546F8E79DF8F24000238DF8F230E321CA
:1097E0003BA800F053FCA04203D0FFF70DFF054655
:1097F000E9E79DF8F93003F0E00330494A7C02F0D4
:109800001F0213438DF8F930D1F80B30CDF8F33047
:1098100001238DF8EF3002228DF8F0208DF8F13021
:1098200000248DF8F240E3213BA800F02FFC8DF8D6
:10983000F200E62C17D8C4F1E70292B2A4F1DF03DC
:109840009BB2082B0DD83AA92144E0B2FFF74AFE9B
:1098500005460028B7D01A48FFF7A2F80834A4B28A
:10986000E7E70822EFE7E72269460020FFF726FE38
:10987000054688B1009A104B9A420DD19DF81130DF
:109880009DF8F920534013F01F0F05D1DDF80B2090
:10989000DDF8F3309A4202D000231D4693E79DF88D
:1098A0000A4000228DF80A20E32101A800F0EEFB17
:1098B000A04288D0F0E700BF0052444D6C07002062
:1098C000F8010020F8B5064C27796679A579FFF7ED
:1098D00021FE27716671A571FFF796FEF8BD00BFE6
:1098E0006C07002030B583B0002318E0244A02EB57
:1098F0008302002111600022224921F8132022490D
:1099000041F82320214941F823204FF0000020494D
:10991000C854204941F823201F49CA540133032B5E
:10992000E4DD00251D4B1D601D4B1D70FFF7D0FBB6
:10993000FFF7A8FC01951B4B5A6C42F480325A6425
:109940005B6C03F480330193019B174C174B23602E
:1099500053236360A56040F2E733E360A5612046CE
:10996000FEF76AF82A460A211820FDF705FE18209E
:10997000FDF712FE2046FDF71FFF03B030BD00BF0C
:10998000F4080020EC080020CC0800206C0800201F
:10999000680800205808002054080020C80800204B
:1099A000C4080020003802407C080020004001402C
:1099B00008B50248FDF73EFF08BD00BF7C08002047
:1099C000032805D8044B03EB800393ED000A70478E
:1099D0009FED020A704700BFF4080020000000005D
:1099E00080B110B50B4BB3F80F40632C00D8642442
:1099F000FDF73AFE084B1B6843B1C01AA04205D8D8
:109A0000002006E0054B1870012070470120034B31
:109A1000187010BD6C070020C8080020C408002082
:109A2000032800D9704770B5044610EE106A0D4641
:109A30000846FFF7D5FF00B970BD094B03EB84035F
:109A40001E60FDF711FE074B43F82400002DF3D1F3
:109A5000FDF70AFE044B1860044B00221A70EBE776
:109A6000F4080020CC080020C8080020C40800200A
:109A700008B5104BB3F80F3003B908BDFDF7F4FD7E
:109A8000002300E00133032BF7DC0B4A52F82320BC
:109A9000002AF7D0821A0749B1F80F108A42F1D98B
:109AA000064A02EB830200211160034A002142F8BA
:109AB0002310E7E76C070020CC080020F408002002
:109AC000F8B52DED028BFFF7DDFA00231846194695
:109AD00000E00133032B09DC804AD25C02B1012192
:109AE0007F4AD25C002AF4D00120F2E7002946D157
:109AF00028B30C4630E07B4B03EB8403D3ED007AB4
:109B0000FDEEE77A17EE903A19B2774B23F814106E
:109B1000E0B2FEF76BFF0134032C00F3DC80734BE3
:109B20009B7C6200134113F0030FE4D004F10802A0
:109B30006E4B03EB42039B88002BECD1DBE7044622
:109B4000EAE7664B1B5D33B1E0B2FFF78DF902E047
:109B5000E0B2FFF789F90134032C12DC634B9B7CE4
:109B60006200134103F00303012BEAD05B4B1B5D42
:109B7000002BEDD15A4B1B5D002BECD0E8E7002405
:109B8000EAE700246FE0022D02D0554B00221A555F
:109B9000534B1B5D0BB1022D2DD0504B1B5D002B89
:109BA00000F084804D4B00221A55022D3FD04D4BC2
:109BB00003EB8403D3ED007AB0EE678AE5B2284662
:109BC000FFF7A0F800EE900AF8EEE00AB0EE480ABF
:109BD0002846FFF78FFA454B9B8CA200134103F0F8
:109BE0000F03012B2BD0BDEEC00A3F4B10EE102A05
:109BF00023F814205AE03A4B00221A55A600394B9C
:109C000003EB840393ED008AE3B21F461846FFF787
:109C100041F800EE900AF8EEE00AB0EE480A384645
:109C2000FFF748FB324B334483ED000AB5E7304B76
:109C300003EB8403D3ED007AB0EE678ABEE72A4ACD
:109C400032F81430BDEEC00A10EE101A13FA81F388
:109C500022F814302AE009B2234B23F81410E0B2A2
:109C6000FEF7C4FE0134032C35DC204B9B7C6200E4
:109C7000134113F0030508D004F108021B4B03EB5A
:109C800042039B88002B7FF47EAF164B03EB8403CB
:109C9000D3ED007AFDEEE77A134B17EE902A23F806
:109CA000142000230D4A13550D4A13550E4B33F95A
:109CB000140004F110020D4B03EB4203D988B1F5F7
:109CC0007A7F01DD4FF47A718142C4DB49428142DF
:109CD000C1DC0146BFE7BDEC028BF8BD680800207F
:109CE00054080020F4080020EC0800206C07002035
:109CF000DC080020032803D8024B33F9100070471A
:109D000000207047EC080020032800D9704708B5F0
:109D1000034B002223F81020FFF7BAFB08BD00BF59
:109D2000EC08002070B5002427E0184B03EB8403F7
:109D300000221A600025164B23F81450154B03EB34
:109D400084031A60144B43F824504FF00002134B65
:109D50001A55134B1D55134B43F82450124B43F81F
:109D60002450E6B23046FFF77FFA3046FFF790FB0B
:109D700029463046FEF73AFE0134032CD5DD002398
:109D80000A4A13600A4A137070BD00BFF40800202D
:109D9000EC080020DC080020CC0800206808002027
:109DA000540800206C08002058080020C808002033
:109DB000C40800200346002800F0938002780F2A90
:109DC00040F08C80027E002A40F08A8042788078C1
:109DD00042EA0022C2F30A020A809878DA78520135
:109DE00042EAD002C2F30A024A80D8781A79920075
:109DF00042EA9012587942EA8022C2F30A028A802B
:109E000058799A79D20142EA5002C2F30A02CA8012
:109E10009879DA79120142EA1012C2F30A020A8131
:109E2000D8791A7A520042EAD012587A42EA40228D
:109E3000C2F30A024A81587A9A7A920142EA90025F
:109E4000C2F30A028A81987ADA7AD20042EA501280
:109E5000CA811A7B587B42EA0022C2F30A020A82B4
:109E6000587B9A7B520142EAD002C2F30A024A822C
:109E7000987BDA7B920042EA9012187C42EA8022B8
:109E8000C2F30A028A82187C5A7CD20142EA50024A
:109E9000C2F30A02CA82587C9A7C120142EA10126A
:109EA000C2F30A020A83987CDA7C520042EAD0129A
:109EB000187D42EA4022C2F30A024A83187D5A7D85
:109EC000920142EA9002C2F30A028A835A7D9B7D84
:109ED000DB0043EA5213CB83012070470020704718
:109EE0000020704703780F2B01D000207047037EBD
:109EF0000BB10020704701207047844600221046B5
:109F00000EE04000C0B280F0D5000133072B05DC25
:109F100010F0800FF5D14000C0B2F6E7013292B2E6
:109F20008A4204D21CF8023058400023EEE7704702
:109F3000D0B10378C82B11D14378182B10D110B5AC
:109F400004468378162B0DD117210230FFF7D5FF79
:109F5000637E984214BF0020012010BD002070478E
:109F6000002070470020F8E7704738B504460D46DA
:109F7000FFF7DEFF0246002800F08680E3782179B3
:109F800043EA0123C3F30A032B80217963795B0140
:109F900043EAD103C3F30A036B806179A3799B0081
:109FA00043EA9113E17943EA8123C3F30A03AB80C7
:109FB000E179237ADB0143EA5103C3F30A03EB801F
:109FC000217A637A1B0143EA1113C3F30A032B813D
:109FD000617AA37A5B0043EAD113E17A43EA412331
:109FE000C3F30A036B81E17A237B9B0143EA91036C
:109FF000C3F30A03AB81217B637BDB0043EA51138C
:10A00000EB81A37BE17B43EA0123C3F30A032B82A9
:10A01000E17B237C5B0143EAD103C3F30A036B8238
:10A02000217C637C9B0043EA9113A17C43EA81235A
:10A03000C3F30A03AB82A17CE37CDB0143EA510357
:10A04000C3F30A03EB82E17C237D1B0143EA111376
:10A05000C3F30A032B83217D637D5B0043EAD113A5
:10A06000A17D43EA4123C3F30A036B83A17DE37D12
:10A070009B0143EA9103C3F30A03AB83E17D237E93
:10A08000DB0043EA5113EB83104638BD00B586462A
:10A090008C460023184606E01EF803204240034980
:10A0A000885C01339BB26345F6D300BD4C3B01088D
:10A0B00000B503469646002013E001331A78202AA3
:10A0C000FBD092B100F1010C41F8203000E00133E7
:10A0D000187808B12028FAD110B1002203F8012B1A
:10A0E00060461A780AB17045E8DB00BD10B5044639
:10A0F000FAF7B6F881B2204603F030FE022102489A
:10A1000003F02CFE10BD00BF0826010810B53E4824
:10A11000FFF7ECFF3D4C2046FFF7E8FF3C48FFF718
:10A12000E5FF3C48FFF7E2FF3B48FFF7DFFF3B4816
:10A13000FFF7DCFF3A48FFF7D9FF3A48FFF7D6FFB1
:10A140003948FFF7D3FF3948FFF7D0FF3848FFF70A
:10A15000CDFF2046FFF7CAFF3648FFF7C7FF364856
:10A16000FFF7C4FF3548FFF7C1FF3548FFF7BEFFD3
:10A170003448FFF7BBFF3448FFF7B8FF3348FFF719
:10A18000B5FF3348FFF7B2FF3248FFF7AFFF324861
:10A19000FFF7ACFF2046FFF7A9FF3048FFF7A6FF07
:10A1A0002F48FFF7A3FF2F48FFF7A0FF2046FFF738
:10A1B0009DFF2D48FFF79AFF2C48FFF797FF2C488B
:10A1C000FFF794FF2B48FFF791FF2B48FFF78EFF17
:10A1D0002A48FFF78BFF2046FFF788FF2848FFF744
:10A1E00085FF2848FFF782FF2748FFF77FFF2748B2
:10A1F000FFF77CFF2648FFF779FF2648FFF776FF39
:10A2000003F05CFD10BD00BF0C260108D829010831
:10A2100034260108502601087C260108B4260108CE
:10A22000E82601083C27010884270108B82701080F
:10A23000EC2701081C2801083C280108782801089F
:10A24000C0280108FC28010864290108A829010880
:10A25000DC2901081C2A0108742A0108E42A0108E3
:10A26000042B0108442B0108982B0108B42B01088A
:10A27000FC2B01082C2C0108842C0108D02C01088F
:10A280000C2D0108282D0108782D0108CC2D01087E
:10A290001C2E01088C2E010808B503F0B9F928B965
:10A2A0000448FFF723FF02F0DDFF08BD0248FFF777
:10A2B0001DFFFAE70C2F0108F02E010808B5FFF783
:10A2C000A3F918B10348FFF711FF08BD0248FFF7D3
:10A2D0000DFFFAE7382F0108502F010808B5FFF7E6
:10A2E000D7F918B10348FFF701FF08BD0248FFF78F
:10A2F000FDFEFAE7642F01087C2F010808B5FFF77F
:10A30000E1FA0248FFF7F2FE08BD00BFA42F0108E2
:10A310000FB410B5A2B024AB53F8042B019302ACD8
:10A320008021204605F0A2F92046FFF7DFFE22B08B
:10A33000BDE8104004B0704700B585B00749CB793F
:10A340000A7A02920193012300938B794A79097961
:10A350000348FFF7DDFF05B000BD00BF6C0700201C
:10A36000B82F01082DE9F04F2DED048B91B0A84BCB
:10A37000D3F80B10587C00F00F03012B17D0032BE0
:10A3800013D0A44A10F0100F13D0A34B10F0200FDD
:10A3900011D1A2489E4CB4F80F4001940090A048FF
:10A3A000FFF7B6FF4FF0000924E09E4AEAE79E4A15
:10A3B000E8E79E4BEAE79E48ECE7002328E000220E
:10A3C00031E09C4B0F9342E0002348E0002390E0F3
:10A3D000099308928DED067B8DED049B8DED028B2C
:10A3E000CDE900AB32463B4641469348FFF790FF2C
:10A3F00009F10109B9F1030F00F3B680844B9B7C8E
:10A400004FEA49010B4103F00302022AD5DC13464F
:10A410007F4AB2F8D0204FEA89052A4112F00C0F8A
:10A42000CDD102F00F0209F14106844850F82330E3
:10A430000D93774809F1080300EB43039B880E93C3
:10A44000C37C0B4113F0010FBBD07D4B0F93704BBE
:10A450009B8C2B4113F00E0FB6D103F00F037949FB
:10A4600051F823706A4C04EB0913D3F82E80D3F80B
:10A4700032A009F1030304EB0313D3F806B009F18A
:10A48000100304EB4303D88809F10C0304EB4303E6
:10A490009B886D4951F822200B920A9307EE900A8F
:10A4A000F8EE677A17EE900AFAF746F8CDE9080158
:10A4B0005846FAF741F8CDE906015046FAF73CF85C
:10A4C000CDE904014046FAF737F8CDE902010197DA
:10A4D0000F9B00930E9B0D9A31465C48FFF718FFC7
:10A4E000B4F876302B4113F00E0F7FF46FAF03F00A
:10A4F0000F03544A52F82380454C04EB091303F12F
:10A500007805986FFAF718F806460F466868FAF764
:10A5100013F882468B4609F108052B0104EB05155B
:10A52000E058FAF709F841EC180B09F12E0354F83A
:10A530002300FAF701F841EC190B6868F9F7FCFF02
:10A5400041EC170B09F1340304EB4303DA8809F1FA
:10A55000640334F81330002B7FF43AAF09F108019B
:10A5600004EB41039B8833E72948B0F8D62002F07A
:10A570000F01C2F30313B0F8DD50C2F30324B0F8A7
:10A58000DF60120BB0F8E170B0F8E3C0B0F8E5E0BE
:10A59000CDF818E0CDF814C004970132039202966A
:10A5A0000134019400950133B0F8DB2001312848D3
:10A5B000FFF7AEFE002111E0264A1BE0264B1448AF
:10A5C000B0F8D800890040FA01F101F00F01013123
:10A5D000009121462148FFF79BFE2146032910DC0C
:10A5E0004C1C0B4B93F8DA3043FA01F212F0010FD6
:10A5F000E2D01B4A081D034113F0010FDED0194BB6
:10A60000DDE703F05BFB11B0BDEC048BBDE8F08F20
:10A610006C070020D82F0108F02F01080030010836
:10A6200038300108E82F0108E02F0108F82F010851
:10A630000830010810300108C0300108643C0108EE
:10A640000C3001085C3C01084C3C010878300108E2
:10A650000831010820300108343001084831010870
:10A66000143001083030010870B582B00020FEF7C8
:10A6700011FB06460120FEF70DFB05460220FEF702
:10A6800009FB04460320FEF705FB009023462A46FB
:10A6900031462148FFF73CFE0020FEF733FB06461B
:10A6A0000120FEF72FFB05460220FEF72BFB044698
:10A6B0000320FEF727FB009023462A463146174821
:10A6C000FFF726FE0020FFF715FB06460120FFF7E7
:10A6D00011FB05460220FFF70DFB04460320FFF7A0
:10A6E00009FB009023462A4631460D48FFF710FE2D
:10A6F0000C4B1B7813F0010F0BD00B490B48FFF7E5
:10A7000007FEFCF7B1FF01460948FFF701FE02B062
:10A7100070BD0849F2E700BF8C310108A83101087B
:10A72000C43101086807002070310108DC310108DC
:10A73000E4310108843101082DE9F04F2DED028B41
:10A7400091B0041E1CDD0D460E68BC493046F9F779
:10A7500027FD002840F0E180012C0EDD686803F041
:10A7600055FB8246461E032E0FD8022C11D0042C16
:10A770005BDCB348FFF7BAFC02E0B248FFF7B6FC77
:10A7800011B0BDEC028BBDE8F08FAF48FFF7AEFC17
:10A79000F6E7AE4B9B8CB200134103F00F03012B85
:10A7A00040D0AB4B9B46A94B03EB0612D2F82E00D0
:10A7B000D2F83240F21C03EB0212D2F80650D2F863
:10A7C0000A20914606F1100203EB4202D28807EEFE
:10A7D000902AB8EE678A0C3603EB46039E88F9F799
:10A7E000ABFE07468846CDF824B0089618EE100A4E
:10A7F000F9F7A2FECDE906014846F9F79DFECDE93D
:10A8000004012846F9F798FECDE902012046F9F740
:10A8100093FECDE900013A46434651468D48FFF785
:10A8200077FDADE78C4B9B46BDE7A86803F0EBFADC
:10A8300051EC100BFAF7D0F9844B03EB0617C7F86D
:10A840002E00E86803F0DFFA51EC100BFAF7C4F9B8
:10A85000C7F83200286903F0D6FA51EC100BFAF76A
:10A86000BBF9F31C794A02EB0313C3F80600052C6D
:10A870000CDC072C2FDCF6B23046FEF7F5FC304638
:10A88000FFF742FA7548FFF731FC79E7686903F092
:10A89000BAFA51EC100BFAF79FF9F21C6B4B03EB71
:10A8A0000213C3F80A00062CE5DDA86903F0AEFA2E
:10A8B00081B206F11002654B03EB4203D880B1F57B
:10A8C0007A7FD6D9614B03EB42036FF017029A717E
:10A8D0000322DA71CDE7E86903F098FA80B2012823
:10A8E00019D906F10C02594B03EB42039880082C4E
:10A8F000C1DD286A03F08AFA0128BCD853498B8C41
:10A90000B4000F22A24023EA020200F00F03A3408A
:10A9100013438B84AFE70220E3E751493046F9F750
:10A920003FFC002840F0E480012C0EDD686803F055
:10A930006DFA8346461E032E0BD8022C0DD0042C34
:10A9400051DC4848FFF7D2FB1AE74748FFF7CEFB38
:10A9500016E73D48FFF7CAFB12E73C4BB3F87630E9
:10A96000B200134113F00F0F3AD1394B0B93374B11
:10A9700003EB0612906FD46F06F10802110103EB8E
:10A9800002125D5806F12E0153F821108A465268D2
:10A99000914606F1340203EB4203DE88F9F7CCFD61
:10A9A000074688460B9B099308964846F9F7C4FD6D
:10A9B000CDE906015046F9F7BFFDCDE9040128466F
:10A9C000F9F7BAFDCDE902012046F9F7B5FDCDE969
:10A9D00000013A46434659462448FFF799FCCFE622
:10A9E0001D4B0B93C3E7A86803F00DFA51EC100B55
:10A9F000FAF7F2F8154F07EB061303F178020B9202
:10AA00009867E86803F0FFF951EC100BFAF7E4F8E7
:10AA10000B9A5060286903F0F6F951EC100BFAF725
:10AA2000DBF806F108031B01F850052C20DCF0B21E
:10AA3000FEF72EFD0948FFF759FBA1E6E8320108B1
:10AA40008C330108F4320108383301086C07002008
:10AA50000032010844330108F4310108BC33010815
:10AA6000CC33010860340108D433010814340108E0
:10AA7000686903F0C8F951EC100BFAF7ADF806F16C
:10AA80002E0347F82300062CD1DDA86903F0BBF99B
:10AA900051EC100BFAF7A0F806F1080207EB0213CD
:10AAA0005860072CC3DDE86903F0B0F983B2012BCD
:10AAB0001CD906F13401A84A02EB4102D380082CCC
:10AAC000B5DD286A03F0A2F903460128AFD8A248F1
:10AAD000B0F87620B4000F21A14022EA010203F071
:10AAE0000F03A3401343A0F87630A0E70223E0E76A
:10AAF0009A493046F9F754FB78BB012C1BDD686896
:10AB000003F084F9461E032E19D8022C1BD0A86826
:10AB100003F07CF906F108028F4B03EB42039880A7
:10AB2000F6B23046FEF7A0FB3046FFF7EDF88C4852
:10AB3000FFF7DCFA24E68B48FFF7D8FA20E68A48CC
:10AB4000FFF7D4FA1CE60836834B03EB46039A88DA
:10AB500001468648FFF7DCFB12E685493046F9F7E7
:10AB60001FFB00283BD1012C24DD686803F04EF95F
:10AB7000461E032E22D8022C24D0774BDC7C730097
:10AB80001A461F460123934024EA0304A86803F0F1
:10AB90003DF910B30123BB401C436F4BDC74F6B28C
:10ABA0003046FEF761FB3046FFF7AEF86C48FFF722
:10ABB0009DFAE5E56F48FFF799FAE1E56A48FFF786
:10ABC00095FADDE5644BDA7C7600324102F0010251
:10ABD00001466948FFF79CFBD2E50346DBE767497E
:10ABE0003046F9F7DDFA002840D1012C28DD6868ED
:10ABF00003F00CF9461E032E26D8022C28D0564B03
:10AC0000DC7C730001331A461F460123934024EA7B
:10AC10000304A86803F0FAF830B30123BB401C43D7
:10AC20004D4BDC74F6B23046FEF792F83046FEF734
:10AC30001BFB3046FFF768F84948FFF757FA9FE5D6
:10AC40004F48FFF753FA9BE54748FFF74FFA97E560
:10AC5000414BDA7C730001331A4102F001020146D4
:10AC60004848FFF755FB8BE50346D7E74649304692
:10AC7000F9F796FA002840F09B80012C29DD6868DE
:10AC800003F0C4F8461E032E27D8022C29D0AC6846
:10AC90003E492046F9F784FA002836D03C49204640
:10ACA000F9F77EFA002846D03A492046F9F778FAB3
:10ACB00000284CD128498B7C70000322824023EA73
:10ACC00002030222824013438B74F0B2FEF740F875
:10ACD00023E03148FFF70AFA52E52348FFF706FA66
:10ACE0004EE51D4B9B7C7600334103F00303022BA2
:10ACF00009D0012B05D0294A01462948FFF708FB56
:10AD00003EE5284AF8E7284AF6E713498B7C7000AD
:10AD10000322824023EA02038B74F6B23046FEF728
:10AD2000A3FA3046FEF7B4FB3046FEF7EDFF0C48C1
:10AD3000FFF7DCF924E508498B7C70000322824090
:10AD400023EA02030122824013438B74E5E717488C
:10AD5000FFF7CCF914E500BF6C0700208C34010824
:10AD6000BC3301089034010838330108A8340108C5
:10AD7000B4340108B8340108D0340108E0340108C3
:10AD8000E834010804350108183501085435010874
:10AD90005C350108743501082035010818320108B6
:10ADA00044350108103201080C32010864350108ED
:10ADB000B3493046F9F7F4F900287FD1012C42D08D
:10ADC00002F026FC0746002859D1686803F01EF8F7
:10ADD000A0F59662AB4B9A4255D8AB4BC3F80B002B
:10ADE000022C5ADD5E7C06F0EF06A86803F00EF830
:10ADF00008B110231F463E43F6B2A34B5E74032CEA
:10AE00004BDDEC68A1492046F9F7CAF900283ED08D
:10AE10009F492046F9F7C4F9002844D09D492046AF
:10AE2000F9F7BEF9002845D1974A26F00F0343F001
:10AE3000030353746FF05F03D37268231373062305
:10AE40005373907329E0904BD3F80B10587CC0F3E8
:10AE5000001210F0100F0CD08F4B00F00F000128E3
:10AE60000BD0032807D08D4800908D48FFF750FA8B
:10AE700086E48C4BF1E78C48F6E78C48F4E78C4885
:10AE8000FFF734F97CE48B48FFF730F978E426F0DB
:10AE90000F0343F001037C4A537401F0D5FD86484B
:10AEA000FFF724F96CE426F00F0343F00203764A1F
:10AEB0005374F2E78148FFF719F961E4804930469D
:10AEC000F9F76EF9002840D1012C13DD686802F013
:10AED0009DFF0646431E032B10D8022C12D0A868F3
:10AEE00002F094FF0246431E0F2B19D97548FFF755
:10AEF000FDF845E47448FFF7F9F841E47348FFF7BB
:10AF0000F5F83DE4604BB3F8D620431E9B001A4190
:10AF100002F00F02013201466D48FFF7F9F92FE404
:10AF2000594CB4F8D610731E9B000F20984021EAAC
:10AF30000001013A02F00F0202FA03F30B43A4F8F6
:10AF4000D6306448FFF7D2F81AE463493046F9F77F
:10AF500027F9002840D1012C13DD686802F056FF64
:10AF60000146461E032E11D8022C14D0A86802F008
:10AF70004DFF034601281DD95848FFF7B7F8FFF7E2
:10AF8000FFBB5748FFF7B2F8FFF7FABB4F48FFF790
:10AF9000ADF8FFF7F5BB3C4B93F8DA30334113F0D3
:10AFA000010205D04F4B5048FFF7B2F9FFF7E8BB5D
:10AFB0004E4BF8E7344890F8DA200121B14022EAFC
:10AFC000010203F00103B340134380F8DA30414833
:10AFD000FFF78CF8FFF7D4BB45493046F9F7E0F8A6
:10AFE000002840F0B080012C27DD686802F00EFFD9
:10AFF0000746461E032E25D8022C28D0022C17DD2A
:10B00000A86802F003FF034601287BD8DFF878C068
:10B010009CF8DA103A4603320120904021EA000100
:10B0200003F0010393400B438CF8DA30032C6EDC01
:10B030002848FFF75BF8FFF7A3BB2E48FFF756F849
:10B04000FFF79EBB2148FFF751F8FFF799BB0E4B66
:10B0500093F8DA3002460332134113F0010F4FD058
:10B06000254A094BB3F8D830B600334103F00F033B
:10B07000013339462148FFF74BF9FFF781BB00BF89
:10B080007835010850043D006C070020D4350108D4
:10B09000DC350108F8350108F02F0108D82F010828
:10B0A00080350108F82F0108E82F0108E02F01087A
:10B0B0009C350108BC35010800360108E43501085B
:10B0C00010360108483601081836010838330108DF
:10B0D00038360108BC3301085C360108983601088F
:10B0E0006436010820320108803601083432010834
:10B0F000B8360108C036010830300108F0360108C2
:10B10000B44AAEE7B448FEF7F1FFFFF739BBE86891
:10B1100002F07CFE0346421E0F2A0FD8AF48B0F85B
:10B12000D820B6000F21B14022EA0102013B03F012
:10B130000F03B3401343A0F8D83079E7A848FEF7CF
:10B14000D5FFFFF71DBBA7493046F9F729F8A0B98D
:10B15000012C0AD0686802F059FEA04BA3F80F003A
:10B16000A148FEF7C3FFFFF70BBB9C4BB3F80F10D2
:10B170009E48FFF7CDF8FFF703BB9D493046F9F72E
:10B180000FF808BB012C0CD1944B5B7C13F0200F03
:10B1900005D098499848FFF7BBF8FFF7F1BA9749EF
:10B1A000F8E78E4B5C7C04F0DF04686802F02EFE4A
:10B1B00040B120231C43894B5C748B48FEF796FFFB
:10B1C000FFF7DEBA0346F5E78D493046F8F7E8FFAA
:10B1D00088BB012C14D0022C1EDD686802F016FE1C
:10B1E0000446A86802F012FE632C04D9B0F5006F83
:10B1F00001D2844215D38348FEF778FFFFF7C0BA27
:10B20000764BB3F8E310B3F8E5208B185B107E485B
:10B21000FFF77EF8FFF7B4BA7C48FEF767FFFFF749
:10B22000AFBA6E4AA2F8E340A2F8E5006E48FEF716
:10B230005DFFFFF7A5BA76493046F8F7B1FF002861
:10B240004CD1012C1EDD686802F0E0FD0146461E6F
:10B25000032E1CD8022C23D1604B9B7C720013411F
:10B2600003F00303012B19D0022B15D0694B6C3668
:10B270005A4A02EB4602B2F803206748FFF748F843
:10B28000FFF77EBA6548FEF731FFFFF779BA6448E9
:10B29000FEF72CFFFFF774BA624BE8E7624BE6E774
:10B2A000A86802F0B3FD4D4A06F16C0302EB4303BC
:10B2B000A3F80300927C730042FA03F303F0030344
:10B2C000012B09D0022B05D052495848FFF720F82E
:10B2D000FFF756BA5349F8E75349F6E75449304661
:10B2E000F8F75EFF18BB012C0ADD686802F08EFDDE
:10B2F000441E032C09D94A48FEF7F8FEFFF740BA6E
:10B300004C48FEF7F3FEFFF73BBAE4B22046FDF7E8
:10B310001FFD2046FDF7A8FF2046FEF7B9F820469E
:10B32000FEF7F2FC4448FEF7E1FEFFF729BA434975
:10B330003046F8F735FF8446002840F0E480012CC1
:10B3400040F38280686802F061FD8046461E032E4D
:10B3500000F2A180022C00F0A380022C7FF710AA3B
:10B36000A86802F053FD0746032800F2B9801B4984
:10B37000B1F8D030B0000F22824023EA020307F078
:10B380000F0282401343A1F8D030032C0EDDE86891
:10B3900002F03CFD0346022F00F0A780421E1F2A48
:10B3A00000F2AC800D4A324482F8D230244B0FCBED
:10B3B00010AC04E90F00094B334404EB870693F803
:10B3C000D23056F8102C41461E48FEF7A1FFFFF779
:10B3D000D7B900BF343001080C3701086C070020D2
:10B3E0001C37010830370108BC3301083837010821
:10B3F0004037010808300108BC3001084C32010810
:10B400004C370108B4370108583701087437010870
:10B41000E0370108B43201080C380108EC370108A4
:10B4200038330108803201085432010820380108FD
:10B4300030380108383801085038010854380108FC
:10B44000A8250108E43801084B4B0FCB10AC04E9E8
:10B450000F0010E000230CF101044849614410AAD8
:10B4600002EB830291F8D23052F8102C2146444866
:10B47000FEF74EFFA446BCF1030F3FF781A93F4BF7
:10B48000B3F8D0304FEA8C02134113F00C0FE1D126
:10B4900003F00F03DFE73B48FEF728FEFFF770B924
:10B4A000354B0FCB10AC04E90F00344BB3F8D03060
:10B4B000B200134113F00C0F02D103F00F0300E0B0
:10B4C00000232E49314410AA02EB830291F8D230B6
:10B4D00052F8102C41462A48FEF71AFFFFF750B9E0
:10B4E0002948FEF703FEFFF74BB9421E622A7FF69A
:10B4F00059AF2648FEF7FAFDFFF742B92448FEF798
:10B50000F5FDFFF73DB923493046F8F749FE00281D
:10B510007FF436A9012C13DD686802F077FC014640
:10B52000461E032E11D8022C14D0A86802F06EFC1F
:10B53000B0F5803F17D31848FEF7D8FDFFF720B9C4
:10B540001648FEF7D3FDFFF71BB90E48FEF7CEFDF8
:10B55000FFF716B96436094B33F816201048FEF78A
:10B56000D7FEFFF70DB96436044A22F816000D48DD
:10B57000FEF7BCFDFFF704B9A82501086C07002001
:10B580005C3801083833010878380108B038010800
:10B59000C83801080C390108503901081839010868
:10B5A00038390108BC33010808B50021044B197073
:10B5B000044B19708022044804F07FF808BD00BFD6
:10B5C00005090020040900200809002030B5A9B0B1
:10B5D0000D2807D004460A2804D0B24B1B787E2BD6
:10B5E00040F2D781AF4B1B78AF4A0021D15413B141
:10B5F00013782F2B10D0AB4B1B7823B1AA4B1B78A1
:10B600002F2B00F0C1810021A64B19708022A64883
:10B6100004F053F829B030BD0221A44802F09EFB8B
:10B6200008AC7F22A249204604F061F800238DF87F
:10B630009F30082269462046FEF73AFD054600285D
:10B6400000F0B780009C9B492046F8F7A9FD002830
:10B6500000F0B28098492046F8F7A2FD002800F0DB
:10B66000B08096492046F8F79BFD002800F0AE8098
:10B6700093492046F8F794FD002800F0AC809149EA
:10B680002046F8F78DFD002800F0AA808E4920465C
:10B69000F8F786FD002800F0A8808C492046F8F7CE
:10B6A0007FFD002800F0A68089492046F8F778FD44
:10B6B000002800F0A48087492046F8F771FD002893
:10B6C00000F0A28084492046F8F76AFD002800F0C7
:10B6D000A28082492046F8F763FD002800F0A2808E
:10B6E0007F492046F8F75CFD002800F0A2807D49E4
:10B6F0002046F8F755FD002800F0A2807A49204640
:10B70000F8F74EFD002800F0A28078492046F8F7AF
:10B7100047FD002800F0A28075492046F8F740FD5B
:10B72000002800F0A28073492046F8F739FD002870
:10B7300000F0A28070492046F8F732FD002800F0A2
:10B74000A2806E492046F8F72BFD002800F0A28069
:10B750006B492046F8F724FD002800F0DF80694996
:10B760002046F8F71DFD002800F0DF8066492046DE
:10B77000F8F716FD002800F0DF8064492046F8F74E
:10B780000FFD002800F0DF8061492046F8F708FD32
:10B79000002800F0DF805F492046F8F701FD00280F
:10B7A00040F0DF805C4B187069462846FEF7C4FF06
:10B7B00021E7594B187026E7574B1870FEF7A6FC87
:10B7C00019E7554B1870FEF7B7FD14E7524B187088
:10B7D000FEF7C8FD0FE7504B1870FEF745FF0AE76C
:10B7E0004D4B1870FEF758FD05E74B4B1870FEF7F0
:10B7F00065FD00E7484B1870FEF770FDFBE6464B11
:10B800001870FEF77BFDF6E6434B18706946284634
:10B81000FEF792FFEFE6404B187069462846FEF7A8
:10B820008BFFE8E63C4B187069462846FEF784FF1C
:10B83000E1E6394B187069462846FEF77DFFDAE6E7
:10B84000354B187069462846FEF776FFD3E6324B33
:10B85000187069462846FEF76FFFCCE62E4B18702D
:10B8600069462846FEF768FFC5E62B4B1870694607
:10B870002846FEF761FFBEE6274B1870694628464A
:10B88000FEF75AFFB7E6244B187069462846FEF7C4
:10B8900053FFB0E6204B187069462846FEF74CFF70
:10B8A000A9E600BF050900200809002008260108B4
:10B8B00009090020643901086C390108743901084C
:10B8C0007C390108843901088C3901089439010850
:10B8D0009C390108E8320108CC3301081835010809
:10B8E0008C340108B4340108E034010854380108EC
:10B8F0000C39010830380108783501084037010853
:10B9000030370108103601085C360108B8360108E6
:10B91000E03701084C37010804090020284B187053
:10B9200069462846FEF708FF65E6254B187069460C
:10B930002846FEF701FF5EE6214B1870694628464F
:10B94000FEF7FAFE57E61E4B187069462846FEF7CA
:10B95000F3FE50E61A4B187069462846FEF7ECFED7
:10B9600049E6174A137801331546137021461548E6
:10B97000FEF7CEFC2B78022B7FF63DAE1248FEF789
:10B98000B5FB00222A7036E60221104802F0E6F9E3
:10B9900039E62F2808D0002B3FF43CAE591C0C4A46
:10B9A00011700C4AD05435E60021094D29708022CF
:10B9B000084803F082FE01232B70064B1C7029E619
:10B9C00004090020A4390108BC390108F039010834
:10B9D0000509002008090020BFF34F8F0549CA68F8
:10B9E00002F4E062044B1343CB60BFF34F8F00BF00
:10B9F000FDE700BF00ED00E00400FA0508B502F025
:10BA0000ADF908BD00B583B0AA238DF800308DF8DC
:10BA1000010001238DF802300B4601B1FF238DF8A0
:10BA2000033003210DF10100FEF730FB8DF8040017
:10BA300005216846FFF7E2FF03B000BD10B582B0F4
:10BA400000230193174C236C43F080532364236C31
:10BA500003F080530193019BFBF716FD636F43F0E6
:10BA600001036367FBF700FE04460E4B5B6F13F0A8
:10BA7000020F04D1FBF7F8FD001B6428F5D9094B30
:10BA80001B6F13F4004F08D1064B1A6F42F400727B
:10BA90001A671A6F42F400421A67034B034A1A6589
:10BAA000FFF79AFF0038024000280040524D424CF8
:10BAB0002DE9F04784B0222800F088820F46144612
:10BAC00024D9412800F0FB823FD8312800F0888239
:10BAD000402800F0D682302826D101F099FD18BB0D
:10BAE000032C21D98C4B1878FDF77AFFE0B1387818
:10BAF0007B78B978FA7841EA022109B203B1494268
:10BB0000032811D809B2FCF771FF0DE0122800F0EC
:10BB10000B810CD810283AD011284ED0012803D11F
:10BB200000210120FFF76EFF04B0BDE8F087202858
:10BB300000F043822128F7D1FDF7AAFD80F0010132
:10BB4000C9B22120FFF75EFFEEE7442800F0C38270
:10BB50000FD84328E8D1002A00F0B8820B78003BC8
:10BB600018BF01236D4A137000214320FFF74AFFDD
:10BB7000DAE7522800F0C6825328D5D1002153209D
:10BB8000FFF740FF6420FBF775FDFFF725FFAA23B1
:10BB9000634C237010236370E722A2706149E01C9C
:10BBA00003F02FFEE921601CFEF770FA84F8EA002A
:10BBB000EB212046FFF722FFB6E7E72A40F0A780F7
:10BBC00001AB584C2068616803C32189A27A1980AF
:10BBD0009A70637C1D46D4F80B2016461B099846C4
:10BBE000E7223946204603F00CFE01AB03CB206070
:10BBF00061601A889B782281A372B4F8E330632BCA
:10BC000006D9B4F8E520B2F5006F01D293420CD307
:10BC1000444B00226FF03F0183F8E31083F8E420E7
:10BC200083F8E520072283F8E620002200E00132B5
:10BC3000032A3CDC3B4B997C500041FA00F303F0B3
:10BC40000303022B05DD0323834021EA0301354B67
:10BC50009974344B998C930041FA03F010F00E0F55
:10BC600005D00F20984021EA00012E4881842D49FB
:10BC7000B1F8761041FA03F010F00E0F06D00F2045
:10BC8000984021EA00012748A0F876102549B1F82C
:10BC9000D01041FA03F010F00C0FC8D00F2000FABA
:10BCA00003F321EA03011F4BA3F8D010BFE701F013
:10BCB000AFFC78B91B4B5A7C2B46534013F00F0F47
:10BCC00004D1184BD3F80B30B34205D000F0BCFEC2
:10BCD000FDF79AFC002313E088EA121313F0010F1A
:10BCE000F8D0F3E71D46DAB214461046FDF7BCFA69
:10BCF0002046FDF7CDFB2046FEF706F82B46013324
:10BD0000032BEFDD00211120FFF77CFE0CE7012162
:10BD10001120FFF777FE07E7860A0020790A002046
:10BD2000880900206C070020022A40F241813B78FC
:10BD30007A7843EA02239846A21E92B291460A2BD1
:10BD400046D91344E72B00F22E81A448457CD0F855
:10BD50000B602B099A4639460231404403F051FDED
:10BD600001F056FC68B99D4B5A7C2B46534013F0AA
:10BD70000F0F04D1994BD3F80B30B3422DD000F004
:10BD800063FE4346E62B41D84B44E32B19DD934A2F
:10BD9000B2F8E320632A07D99049B1F8E510B1F56C
:10BDA000006F01D28A420CD38C4A00216FF03F0011
:10BDB00082F8E30082F8E41082F8E510072182F8A7
:10BDC000E6104246122A21D8122B22DD00230BE076
:10BDD00002211220FFF716FEA6E68AEA121313F0DC
:10BDE000010FCED0CBE70133032B0FDC7B4A917CD4
:10BDF000580041FA00F202F00302022AF3DD0322A6
:10BE0000824021EA0201754A9174ECE74346252BF2
:10BE100018D843464B44242B17DD002300E00133A0
:10BE2000032B0FDC6D4A928C990042FA01F010F05E
:10BE30000E0FF4D00F2000FA01F122EA0102674947
:10BE40008A84ECE74346772B1AD843464B44762B3B
:10BE500019DD002300E00133032B11DC5F4AB2F847
:10BE60007620990042FA01F010F00E0FF3D00F2067
:10BE700000FA01F122EA01025849A1F87620EAE726
:10BE80004346D12B1AD843464B44D02B19DD00230F
:10BE900000E00133032B11DC504AB2F8D0209900A6
:10BEA00042FA01F010F00C0FF3D00F2000FA01F16C
:10BEB00022EA01024949A1F8D020EAE74346D52BFE
:10BEC00026D843464B441D46D02B0FDC4346122B4D
:10BED0001ED8122D1FDD002318E01C46D8B2FCF737
:10BEE00025FF23460133032BF7DDEFE70023FAE7B5
:10BEF0001D46DAB214461046FDF7B6F92046FDF7A6
:10BF0000C7FA2046FDF700FF2B460133032BEFDD78
:10BF10004346132B18D843464B44132B17DD0023FD
:10BF200010E01D46DAB214461046FCF711FF204619
:10BF3000FDF79AF92046FDF7ABFA2046FDF7E4FE3F
:10BF40002B460133032BECDD43466D2B12D84246C2
:10BF50004B46D3182E2B19DC2D2A0BD8242B0CDDA5
:10BF6000002305E01C46D8B2FDF77EF923460133D5
:10BF7000032BF7DD4346CF2B03D843464B44762BA8
:10BF80000FDC00211220FFF73DFDCDE50023EFE798
:10BF90001C46D8B2FDF77CFA23460133032BF7DDAC
:10BFA000EFE70023FAE701211220FFF72BFDBBE5A5
:10BFB00001211220FFF726FDB6E5FDF725FB80F0F5
:10BFC0000101C9B22020FFF71DFDADE5FDF77AFCA8
:10BFD00000212220FFF716FDA6E500BF6C07002018
:10BFE00001F016FB00287FF49FAD0F2C7FF69CAD6F
:10BFF0003B787A7843EA0223BA7843EA0243FA7834
:10C0000043EA026300EE103A3B797A7943EA02236D
:10C01000BA7943EA0243FA7943EA02653B7A7A7ACB
:10C0200043EA0223BA7A43EA0243FA7A43EA02660F
:10C030003B7B7A7B43EA0223BA7B43EA0243FA7BE7
:10C0400043EA0267344C2178B8EEC00AFDF7E8FCF9
:10C05000217807EE905AB8EEE70A0120FDF7E0FCE0
:10C06000217807EE906AB8EEE70A0220FDF7D8FCC7
:10C07000217807EE907AB8EEE70A0320FDF7D0FCAE
:10C0800052E5012A16D90B784A7843EA0223234A5B
:10C090001360132B02D8134614221A60204B01227E
:10C0A0001A70FBF7E1FA1F4B186000214020FFF7E0
:10C0B000A9FC39E501214020FFF7A4FC34E500216B
:10C0C000174B19704120FFF79DFC2DE501214320FE
:10C0D000FFF798FC28E582B10B78003B18BF0123DD
:10C0E000114A137023B900214420FFF78BFC1BE594
:10C0F000FBF7BAFA0D4B1860F5E701214420FFF772
:10C1000081FC11E500215220FFF77CFC6420FBF745
:10C11000B1FAFFF793FC00BF860A0020800A0020D6
:10C120007A0A00207C0A0020780A0020740A002085
:10C130002DE9F843264B1D88013DADB24FF6FF7344
:10C140009D4238D000240DE094B20BE0214A12F851
:10C150000390601CB11C1044FDF798FF814518D076
:10C160000134A4B2A31CAB4225DA1A4A125DAA2AF2
:10C17000F6D1621C17498F5CCE5C06F10408E72EED
:10C18000E2D808EB0403013BAB42DFDD0134A4B28B
:10C19000E8E7E11C32460F4B19443846FFF788FCAC
:10C1A00004EB08039BB2EB1A9DB26E1CB6B226B923
:10C1B000074B1E804EB9BDE8F88308EB0401054823
:10C1C0003246014403F060FAF2E70024CAE700BFF8
:10C1D000880A00208C0A002038B500244FF00005A2
:10C1E0000A4B1C800A4B1C804FF4805221460948A0
:10C1F00003F063FA084B1D70084B1C60084B1D7060
:10C20000084B1D70084B1C6038BD00BF880A002019
:10C21000840A00208C0A00207A0A0020800A00206C
:10C22000790A0020780A0020740A002038B50546F3
:10C230002E4B19702E4B1A88B2F5805F26D3002141
:10C2400001E0013189B28A4203D92A4B5B5CAA2BF7
:10C25000F7D179B96AB1274B9B78E72B0CD901212B
:10C2600001E0013189B28A4203D9224B5B5CAA2BDF
:10C27000F7D109B18A4215D88A4202D81C4B002254
:10C280001A801B4B1A88B2F5805F15D21A4B002218
:10C290001A80174A1388591C1180164AD554FFF783
:10C2A00047FF38BD531A1C4612481A46014403F092
:10C2B000EBF90F4B1C80E4E70F490B8801339BB26D
:10C2C0000B80642BEDD90B4B1B78AA2BE9D1531EA5
:10C2D0001C460A491A46481E03F0D6F9044B1C8036
:10C2E000054B00221A80FFF723FFDAE7860A0020B9
:10C2F000880A00208C0A0020840A00208D0A002071
:10C30000644B1B7803B9704770B5A4B0FBF7ACF968
:10C31000614B1B68C31A614A126893426FD35E4B2C
:10C32000186000240EE0E6B23046FCF7B3FC24AB04
:10C3300003EB840545F8100C3046FCF7E3FC45F8A8
:10C34000200C0134032CEEDD554B1B78002B58D10B
:10C350001C4661E0E6B23046FCF7DEFC24AB03EBA2
:10C36000840545F8900C3046FDF72AFB05ED200AC0
:10C370000134032CEEDDAA238DF82030F0238DF854
:10C38000213048238DF8223020AC0FCCCDF823008B
:10C39000CDF82710CDF82B20CDF82F3004AC0FCCE2
:10C3A000CDF83300CDF83710CDF83B20CDF83F3035
:10C3B0001CAC0FCCCDF84300CDF84710CDF84B2086
:10C3C000CDF84F306C460FCCCDF85300CDF8571058
:10C3D000CDF85B20CDF85F30324B1B68CDF8633071
:10C3E000314B1B68CDF867304A210DF12100FDF774
:10C3F0004DFE8DF86B004C2108A8FFF7FFFA24B022
:10C4000070BD0024B5E7E0B2FDF7DAFA24AB03EB28
:10C41000840303ED200A0134032CF4DDAA238DF8F4
:10C420002030F0238DF8213038238DF8223020ACD5
:10C430000FCCCDF82300CDF82710CDF82B20CDF868
:10C440002F3004AC0FCCCDF83300CDF83710CDF839
:10C450003B20CDF83F301CAC0FCCCDF84300CDF8DD
:10C460004710CDF84B20CDF84F300E4B1B68CDF860
:10C4700053300D4B1B68CDF857303A210DF1210098
:10C48000FDF704FE8DF85B003C2108A8FFF7B6FA23
:10C49000B5E700BF7A0A00207C0A0020800A00204D
:10C4A000780A0020901B00208C1B002000B585B06E
:10C4B000AA238DF80430F1238DF8053006238DF87A
:10C4C00006308DF807008DF808108DF80920C2F3AA
:10C4D00007238DF80A30C2F307438DF80B30120E94
:10C4E0008DF80C2008210DF10500FDF7CFFD8DF82A
:10C4F0000D000A2101A8FFF781FA05B000BD000078
:10C50000184B1B786BB300B58BB0AA238DF80430A1
:10C51000F2238DF8053020238DF80630002311E03A
:10C520005A0010F813102B326A4402F8241C30F819
:10C5300013109A1C090A0DF1280C0CEB420202F8A8
:10C54000241C01330F2BEBDD22210DF10500FDF73B
:10C550009DFD8DF82700242101A8FFF74FFA0BB0AD
:10C5600000BD7047790A0020064BB3FBF0F04F285E
:10C5700003D9B0F5C87F02D87047502070474FF4F8
:10C58000C870F9E7C0C62D002DE9F047054688467A
:10C59000A54BB3F8E360B3F8E570A7EB060909EB28
:10C5A000D979C9F34F09BE420BD2B7F5006F13D248
:10C5B000B9F1000F0AD14FF448794FF4E067C02673
:10C5C00004E04FF448794FF4E067C02606EB090A0F
:10C5D0001FFA8AFA002496E04FF448794FF4E06796
:10C5E000C026F3E735F8133007EE103AB8EEC77AF5
:10C5F00037EE467AC7EE267AB7EE007AF4EEC77ABF
:10C60000F1EE10FA19DDF7EE007A231D42FA03F37A
:10C6100013F0010F1ED0844BB3F8D8300B4103F058
:10C620000F0335F81330A3EB0A03102B30DC13F1A2
:10C63000100F30DABFEE000A0EE0BFEE007AF4EE23
:10C64000C77AF1EE10FAE0D5FFEE007ADDE7DFED14
:10C65000777ADAE7B7EE000A734B9B7C62001341EE
:10C6600003F00303022B19D0012B29D004F16C0233
:10C670006D4B03EB4203B3F8033007EE103AB8EE0C
:10C68000477AABB3B3F57A7F34D99FED697A31E05D
:10C69000B7EE000AE0E79FED650ADDE704F16C0202
:10C6A000614B03EB4203B3F8033007EE103AB8EEE8
:10C6B000477A092B01D89FED5F7A67EE877A1BE0F6
:10C6C00004F16C02584B03EB4203B3F8033007EE5E
:10C6D000103AB8EE477A33B144F62062934204D957
:10C6E0009FED557A01E09FED557A67EE877A03E07A
:10C6F0009FED4F7A67EE877A414620EE270AE0B237
:10C70000FDF78EF90134032C00F38C80464BB3F80F
:10C71000D630A1000B4103F00F0335F81320B242CD
:10C7200013D3BA4211D8464830F81300824202D2DD
:10C73000434820F8132035F81320424830F81300FE
:10C74000824202D93F4820F8132007EE90AAB8EEA3
:10C75000676A07EE909AF8EE676A3A4A32F8130071
:10C76000374A32F8132090422FD94FF6FF7C6245AA
:10C770002BD0AAF1100C624527DA0AF1100C6045A3
:10C7800023DD07EE902AF8EE677A07EE100AB8EE7E
:10C79000477A77EE877AB6EE007A67EE877A9FED72
:10C7A0002A7A36EE077AB4EEE77AF1EE10FA01D47F
:10C7B000B0EE677ADFED247A36EE676AB4EEC76AC8
:10C7C000F1EE10FA01DCB0EE476AB9F1000F01D1C9
:10C7D000F7EE006A144A92F8DA2042FA04F010F0F8
:10C7E000010F3FF4FFAE35F813309B1B07EE903A74
:10C7F000B8EEE77ABB1B06EE903AF8EEE66AC7EEB3
:10C80000267AF5EEC07AF1EE10FA3FF520AFB7EEDA
:10C81000007AF4EEC77AF1EE10FA7FF7F6AEF7EE93
:10C82000007AF2E6BDE8F0876C0700200000000007
:10C8300000007A440000614500409C4600401C46D0
:10C840006C1B00204C1B00200000004370B584B01E
:10C85000204B1A5C003A18BF01224FF400511E48C9
:10C86000FAF78AFB1D4C1E4B63604FF48063236113
:10C870004FF40056E6600025A5600423636120465E
:10C88000FBF756FD2046FBF7BDFC2620FAF788FE95
:10C89000009523681A6800925A680092009A0195E0
:10C8A0001A6801925A680192019A02951A680292D6
:10C8B0005A680292029A03951A6803925B6803937E
:10C8C000039B324607492046FCF72AF8064B1D60B9
:10C8D00004B070BDA43C0108000802404C020020D6
:10C8E000A0860100DC3B0020141B002030B585B081
:10C8F0001F4B1A5C003A18BF01224FF400511D482B
:10C90000FAF73AFB1C4D1D4B6B6000242C61EC6068
:10C91000AC602846FBF70CFD2846FBF773FC26208D
:10C92000FAF73EFE00942B681A6800925A6800924B
:10C93000009A01941A6801925A680192019A02942D
:10C940001A6802925A680292029A03941A68039231
:10C950005B680393039B4FF4005209492846FBF799
:10C96000DFFF084B1C60084B1C7005B030BD00BFDA
:10C97000A03C0108000802404C020020A06806000C
:10C98000DC3B0020141B0020361B002030B585B096
:10C990000446234B5A5C003A18BF01224FF4005161
:10C9A0002048FAF7E9FA204B53F824301F4D6B600A
:10C9B00000242C61EC602846FBF7BAFC2846FBF704
:10C9C00021FC2620FAF7ECFD00942B681A680092EF
:10C9D0005A680092009A01941A6801925A6801926A
:10C9E000019A02941A6802925A680292029A039477
:10C9F0001A6803925B680393039B4FF400520C493F
:10CA00002846FBF78DFF0B4B1C600B4B1C700B4B30
:10CA10001C700B4B1C700B4B1C7005B030BD00BF65
:10CA2000A03C010800080240703C01084C020020B4
:10CA3000DC3B0020141B0020111B0020101B0020D9
:10CA40000F1B00200C1B002030B585B000243C4B90
:10CA50001C703C4B1C603C4B1C603C4B1C803C4B9A
:10CA60001C70FAF701FE3B4B1860FAF7FDFD3A4BDC
:10CA70001860234609E0394A4FF6FF7122F8131077
:10CA8000374A002122F8131001330F2BF3DD354C08
:10CA9000627CC2F300124FF400513348FAF76CFA8B
:10CAA000324D2846FBF744FCD4F80B306B60637CB6
:10CAB00003F00F03012B3CD02C4B00221A61DA60EB
:10CAC0002A4C0025A560042363612046FBF79AFBEE
:10CAD0002620FAF765FD2368DA6822F02002DA6082
:10CAE000DA6822F48072DA605A6922F001025A612F
:10CAF00000951A6800925A680092009A01951A6887
:10CB000001925A680192019A02951A6802925A6833
:10CB10000292029A03951A6803925B680393039B3F
:10CB2000134B4FF000621349204600F0C1FF05B0DF
:10CB300030BD4FF480622A614FF40052EA60BFE7D3
:10CB4000B81B0020901B00208C1B0020D81B00204D
:10CB50003D1B0020B41B0020481B00206C1B002044
:10CB60004C1B00206C070020000802404C020020F3
:10CB7000DC3B00208860024010B5674B1B78012B1E
:10CB800044D0032B65D0022B00F08680092000F0F2
:10CB90005FFDFDF7C7F8FCF775FA5F4B1B78002BBC
:10CBA00040F099805C4B1B78002B00F0A6805B4B1B
:10CBB000587CD3F80B20C0F3001100F00F00FFF7F2
:10CBC00075FC574C2046FBF7EBFEFFF73DFF204678
:10CBD000FBF7E6FE504B1B78002B00F098804F4B84
:10CBE0005B7C03F00F03012B00F08F80032B00F020
:10CBF0008A804C49494BD3F80B204B48FDF788FB02
:10CC000000234A4A13704A4A137010BD434A537CAA
:10CC100023F00F0141F00101517400206FF05F011A
:10CC2000D1726FF07901117301215173907323F068
:10CC30001F030B433F4909783F4C615C090101F038
:10CC400010010B4353743D4B1870062000F000FD9B
:10CC50009FE7324A537C23F00F0141F003015174E6
:10CC600000206FF05F01D1726821117306215173AA
:10CC7000907323F01F0343F003032E490978304CCF
:10CC8000615C090101F010010B4353742B4B1870C8
:10CC9000082000F0DDFC7CE720494B7C23F00F02EC
:10CCA00042F002024A74274A1078274A52F820209C
:10CCB000C1F80B2023F01F0343F002031D4A127832
:10CCC0001F48825C120102F0100213434B740720CC
:10CCD00000F0BEFC5DE7FCF767FD18B11048FBF7FC
:10CCE0005FFE5FE71948FDF713FBFCF78DFC00289A
:10CCF000F4D11748FDF70CFBF0E71A461946184621
:10CD0000FFF7D4FB5DE7134974E7134972E7134853
:10CD1000FDF7FEFA74E700BF381B00206C07002007
:10CD2000F8010020D82F0108783A01083C1B0020A8
:10CD30003B1B00203A1B0020A43C0108441B0020A0
:10CD4000A03C0108391B0020703C0108303A010862
:10CD5000603A0108E82F0108E02F0108903A010825
:10CD600030B583B01F4C2046FBF7E2FA4720FAF7B4
:10CD700017FC2368DA6822F02002DA60DA6822F011
:10CD80008002DA60DA6822F04002DA60164D002391
:10CD90002B80164B4FF020621549204600F088FE8C
:10CDA0002B88ADF8063006E00DF106020D4BD96B6D
:10CDB0000E4800F0D9FEBDF806200A4BD96B0B488F
:10CDC00000F0C2FE0028EFD1074BBDF806201A8004
:10CDD00000F074FF4FF020620649024800F0DAFECE
:10CDE00003B030BD04020020D61B0020DC1B002055
:10CDF00040640240A0640240012800D0704708B59A
:10CE0000034B01221A70FAF72FFC024B186008BD81
:10CE10003D1B0020401B002070B5A2B08D4B1D783B
:10CE2000032D00F0068114D8012D18D0022D14D145
:10CE3000894BDB6B1B685B689BB2C3F50054A4B2E3
:10CE4000013B9BB2B3F5005FC0F0978041F6FF74E1
:10CE500093E0042D01D1FFF78FFE22B070BD7E4B11
:10CE6000DB6B1B685B689BB2C3F50054A4B2013B4B
:10CE70009BB2B3F5005F16D341F6FF7413E0774B16
:10CE80001970774B01221A700DE0764B01221A704F
:10CE9000744B1B78012B30D16E4B04221A70DCE7E7
:10CEA0006F4B00221A70704B1B689C42F0D06F4A87
:10CEB000D15C0133C3F30C036B4A1360684B1B78DE
:10CEC0000BB90F29DBD05A1ED2B2172AE8D85A1C48
:10CED000D2B2634802706148C154182AE3D9FDF701
:10CEE00001F830B1624A13780133DBB21370012BC1
:10CEF000CBD85B4B00221A70D5E7FAF7B5FB5D4B38
:10CF00001B68C01A6328A8D95B4B18780130C0B2DF
:10CF10001870012811D90024574B1C702046FFF7C8
:10CF2000E5FC534B1C704E4B1C704A4B02221A708E
:10CF3000FAF79AFB4F4B18608FE7FFF787FC002347
:10CF40004B4A1370464A1370FAF78EFB494B186030
:10CF500083E7424B1970424B01221A700DE0414B9E
:10CF600003221A703F4B1B78032B30D1394B04221C
:10CF70001A7072E73A4B00221A703B4B1B689C42B6
:10CF8000F0D03A4AD15C0133C3F30C03364A136044
:10CF9000334B1B780BB9C829DBD05A1ED2B2182AE2
:10CFA000E8D85A1CD2B22E4802702C48C154192A13
:10CFB000E3D9FCF7BDFF30B12D4A13780133DBB262
:10CFC0001370012BCBD8264B00221A70D5E7FAF745
:10CFD0004BFB284B1B68C01A4F287FF63EAF264BF1
:10CFE00018780130C0B21870012816D90024234BDC
:10CFF0001C70214B1C7021462046FFF7C7FC204BBC
:10D000001C70204B1C70204B1C70124B03221A709A
:10D01000FAF72AFB174B18601FE7FFF767FC00239E
:10D02000134A13700E4A1370FAF71EFB114B186067
:10D0300013E7094BDB6B1B685B689BB2C3F50056BB
:10D04000B6B2013B9BB2B3F5005F33D341F6FF7636
:10D0500030E000BF3C1B00204C0200201C1B0020C5
:10D06000361B0020381B0020141B0020DC3B002056
:10D07000371B0020181B00203A1B0020391B002002
:10D08000111B00200F1B00200C1B0020002B2FD099
:10D09000012B04D1644B1C70644B02221A70644B48
:10D0A0001B78002B40F08180624B1B78002B66D1EF
:10D0B0002F2C5DD0604B1B689E4276D05F4AD45CBB
:10D0C0000133C3F30C035C4A1360584B1B78022BEB
:10D0D00014D0DBD9032B23D0042BE0D1524B1B7887
:10D0E0008DF80430564B19788DF8051000232FE089
:10D0F000AA2CD4D14D4B01221A70D0E7802C0BD82A
:10D100004F4B1C704F4B00221A701CB90422474B26
:10D110001A70C4E72A46FAE7444B00221A70BEE7A9
:10D1200048490A78531CDBB20B7047498C54444A77
:10D1300012789342B3D33D4B04221A70AFE74248B2
:10D14000C05C03F18A026A4402F8840C0133DBB24A
:10D150009942F4D8023101A8FCF798FFA04203D00D
:10D16000324B00221A709AE7314B02221A7096E76E
:10D17000304B01221A70354B00221A709AE70D2CA1
:10D1800010D00A2C0ED0203CE4B25E2C15D82F4AC9
:10D1900013780133DBB21370142B8BD9254B00228B
:10D1A0001A7087E7224B02221A70214B1B78022B40
:10D1B00007D1274B04221A704FE61E4B00221A702B
:10D1C00078E7FAF751FA234B1D68451B224B1C7870
:10D1D000224B53F82400FFF7C7F98542FFF43DAE18
:10D1E0001F4B19780131C9B2197001290CD91C4B98
:10D1F00000221A70601CC0B2174B18700B280BD994
:10D20000134B04221A7028E62046FFF7BFFBFAF7FB
:10D210002BFA104B186020E61146FFF7B7FBFAF720
:10D2200023FA0C4B186018E60E1B00200F1B002081
:10D23000381B0020111B0020141B0020DC3B0020A9
:10D240000D1B00200C1B00208C1A0020101B00203E
:10D250003C1B0020181B0020391B0020703C0108DB
:10D260003A1B0020144B1B7803B1704710B5012303
:10D27000114A1370114A13700024114B1C70114B8A
:10D280001C70114B1C70114B1C70114B1C70114BFE
:10D290001C70114B1C70114B1C70114B1C70052025
:10D2A00000F0D6F9FCF73EFD2046FFF7CFFAFAF77B
:10D2B000DBF90C4B186010BD3B1B00203C1B002011
:10D2C0003A1B0020391B0020381B0020371B002090
:10D2D000361B0020111B0020101B00200F1B0020FC
:10D2E0000C1B0020181B0020F0B589B0A04B5F7C00
:10D2F000C7F3401787F001069E4B1A889E4BD96BE7
:10D300009E4800F021FC0DE09A4A9B4BD96B9B484C
:10D3100000F02AFC05463146FEF788FF2846FEF756
:10D3200055F92046431E9CB20028EDD1944B1B7842
:10D3300053B1FFF771FD934B1B78002B40F04F81E9
:10D34000FEF7DEFF09B0F0BD8F4B1A888F4BD96B0B
:10D350008F4800F0F9FB864B5B7C03F00F03012B39
:10D360002AD0032B40F03681A6E08A4B18708A4BF6
:10D3700001221A701FE0894A136801331360FAF71B
:10D3800073F9874B1860874B00221A70DFF824C2AC
:10D3900065466E460FCE0FC596E80F0085E80F0074
:10D3A0006046FFF7ADF839466846FFF7EDF82BE029
:10D3B000794B00221A702046431E9CB240B3724A39
:10D3C000724BD96B724800F0CFFB734B1B780BB9D3
:10D3D0000F28CAD05A1ED2B2172AE9D85A1CD2B284
:10D3E0006D490A706B49C854182AE4D96E4A13680B
:10D3F00001331360FAF738F96C4B186069466548D9
:10D40000FCF7D8FC0028B6D1634B00221A70D2E793
:10D41000614B1B78F3B9634B1B78042B8BD8FAF75D
:10D4200023F95F4B1B68C31A40F6B832934282D986
:10D430005C4A137801331370FAF716F9584B1860E9
:10D440005B4C2046FBF7ACFAFFF7FEFA2046FBF7F1
:10D45000A7FA70E7FAF708F9544B1B68C31A142BA4
:10D46000D9D94D4B00221A70D5E74A4B18704A4B58
:10D4700001221A701FE0494A136801331360FAF75A
:10D48000F3F8474B1860474B00221A70DFF824C1AD
:10D4900065466E460FCE0FC596E80F0085E80F0073
:10D4A0006046FFF72DF839466846FFF76DF82BE028
:10D4B000394B00221A702046431E9CB240B3324AB8
:10D4C000324BD96B324800F04FFB334B1B780BB912
:10D4D000C828CAD05A1ED2B2182AE9D85A1CD2B2C9
:10D4E0002D490A702B49C854192AE4D92E4A1368C9
:10D4F00001331360FAF7B8F82C4B186069462548D9
:10D50000FCF733FD0028B6D1234B00221A70D2E776
:10D51000214B1B7803BB234B1B78042B3FF60BAF2F
:10D52000FAF7A2F81E4B1B68C31A40F6B8329342B2
:10D530007FF601AF1B4A137801331370FAF794F8A2
:10D54000174B18601A4C2046FBF72AFAFFF77CFAB3
:10D550002046FBF725FAEEE6FAF786F8134B1B6830
:10D56000C31A142BD7D90C4B00221A70D3E700BF73
:10D570006C070020D61B002004020020DC1B0020CA
:10D580003B1B00203D1B0020D81B00204C0200202C
:10D59000DC3B0020BC1B0020B81B00208C1B0020A3
:10D5A000481B0020441B0020901B0020B41B0020BF
:10D5B000F8010020941B0020104A114BD96B114830
:10D5C00000F0D2FA05463946FEF730FE2846FDF750
:10D5D000FDFF2046431E9CB20028EDD1ABE6FAF7D2
:10D5E00043F8094B1B68C01AB0F57A7F7FF6A8AEE6
:10D5F000064B00221A70FFF735FEA1E6D81B00206B
:10D600004C020020DC3B0020401B00203D1B002082
:10D61000014B1878704700BF3B1B002008B5002263
:10D62000064B1A70064B1A60064B1A70064B1A709E
:10D6300010210648F9F7A0FC08BD00BFE45B0020FC
:10D64000E05B0020DD5B0020DC5B0020000002408E
:10D6500008B50A4B1B78834200D108BD074B1870F0
:10D66000FAF702F8064B18600022064B1A70064BB8
:10D670001A7010210548F9F77FFCEEE7E45B002003
:10D68000E05B0020DD5B0020DC5B0020000002404E
:10D6900010B5F9F7E9FFB24B1C68041BB14B1B78BE
:10D6A000052B00F0F28019D9082B00F03D8155D8E8
:10D6B000062B00F0F880072B28D1AB4B1B78012BF1
:10D6C00040F21A8100221021A848F9F755FCB4F560
:10D6D000FA6F1BD90320FFF7BBFF17E0022B71D0B5
:10D6E00015D8002B4DD0012B10D1A14AA2FB04323A
:10D6F00092094FF47A7303FB1242B2F5FA7F34BFFA
:10D700000022012210219948F9F736FC10BD032BA5
:10D710006AD0042BFAD1A308964AA2FB03235B0923
:10D7200040F24C4202FB13439BB2C72B40F28F8066
:10D73000B3F5C87FC0F09180B3F5167FC0F0938039
:10D74000B3F5487FC0F09580B3F57A7F80F097807D
:10D75000002210218548F9F70FFCD7E7092B00F0CC
:10D760001A810A2BD2D1844BA3FB0432C2F340129C
:10D7700082F0010202F0010210217C48F9F7FCFB63
:10D78000C4E7794B1B78022B16D87B4AA2FB0432E4
:10D79000C2F34712D24302F0010210217348F9F795
:10D7A000EBFB714B1A78C82302FB0333A342ADD8BD
:10D7B00001326D4B1A70A9E7002210216B48F9F76E
:10D7C000DBFBA3E76A4AA2FB043292094FF47A73A7
:10D7D00003FB1242B2F5487F34BF00220122102120
:10D7E0006248F9F7C9FB91E7A308624AA2FB032349
:10D7F0005B0940F24C4202FB13439BB2952B0ED9BE
:10D80000B3F5967F11D3B3F5E17F14D3B3F5167F4B
:10D8100017D2012210215548F9F7AEFB76E7002216
:10D8200010215248F9F7A8FB70E7012210214F4858
:10D83000F9F7A2FB6AE7002210214C48F9F79CFB9C
:10D8400064E7012210214948F9F796FB5EE70022C0
:10D8500010214648F9F790FB58E701221021434870
:10D86000F9F78AFB52E7002210214048F9F784FBC0
:10D870004CE7012210213D48F9F77EFB46E70122E3
:10D8800010213A48F9F778FB40E73B4AA2FB0442F3
:10D89000C2F3001282F0010202F0010210213348AB
:10D8A000F9F76AFB32E7304B1B78022B17D8324A64
:10D8B000A2FB0432C2F34712D24302F0010210214C
:10D8C0002A48F9F759FB284B1A78C82302FB03337F
:10D8D000A3423FF61BAF0132234B1A7016E700221A
:10D8E00010212248F9F748FBB4F5FA6F7FF60EAF26
:10D8F0000220FFF7ADFE09E71F4AA2FB0432C2F384
:10D900004712D24302F0010210211848F9F734FB04
:10D91000154B1A78C82302FB0333A3423FF6F6AE39
:10D920000132114B1A70F1E60F4B1B78032B25D8EF
:10D93000114AA2FB0432C2F34712D24302F00102A1
:10D9400010210A48F9F718FB074B1A78C82302FB85
:10D950000333A3423FF6DAAE0132034B1A70D5E629
:10D96000E05B0020E45B0020DC5B00200000024064
:10D97000D34D6210DD01CA1D1F85EB51002210211D
:10D980001448F9F7F9FAB4F5FA6F7FF6BFAE042040
:10D99000FFF75EFEBAE6104BA3FB0423DB094FF44E
:10D9A000FA6202FB13439BB2B3F57A7F0CD20B4AA7
:10D9B000A2FB0323C3F34712D24302F0010210215A
:10D9C0000448F9F7D9FAA1E6012210210148F9F734
:10D9D000D3FA9BE600000240D34D62101F85EB5145
:10D9E000054B1A68536923F080035361034B1B886E
:10D9F0009BB2034A13807047EC7B0020EA5B002057
:10DA0000E85B002008B5174B1A8892B2164B1B88AA
:10DA10009BB29A4213D0154B1A68536913F0800FCA
:10DA20000DD1114B198889B20E4B1B889BB28B42CA
:10DA300006D90C4B1B889BB25B1A9BB223B908BD5D
:10DA4000C1F500539BB2F9E709480380506940F0E3
:10DA5000800050610432074801440748F9F794FBFD
:10DA6000EDE700BFEA5B0020E85B0020EC7B0020D4
:10DA7000E65B0020EC5B0020F07B002008B5094B42
:10DA80001A68536923F08003536107490B88074ADA
:10DA9000128892B212FA83F3C3F30C030B80FFF7E0
:10DAA000B1FF08BDEC7B0020E85B0020E65B0020B6
:10DAB00070B582B005461E461F4B99422DD80023F3
:10DAC00000931E4B186B40F4001018631B6B03F49B
:10DAD00000130093009B184B99422BD8184C2160DF
:10DAE00062600022A260E2604FF4806323616261A1
:10DAF000A2614FF48073E3614FF4003323626262EA
:10DB00002046F9F7D9FAEC63A5634FF40052314689
:10DB10002846FAF705FF02B070BD00230193074BBA
:10DB2000186B40F4800018631B6B03F480030193AF
:10DB3000019BD0E7034CD2E70F640240003802405B
:10DB4000B07C0020507C00200B68586880B2C0F583
:10DB5000005080B2904202D3801A80B27047801A7F
:10DB600000F5005080B270470B68596889B2C1F562
:10DB7000005189B213888B420AD0C05C01335942EC
:10DB8000C3F30C03C1F30C0158BF4B421380704721
:10DB90000020704770B582B0064600681A4B1860C6
:10DBA00000251A4B1D801A4B1D800195194B186BCF
:10DBB00040F4800018631B6B03F480030193019B06
:10DBC000154C216062604023A360E5604FF48063E0
:10DBD00023616561A561E5614FF4003323626562ED
:10DBE0002046F9F769FAB463A6630C4BE3630C4B68
:10DBF000E3642A4606214520F9F7BEFC4520F9F7E3
:10DC0000CBFC02B070BD00BFEC7B0020EA5B0020C3
:10DC1000E85B002000380240F07B00207DDA00083D
:10DC2000E1D9000838B596461A46002B3DD0038846
:10DC30009BB20C88A4B2A3420BD3E41A41F6FF7145
:10DC400011FA84F4A4B2944200D3144674B30021B0
:10DC500016E0E41AA4B2013CA4B2F4E71EF801C035
:10DC6000134A02F803C00133D3F1000CC3F30C03D1
:10DC7000CCF30C0C58BFCCF100039BB2013189B23C
:10DC80008C42EBD8EFF31082154672B60380094B35
:10DC90001A8892B2084B1B889BB29A4202D12DB9C6
:10DCA00062B603E0FFF7AEFEF9E71C46204638BD3A
:10DCB000EC5B0020EA5B0020E85B002010B582B03E
:10DCC000F9F7D2FC044605E0019B01330193019B67
:10DCD000632BF9DD174B1A8892B2174B1B889BB246
:10DCE0009A4208D0F9F7C0FC001BB0F5FA7F02D2C7
:10DCF00000230193EBE70F4B1A8892B20E4B1B885F
:10DD00009BB29A4201D102B010BD0C4C2046F9F7EB
:10DD100070FA0B4B1A68536923F080035361054B6B
:10DD20001B889BB2044A1380064BE363064BE364F3
:10DD3000E9E700BFEA5B0020E85B0020F07B002001
:10DD4000EC7B00207DDA0008E1D9000808B5024824
:10DD5000F9F7ACFA08BD00BFF07B0020F0B583B046
:10DD600006460D46F9F780FC0746002406E0019BB5
:10DD700001330193019BB3F5FA6FF8DBAC4212D289
:10DD80002B1B9BB2321909490948FFF74BFF20446E
:10DD900084B2A54207D9F9F767FCC01BC82802D88E
:10DDA00000230193E6E7204603B0F0BDE85B0020C6
:10DDB000EA5B0020DFF834D0FAF7F8FD0C480D4993
:10DDC0000D4A002302E0D458C4500433C4188C42D6
:10DDD000F9D30A4A0A4C002301E013600432A2423C
:10DDE000FBD301F0E7FCF7F71DFB704700000120B3
:10DDF00000000020D4010020E0400108D4010020F0
:10DE0000607E0020FEE7002100F012BE0A22002101
:10DE100000F094BE70B504460D4645EC104B164616
:10DE200003F034FB51EC100B7EB1C5F30A53C3F180
:10DE30006B03002B09DD1B0503F17F55002405F55D
:10DE4000401522462B46F6F7CFFB41EC100B70BD78
:10DE50002DE9F04F9FB00E461792002204901A92BF
:10DE60004FF000084FF0000919910A782B2A0D464F
:10DE700001F101011CD00AD80D2A05D8082AF3D8CF
:10DE800072B100230B9382E0202AEDD0F9E72D2A0E
:10DE900010D10122691C19910B926A78002A37D19E
:10DEA000179B1996002B40F0A88542464B462AE066
:10DEB0000022EFE700210B91302A40F09D806A7824
:10DEC00002F0DF02582A5AD102930B9B01931AAB3E
:10DED0000093874A04981BAB19A902F0B9FB10F014
:10DEE0000F04064605D0062C14D1013500231995E0
:10DEF0000B93179B002B40F082850B9B002BD4D0FB
:10DF0000424609F1004343EC102B1FB0BDE8F08FEF
:10DF10000D46D1E71A9A3AB135211CA803F0AFFBA0
:10DF20001A99049802F066FF013C042C06D8DFE839
:10DF300004F014031E211400DDE91C89F10548BF1B
:10DF400049F0004929F000431B0D1B05002BD0D1DF
:10DF500001F02AFC22230360CBE7DDE91C831B9A36
:10DF600023F4801302F2334243EA0259E6E7DFF872
:10DF70008891E3E76FF000494FF0FF38DEE70135A5
:10DF800019952B78302BFAD0002BB2D001234FF00B
:10DF9000000A07932846CDF838A0D3460A23047810
:10DFA000A4F13002092A29D95249012201F08DFB3E
:10DFB000002836D00020224606905C460146652A9D
:10DFC00001D0452A16D124B9079B03433FF468AF1B
:10DFD0000024199E731C199372782B2A7FD02D2A46
:10DFE00000F083804FF0000CA2F13003092B40F2C7
:10DFF000898019960023ACE00023C8E7BBF1080F25
:10E00000DCBF0E9A03FB024200F10100D5BF303A9B
:10E0100003FB0A420E92A2F1300A0BF1010B199098
:10E02000BDE7199B5A1C19925A78BBF1000F3BD0DF
:10E0300006905C46A2F13003092B11D90121BEE7FD
:10E04000199B5A1C19925A780130302AF8D0A2F143
:10E050003103082B00F2D8840690199D0020044655
:10E06000303A00F1010319D006990594194406913C
:10E07000A4464FF00A0E0CF10107391B8B4215DC48
:10E08000059920EAE07001440134082904441CDCAD
:10E090000E990A2303FB01230E930023199A511CA6
:10E0A000199152781846C5E75846CEE7BCF1080FDB
:10E0B00005DC0E990EFB01F10E91BC46DBE70AFB75
:10E0C0000EFC102FD8BFE246F7E70F29DCBF0A236A
:10E0D00003FB0A2AE1E700230693012174E74FF0CE
:10E0E000000CB31C1993B2787EE74FF0010CF8E7EF
:10E0F000903E0108A63C01080000F07F199B5A1CC5
:10E1000019925A78302AF9D0A2F13103082B3FF640
:10E1100071AFDDF864E0CDF814E0A2F130030A93AA
:10E12000059B013319931A780593A2F13007092F43
:10E130003BD9A3EB0E03082B44F61F633DDC0A9F7B
:10E140009F42A8BF1F460597BCF1000F02D0059B58
:10E150005B420593002C51D1079B03437FF4C9AE6A
:10E1600000297FF49DAE692A2BD028DC492A28D0CB
:10E170004E2A7FF495AE9F4919A802F087FC00282B
:10E180003FF48EAE199B1B78282B31D19A491CAADB
:10E1900019A802F090FC05282AD11D9BDDF870809B
:10E1A00043F0FF4949F4E009A3E60A9B0A2707FB6D
:10E1B0000327A7F130020A92B2E70593C4E76E2A5B
:10E1C000D7E78E4919A802F061FC00283FF468AE39
:10E1D000199B8B49013B19A8199302F057FC10B900
:10E1E000199B01331993DFF828924FF0000880E65D
:10E1F000844801F015FB59EC108B7AE6DDE9053215
:10E200000E989B1ABBF1000F08BFA346102C0A936F
:10E210002646A8BF1026F6F76DF9092C80468946D8
:10E2200013DC0A9B002B3FF464AE0A9B6FDD162BB8
:10E2300056DC754901EBC301D1E9000142464B466A
:10E24000F6F7D2F98046894653E66F4B03EBC603D7
:10E2500053E91223F6F7C8F9804650468946F6F787
:10E2600049F902460B4640464946F6F707F80F2C97
:10E2700080468946D5DD0A9BA4EB060A9A44BAF18A
:10E28000000F40F392802AF00F061AF00F0A4DD1CA
:10E29000B6F59A7F5ADC4946DFF870913611404650
:10E2A0000027012E76D1A1F15479584901EBC7011D
:10E2B00002464B46D1E90001F6F796F9544B0A465F
:10E2C0000B4054498B42804640D8A1F580118B42C7
:10E2D00086BFDFF844914FF0FF3802F1547932E005
:10E2E0000A9AC4F125039342C5DB474DC4F10F04DC
:10E2F00005EBC40142464B46D1E90001F6F774F93B
:10E300000A9B1C1B05EBC405D5E9002398E71633CF
:10E31000B1DBDDE905239A1A3B4B03EBC203D3E9DA
:10E32000002340464946F6F789FA8BE7364901EB68
:10E33000CA0142464B46D1E90001F6F755F980463D
:10E340008946002EA4D1002307939BE00024059466
:10E350000E940694049ADFF8B890222313604FF0CD
:10E3600000080E9B002B3FF4C4AD1A99049802F0EC
:10E3700041FD0699049802F03DFDDDE9040102F03B
:10E3800039FD0E99049802F035FD0498214602F0FB
:10E3900031FDAEE5F20703D5D9E90023F6F724F9FC
:10E3A0000137761009F108097BE7CCD0CAF1000AE1
:10E3B0004FEA2A161AF00F0A0DD11F2E2EDD002467
:10E3C00005940E940694049A22234FF000084FF00F
:10E3D00000091360C5E70C4B03EBCA0340464946EE
:10E3E000D3E90023F6F72AFA80468946002EAAD000
:10E3F000E3E700BFB53C01087C3E0108AD3C0108E5
:10E40000E73C0108793E010808400108E03F0108A7
:10E410000000F07F0000A07CFFFFEF7F16F01003EC
:10E4200018BF6A23754F079340464946F30703D543
:10E43000D7E90023F6F7D8F8761007F10807F5D1E9
:10E44000079B80468946ABB1C1F30A52C2F16B0308
:10E45000002B0F460EDD1F2B55DD342BDEBF4FF09A
:10E46000FF33C2F14B029340B046CCBF4FF05C7912
:10E4700003EA01090022002340464946F6F71CFB47
:10E4800000289CD10E9B0093049823465A462946A7
:10E4900002F018FD0E9000283FF458AFDDE9052387
:10E4A0009B1A0A9A002AA8BF00231493002422EA88
:10E4B000E273169305940E9B0498596802F05CFC75
:10E4C000069000283FF446AF0E9B1A69023203F112
:10E4D0000C0192000C3001F094F949EC108B049877
:10E4E0001CAA1BA9CDE90C8903F040F81A9000285A
:10E4F0003FF430AF0498012102F07AFD0590034605
:10E5000040B9059326E74FF0FF3202FA03F303EA1E
:10E510000008AFE71B9D079A002DABBF149B169B0D
:10E52000169E149FACBFEF185E1B1C9BAD1A1D44BA
:10E53000334A013D9542C3F1360354DA3149521B47
:10E540008D42A3EB02034FF0010140DB01FA02FA16
:10E55000002507EB030B1E44079B5F451E443B460B
:10E56000A8BF5B46B342A8BF3346002BC2BFABEB8C
:10E57000030BF61AFF1A149B002B18DD1A46DDE96F
:10E58000040102F001FE059003460028B9D00146BF
:10E590001A9A049802F042FD034600283FF4DAAECE
:10E5A0001A9904980F9302F025FC0F9B1A93BBF164
:10E5B000000F1ADC0A9B002B26DD169A0699049898
:10E5C00002F0E2FD06900346F0B90693C2E6C5F1FB
:10E5D0007F4505F57F0505F57B45E23501FA05F533
:10E5E0004FF0010AB5E70025FAE71A9904985A4650
:10E5F00002F026FE1A900028DCD1ABE6A83E010806
:10E6000002FCFFFFE3FBFFFF002E08DD06990498E4
:10E61000324602F015FE069003460028D5D0002FA2
:10E6200008DDDDE904013A4602F00AFE0590002803
:10E630003FF490AE069A1A99049802F08FFE0446B1
:10E6400000283FF487AEC3680F9300230599C36089
:10E6500002F068FE00283CDA0F9B53EA08035FD102
:10E66000C9F313034E46002B5AD129F000431B0D6A
:10E670001B05B3F1D66F53D9636913B92369012B15
:10E680004EDD21460122049802F0DAFD0599044688
:10E6900002F048FE002843DDAD4B079A3340002AC4
:10E6A0005DD0B3F1D66F5AD8B3F15C7F7FF68BAEF5
:10E6B000A84B404649460022F5F796FFA44B0B4075
:10E6C00080468946002B7FF450AE049A22231360C3
:10E6D0004BE64E4660D10F9AC9F313034AB39E4AE4
:10E6E000934229D1079B4146F3B1994B09EA0303B1
:10E6F000B3F1D46F4FF0FF3219D81B0DC3F16B0388
:10E7000002FA03F3994217D1944B9E4202D1013190
:10E710003FF420AE8E4B334003F580194FF00008D4
:10E72000079B002BC4D120E64FF0FF33EAE71346E6
:10E73000E8E753EA0803AFD0D5B13542F0D00F9BDC
:10E74000079A40464946B3B1FFF764FBDDE90C0187
:10E7500053EC102BF5F792FD80468946E0E7A3F5D0
:10E7600080136FEA13596FEA09594FF0FF38D7E762
:10E770001AEA080FE2E7FFF74DFBDDE90C0153EC65
:10E78000102BF5F779FD0022002380468946F6F725
:10E7900093F90028C4D016E60599204602F03EFF02
:10E7A0005BEC10AB00224FF0804350465946F6F721
:10E7B00097F9002872D00F9B002B7DD1B8F1000F84
:10E7C00058D1C9F31303002B5AD1654B0022504690
:10E7D0005946F6F77BF900285BD150465946614B04
:10E7E0000022F5F701FF82468B460BF10043CDF87E
:10E7F00020A00993DDE90823554DCDE9102306EA51
:10E8000005031593584B06EA05029A4240F0B08082
:10E81000A6F1547949EC108B02F038FEDDE90823AB
:10E8200051EC100BF5F7E0FE42464B46F5F726FD9E
:10E830004E4A0D409542804645D90D9A474B9A4223
:10E8400003D10C9B01333FF485ADDFF810914FF0FD
:10E85000FF381A99049802F0CDFA0699049802F04C
:10E86000C9FADDE9040102F0C5FA0498214602F074
:10E87000C1FA20E6B8F1010F02D1002E3FF4A3AD9A
:10E880009FED2B7BDFF8D8B08DED087B4FF0000AB1
:10E89000B0E7DFF8D0B04FF0000AA6E7314B5046A2
:10E8A00059460022F5F7A0FE0F9B82468B46002BAF
:10E8B0009BD0CDE908AB9DE79FED1F7B8DED087BDD
:10E8C0005BEC17AB96E701F15479079B002BC0D1A5
:10E8D000159A29F000431B0DB2EB035FB9D15046E6
:10E8E000594603F08FFCF5F751FE02460B465046A1
:10E8F0005946F5F7C1FC0F9AC9F3130343EA08031D
:10E90000134306460F4672D00DA3D3E90023F6F752
:10E91000DDF800287FF429AD0BA3D3E900233046AE
:10E920003946F6F7F1F8002893D01EE5AFF30080E2
:10E93000000000000000F0BF000000000000F03FF9
:10E940009535A094FFFFDF3F35E5AF350000E03F90
:10E950000000F07F00005039FFFF0F00FFFFEF7F46
:10E960000000F03F0000E03F0000E07FFFFF9F7CE1
:10E97000079B33B3159BB3F1D46F22D828A3D3E9F7
:10E98000002350465946F6F7ABF8A0B15946504619
:10E99000F6F702F9012838BF0120F5F7ABFD0F9B10
:10E9A00082468B4603BB01F1004312901393DDE9CD
:10E9B0001223CDE91023119B159A03F1D6639B1AFC
:10E9C00011939DED0C0BDDE9106702F05FFD304601
:10E9D00053EC102B3946F5F707FEDDE90C23F5F76C
:10E9E0004DFC8046894670E7CDE912ABDFE70EA308
:10E9F000D3E90023F6F76AF895E700230B93179AFB
:10EA0000199B1360FFF779BA652A3FF464AB452A76
:10EA10003FF461AB0121FFF79FBB00BFAFF3008064
:10EA20000000C0FFFFFFDF419535A094FFFFCF3FFF
:10EA30000A4601460248034B0068FFF709BA00BFC7
:10EA40008401002018000020242B2DE9F04788467F
:10EA500001D8012B06D100F0A7FE16230360002089
:10EA6000BDE8F087344E0D46294615F8014B375D59
:10EA700017F00807F8D12D2C10D12C7801278D1C08
:10EA800033F0100115D1302C0DD1297801F0DF01C0
:10EA9000582908D16C78023510230AE02B2C04BFCA
:10EAA0002C788D1CECE7002BF6D1302C14BF0A23F8
:10EAB000082307F1004E0EF1FF3E0021BEFBF3F9E3
:10EAC0000E4603FB19EAA4F1300CBCF1090F10D873
:10EAD0006446A3421EDDB1F1FF3F07D0B14516D316
:10EAE00001D1A24513DB06FB0346012115F8014BBA
:10EAF000E9E7A4F1410CBCF1190F01D8373CE8E774
:10EB0000A4F1610CBCF1190F04D8573CE1E74FF0B8
:10EB1000FF31EBE74B1C05D122230360764632B967
:10EB200030469DE707B17642002AF9D009B105F1D8
:10EB3000FF38C2F80080F3E7D13E010813460A46C9
:10EB4000014602480068FFF77FBF00BF8401002034
:10EB50002DE9FF4757EC106B002F0C469146DDF86E
:10EB600030A019464FF0000203DA07F100431F46B8
:10EB70002D220D9D0A7025F02005462D04D0452D2F
:10EB800000D10134022100E0032103AB019302AB69
:10EB9000009347EC106B5346224600F0D1FE472D00
:10EBA00080461AD119F0010F0ED000EB04090022A3
:10EBB000002330463946F5F77FFF08B1CDF80C90B9
:10EBC0003022039B4B451ED3039B0E9AA3EB0803F5
:10EBD0004046136004B0BDE8F087462D00EB040901
:10EBE000E5D10378302B0AD1002200233046394684
:10EBF000F5F762FF18B9C4F10104CAF80040DAF869
:10EC000000309944D3E7591C03911A70D9E7F7B53E
:10EC10000029BABF49422D232B23092902704370D2
:10EC20002ADD0DF10704871CA6460A26A446B1FB7F
:10EC3000F6F506FB15123032632904F1FF340CF8A7
:10EC4000012C2946F2DC3031ACF1020204F8011C3F
:10EC5000411C144672450AD30DF10903A3EB0C03C2
:10EC6000A64538BF00233B44181A03B0F0BD12F884
:10EC7000013B01F8013FEDE7302330318370C17073
:10EC8000031DF1E72DE9F04F8FB00C46DDF86080F1
:10EC900016461F46054600F03DFD036807931846DB
:10ECA000F5F7DEFA00230C93D8F8003094F818A09A
:10ECB000D4F800B00890073323F00703B3EC027BCD
:10ECC0008DED047BC8F80030DDE9048323F00049B2
:10ECD00084ED127B9A4B4FF0FF3240464946F5F7E0
:10ECE0001DFF70BB964B4FF0FF3240464946F5F78B
:10ECF000F7FE30BBDDE9040100220023F5F7E6FE54
:10ED000010B12D2384F843308E4A8F4BBAF1470F50
:10ED10008CBF90469846032323612BF004032360A5
:10ED20004FF00009009733460DAA2146284600F00F
:10ED3000CDF9013040F08C804FF0FF300FB0BDE8CE
:10ED4000F08FDDE9042310461946F5F7E7FE40B1E0
:10ED5000059B7E4A002BBCBF2D2384F843307C4B9F
:10ED6000D4E763685A1C0AF0DF093BD106236360CD
:10ED70004BF480620023226003930CABCDE901A326
:10ED80000BAB009361689DED040B0DF12B0328463E
:10ED9000FFF7DEFEB9F1470F0B99804629D1C81C59
:10EDA00002DB63688B4241DAAAF1020A5FFA8AFA4F
:10EDB0000139524604F150000B91FFF728FF0C9ADD
:10EDC0001318012A8146236102DC2268D20701D58B
:10EDD000013323619DF82B30002BA3D02D2384F821
:10EDE00043309FE7B9F1470FC2D1002BC0D10123B7
:10EDF000BDE7BAF1650FDBD9BAF1660F18D100296A
:10EE000063680BDD216113B92268D00702D5013395
:10EE10000B442361A1654FF00009DBE713B92268B9
:10EE2000D20701D50233F4E70123F2E74FF0670A76
:10EE30000C9B8B4205DC23682161D807EAD54B1C6B
:10EE4000E7E70029D4BFC1F1020201221344E0E741
:10EE500023685A0507D42369424631462846B847F5
:10EE6000013028D168E7BAF1650F40F2DB80D4E9C0
:10EE7000120100220023F5F71FFE90B3354A01234B
:10EE800031462846B84701303FF456AFDDE90B382C
:10EE9000434502DB2368D8070DD5DDE9072331465A
:10EEA0002846B84701303FF447AF4FF0000908F15A
:10EEB000FF38C84509DC23689B0700F10481E0683E
:10EEC0000D9B9842B8BF184638E7012304F11A0297
:10EED00031462846B84701303FF42EAF09F1010909
:10EEE000E7E70B9B834237DC1A4A01233146284669
:10EEF000B84701303FF420AFDDE90B3959EA03038D
:10EF000002D12368D907D6D5DDE907233146284643
:10EF1000B84701303FF410AF4FF0000A0B9B5B4243
:10EF2000534501DC4B4697E7012304F11A023146B1
:10EF30002846B84701303FF4FFAE0AF1010AEDE779
:10EF4000FFFFEF7FAC3C0108A83C0108B43C01087E
:10EF5000B03C0108B83C0108A36DDDF830B05B455A
:10EF6000A8BF5B46002B049337DC4FF0000904F187
:10EF70001A02049BD4F858A0002BACBFAAEB0303E1
:10EF800053464B4531DC0B9B9B453ADC2368DA0743
:10EF900037D40B9BABEB0309ABEB0A039945A8BF36
:10EFA0009946B9F1000F34DC4FF000080B9BB9F122
:10EFB000000FABEB0303A8BFA3EB090343457FF7A7
:10EFC0007AAF012304F11A0231462846B8470130CE
:10EFD0003FF4B2AE08F10108E8E7049B424631462F
:10EFE0002846B8470130C0D1A6E60123314628465D
:10EFF0000992B84701303FF49FAE099A09F101091F
:10F00000B7E7DDE9072331462846B8470130C0D1CC
:10F0100092E64B4608EB0A0231462846B8470130D3
:10F02000C2D189E6DDF830A0BAF1010F01DCDB07BF
:10F0300035D50123424631462846B84701303FF4D2
:10F040007BAEDDE9072331462846B84701303FF45F
:10F0500073AED4E91201002200230AF1FF3AF5F75A
:10F060002BFDC8B9534608F1010231462846B8477E
:10F0700001300DD160E6012304F11A023146284621
:10F08000B84701303FF458AE08F10108D045F2DB33
:10F090004B4604F15002E0E64FF00008F6E701238A
:10F0A0004246E2E7012304F1190231462846B847F7
:10F0B00001303FF441AE08F10108E3680D995B1A95
:10F0C0004345EFDCFBE64FF00008F6E72DE9F0479B
:10F0D000914698468A680B69089E9342B8BF1346CA
:10F0E000C9F8003091F8432007460C4612B10133AD
:10F0F000C9F800302368990642BFD9F800300233BE
:10F10000C9F80030256815F0060507D104F1190A81
:10F11000E368D9F800209B1AAB4229DC94F843300D
:10F120002268003B18BF012392062ED404F143024B
:10F1300041463846B047013021D02368A168226992
:10F1400003F00603042B01BFE568D9F80030ED1A7F
:10F1500025EAE57518BF00258B1A2B449142C8BFDC
:10F160001D464FF000091A344D451AD1002008E021
:10F170000123524641463846B047013003D14FF093
:10F18000FF30BDE8F0870135C2E7E1185A1C302096
:10F1900081F84300224494F8451082F8431002336A
:10F1A000C4E70123224641463846B0470130E6D045
:10F1B00009F10109D8E700002DE9F04398460B7EDC
:10F1C00085B0782B174606460C9A0C4609D8622B58
:10F1D00001F1430108D8002B00F0DC80582B00F02F
:10F1E000BD8004F1420539E0A3F163001528F8D889
:10F1F00001A555F820F000BF51F2000865F20008A3
:10F20000E3F10008E3F10008E3F10008E3F100088E
:10F2100065F20008E3F10008E3F10008E3F10008FB
:10F22000E3F1000875F3000891F2000823F30008E9
:10F23000E3F10008E3F100089DF30008E3F10008A2
:10F2400091F20008E3F10008E3F100082BF3000855
:10F250001368191D1B68116004F1420584F84230DF
:10F260000123A8E013682568181D1060280601D541
:10F270001B6803E06A06FBD5B3F90030002B03DA04
:10F280002D225B4284F84320DFF878C10A2213E084
:10F290002568106815F0800F50F8043B02D16D0608
:10F2A00048BF9BB21060227EDFF858C16F2A5DD143
:10F2B0000822002084F843006568A560002D05DB66
:10F2C00020681D4320F00400206051D00D46B3FBA0
:10F2D000F2F002FB103E9A421CF80EE005F801ED38
:10F2E0000346F4D9082A0BD12368DA0708D5236925
:10F2F00062689A42DEBF302305F8013C05F1FF3514
:10F30000491B2161CDF800803B4603AA21463046C7
:10F31000FFF7DCFE013053D14FF0FF3005B0BDE800
:10F32000F083236843F020032360DFF8DCC07823F8
:10F3300084F845302068156810F0800F55F8043BBC
:10F3400003D110F0400F18BF9BB21560C50744BF32
:10F3500040F02000206023B11022AAE7DFF8A4C00B
:10F36000E6E7226822F020022260F5E70A22A0E701
:10F370000D46B7E71368D4F800C060691D1D15601D
:10F380001CF0800F1B6801D0186003E01CF0400FD8
:10F39000FAD01880002323610D46B3E71368191DC6
:10F3A00011601D68626800212846F4F709FF08B162
:10F3B000401B606063682361002384F84330A1E749
:10F3C00023692A4639463046C0470130A4D0236815
:10F3D0009B0714D4E068039B9842B8BF18469DE78A
:10F3E000012304F1190239463046C047013093D059
:10F3F0000135E36803995B1AAB42F1DCEAE70025CB
:10F40000F7E700BFBA3C0108CB3C0108002310B568
:10F410000446C0E90033C0E9043383608181436658
:10F42000C2818361194608225C3000F046F90D4B19
:10F4300063620D4BA3620D4BE3620D4B23630D4BD7
:10F4400024629C4206D003F16802944202D0D03379
:10F450009C4205D104F15800BDE8104000F0CEB93F
:10F4600010BD00BF93F50008B5F50008EDF50008E4
:10F4700013F60008107D0020024A0349034800F0FB
:10F480006BB800BF0C000020D11A010888010020D1
:10F4900041680C4B994210B5044601D002F018FBAC
:10F4A000A168094B994202D0204602F011FBE168A5
:10F4B000064B994204D02046BDE8104002F008BB3C
:10F4C00010BD00BF107D0020787D0020E07D002071
:10F4D00010B50A4B0A4A1A600A4800220421FFF7B5
:10F4E00095FF094801220921FFF790FFBDE8104070
:10F4F000064802221221FFF789BF00BF487E002084
:10F5000079F40008107D0020787D0020E07D002047
:10F51000014800F074B900BF517E0020014800F09E
:10F520006FB900BF517E002010B50446FFF7F0FF11
:10F53000236A1BB1BDE81040FFF7F0BF044B236204
:10F54000044B1B68002BF5D1FFF7C2FFF2E700BFA9
:10F5500091F40008487E00202DE9F8438046894652
:10F5600014460026D4E90175013F05D52468002C16
:10F57000F8D13046BDE8F883AB89012B07D9B5F93E
:10F580000E30013303D029464046C847064368354C
:10F59000EAE710B50C46B1F90E1000F0E1F80028CA
:10F5A000ABBF636DA3891B1823F48053ACBF6365A5
:10F5B000A38110BD2DE9F0411F468B89DB0505466F
:10F5C0000C46164605D5B1F90E100223002200F0B4
:10F5D000B5F8A389B4F90E1023F48053A381324601
:10F5E0003B462846BDE8F04100F0CCB810B50C46CB
:10F5F000B1F90E1000F0A2F8B4F90C30421C0BBFA8
:10F6000023F4805343F48053A381A38118BF606522
:10F6100010BDB1F90E1000F081B8000030B5141E15
:10F620009BB005461A4605DA8B2303604FF0FF3086
:10F630001BB030BD4FF00003199318BF0123E31A2C
:10F6400002930593084B00910491039369461E9B16
:10F6500002F0C6F8431CBCBF8B232B60002CE7D004
:10F66000009B00221A70E3E70802FFFF07B5009332
:10F6700013460A46014603480068FFF7CFFF03B070
:10F6800000BD00BF84010020884210B501EB0204D8
:10F6900002D98442234607D8431EA14207D011F85D
:10F6A000012B03F8012FF8E70244824200D110BD7C
:10F6B00013F8011D02F8011DF7E7024403469342C7
:10F6C00000D1704703F8011BF9E710B56AB10139A1
:10F6D0008418027811F8013F9A4204D10130A04207
:10F6E00001D0002AF5D1D01A10BD1046FCE710B5A4
:10F6F0000139034632B111F8014F03F8014B013AC9
:10F70000002CF7D11A440021934200D110BD03F818
:10F71000011BF9E7004870470801002038B5064C86
:10F72000002305460846236002F01CFD431C02D15D
:10F73000236803B12B6038BD4C7E002038B5074CE0
:10F74000054608461146002222601A4602F032FDA4
:10F75000431C02D1236803B12B6038BD4C7E0020CE
:10F7600038B5074C054608461146002222601A4665
:10F7700002F028FD431C02D1236803B12B6038BD81
:10F780004C7E002038B5074C05460846114600223D
:10F7900022601A4602F02CFD431C02D1236803B1FB
:10F7A0002B6038BD4C7E0020014B1868704700BFAD
:10F7B0008401002070B50D4B0D4C00261D1BB6EBCF
:10F7C000A50F09D102F0E4FE0A4C0B4B00261D1BCD
:10F7D000B6EBA50F05D170BD54F8043B9847013630
:10F7E000EDE754F8043B98470136F1E7D8400108AB
:10F7F000D8400108D8400108DC4001087047704734
:10F8000070470A44914200F1FF3300D1704710B5B0
:10F8100011F8014B03F8014F9142F9D110BD0000DE
:10F820009FED010B704700BF000000000000F87F53
:10F830002DE9F74F03690C69A34280467EDB013C4A
:10F8400001F11407A30000F11405009305EB8403F4
:10F85000019357F8243055F8242001339A4207EBDE
:10F860008409B2FBF3F62ED34FF0000ABC46AE4635
:10F87000D3465CF8043B98B206FB00A0020C1B0CBC
:10F8800006FB0323DEF8002080B292B2121A5A441B
:10F89000DEF800004FEA134A9BB2C3EB224303EBAE
:10F8A000104392B242EA0342E1454EF8042B4FEA7C
:10F8B000234BDED2009BEB582BB9019B1A1F9542BC
:10F8C00030D3C8F81040404601F02CFD002825DB5D
:10F8D00001362946002057F8042BD1F800C01FFA42
:10F8E00082FE1FFA8CF3A3EB0E030344120CC2EB4F
:10F8F000234202EB1C429BB243EA0243B94541F862
:10F90000043B4FEA2240E6D255F8242005EB84035D
:10F9100022B9043B9D420BD3C8F81040304603B0D7
:10F92000BDE8F08F1368002BCBD1043A013CC6E749
:10F930001A68002AF0D1043B013CEBE70020EEE717
:10F940002DE9F04F99B08DED0E0B0C92C269229CFF
:10F950000A9157EC106B8146139382B9102001F085
:10F9600047F90246C9F81C0020B9A94BEF21A94864
:10F9700002F0E6F80023C0E901330360C3601168B8
:10F9800059B152684A60012393408B60484601F0A8
:10F9900031FAD9F81C3000221A60B7F10008B5BF5F
:10F9A00001230023236023609B4BBCBF28F0004849
:10F9B000CDF83C8033EA08031AD1139AC8F3130830
:10F9C00042F20F7358EA0608136000F06185239B2A
:10F9D00053B9924B21E0924B00930833239A136062
:10F9E000009819B0BDE8F08F8C4B00930333F5E716
:10F9F0009DED0E7B002251EC170B00238DED067B55
:10FA0000F5F75AF8824650B1139A01231360239BED
:10FA100013B1239A834B1360834B0093E0E79DED72
:10FA2000060B16AA17A9484601F0A0FD5FEA185474
:10FA3000169D019079D0079BCDF850A0C3F3130316
:10FA4000DDE9060143F07F5343F44013A4F2FF3491
:10FA500019460022754BF4F70FFC67A3D3E9002386
:10FA6000F4F7C2FD66A3D3E90023F4F707FC0646CA
:10FA700020460F46F4F74EFD63A3D3E90023F4F7C5
:10FA8000B3FD02460B4630463946F4F7F7FB06460F
:10FA90000F46F5F759F800228046002330463946D4
:10FAA000F5F714F848B14046F4F734FD32463B46CA
:10FAB000F5F702F808B908F1FF38B8F1160F51D878
:10FAC0005B4B03EBC803D3E90023DDE90601F4F740
:10FAD000FDFF002848D008F1FF38002312932D1BAA
:10FAE0006B1E089343BF0023C5F10107089300274D
:10FAF000B8F1000F3ADB089BCDF8348043440893FB
:10FB0000002309930A9B092B62D8052BC4BF043B31
:10FB10000A930A9BA3F10203CCBF00240124032B08
:10FB200062D8DFE803F05153362B179C2C4404F2C3
:10FB30003243202BC1BFC3F1400308FA03F804F29B
:10FB4000124326FA03F3D6BFC3F1200348EA0300A9
:10FB500006FA03F0F4F7CEFC0122A1F1F873013CA0
:10FB6000149275E70123B9E71290B8E7C8F10003D2
:10FB700009930023A7EB08070D93C3E701230B9319
:10FB80000C9B434405930133012B0493B8BF01231D
:10FB900006E001230B930C9B002B28DDCDE90433F9
:10FBA000D9F81C000021042202F114059D4243D91A
:10FBB0004160484601F0E0F8009000283FD11D4B1D
:10FBC000024640F2AF11D2E60023E3E70023D6E776
:10FBD00001240023CDE90A344FF0FF330022CDE9A0
:10FBE00004330C921223DBE701230B93F4E7012388
:10FBF000CDE904330C93D3E761436F63A787D23F0A
:10FC0000B3C8608B288AC63FFB799F501344D33F0B
:10FC1000F13C0108083D01080000F07FED3C0108BF
:10FC2000E43C0108B93C0108B83C01080000F83F79
:10FC300008400108613D010801315200B4E7D9F8DC
:10FC40001C30009A1A60049B0E2B75D8002C73D0C0
:10FC5000B8F1000F40F3C4809F4B08F00F0203EB94
:10FC6000C20318F4807FD3E900AB4FEA281500F0F7
:10FC7000A3809A4BDDE90601D3E90823F4F7DEFD02
:10FC8000CDE9020105F00F050324944E002D40F04C
:10FC9000998052465B46DDE90201F4F7CFFD8246CA
:10FCA0008B46129B002B00F0C3808D4B00225046E8
:10FCB0005946F4F70BFF002800F0BA80049B002B94
:10FCC00000F0B680059B002B36DD08F1FF33029370
:10FCD00050465946834B0022F4F786FC059E824627
:10FCE0008B4601342046F4F715FC52465B46F4F788
:10FCF0007BFC7D4B0022F4F7C1FA0446A1F150755C
:10FD0000CDE91045002E40F09780784B00225046F8
:10FD10005946F4F7B1FA22462B4682468B46F4F751
:10FD2000F3FE002840F0BD82224605F10043504614
:10FD30005946F4F7CBFE20BB179B002BC0F28D81F8
:10FD4000B8F10E0F00F38981634B03EBC803D3E9CD
:10FD500000AB0C9B002B80F21B81049B002B00F35B
:10FD600017810ED1614B002250465946F4F73CFCF6
:10FD700002460B46DDE90601F4F7B2FE002800F06A
:10FD8000938200252C460C9B009EDB430293274662
:10FD900000242946484601F02DF8002F00F0EE809F
:10FDA0002CB1BC4203D02146484601F023F8394625
:10FDB000484601F01FF8E1E09DED067B02248DED41
:10FDC000027B62E7E90708D550465946D6E9002389
:10FDD000F4F70AFC013482468B466D10083655E76D
:10FDE00022D0C8F100053C4B3C4E05F00F0203EB5E
:10FDF000C203D3E90023DDE90601F4F7F5FB2D1179
:10FE000082468B460224002D3FF44BAFEA0708D50B
:10FE100050465946D6E90023F4F7E6FB0134824602
:10FE20008B466D100836EEE7DDE906AB022438E7B5
:10FE3000049ECDF8088055E7274B03EBC60353E932
:10FE400002010B9B002B55D002460B46002028498F
:10FE5000F4F7F4FCDDE91023F4F70EFA009BCDE98A
:10FE600010019D191E4659465046F4F76DFE00F1EB
:10FE70003004F4F74FFB02460B4650465946F4F760
:10FE8000FBF9DDE9102306F8014B82468B46F4F7B7
:10FE90001DFE002872D152465B4611490020F4F73E
:10FEA000EBF9DDE91023F4F711FE002840F0B680ED
:10FEB000AE423FF441AFDDE910010A4B0022F4F7F6
:10FEC00093FB084BCDE91001002250465946F4F748
:10FED0008BFB82468B46C6E708400108E03F0108DD
:10FEE0000000F03F0000244000001C4000001440CF
:10FEF0000000E03FDDE91023F4F776FB009B009C57
:10FF0000CDE910013344159359465046F4F71CFED1
:10FF100000F13005F4F7FEFA0B460246594650460A
:10FF2000F4F7AAF904F8015B159B9C4282468B46C4
:10FF300027D1009B0022DDE910011E44AA4BF4F7F3
:10FF40009DF902460B4650465946F4F7DDFD002860
:10FF500064D1DDE91023A4490020F4F78DF90246AD
:10FF60000B4650465946F4F7B1FD00283FF4E4AE85
:10FF7000334616F8012D302AFAD01E46DDF80880E7
:10FF80003AE09A4B0022F4F72FFB82468B46BBE700
:10FF9000009E52465B46DDE90601F4F74FFCF4F79C
:10FFA000D3FD0746F4F7B6FA52465B46F4F71CFB5E
:10FFB00002460B46DDE90601F4F75EF907F1300C65
:10FFC000009C06F801CBA6EB040C049C6445024699
:10FFD0000B4633D1F4F752F952465B4604460D46C0
:10FFE000F4F792FDC0B952465B4620462946F4F725
:10FFF00063FD08B1FB070FD40199484600F0FAFEF3
:020000040801F1
:100000000023139A337008F101031360239B002B24
:100010003FF4E6AC1E60E3E4CDF8088033461E46AC
:1000200013F8012D392A06D1009A9A42F7D1029A83
:1000300001320292302201321A709FE76B4B00228C
:10004000F4F7D2FA02460B46CDE90623002200233C
:10005000F4F732FD00289CD0CEE70B9A002A00F07E
:10006000DF800A9A012A00F3C380149A002A00F064
:10007000B78003F23343099D3E46089A01211A4492
:1000800048461F44089200F0B3FF044656B1089B4F
:10009000002B07DDB342089AA8BF3346FF1AF61AB1
:1000A000D31A0893099B0BB30B9B002B00F0BF8066
:1000B000002D00F0B98021462A46484601F064F838
:1000C000019A01460446484600F0A8FF019982467D
:1000D000484600F08FFE099B5B1B099300F0AA8045
:1000E000099A5146484601F04FF8019001214846CF
:1000F00000F07EFF0D9B0546002B00F0D0811A46D4
:100100000146484601F040F80A9B012B054600F3E2
:1001100099800E9B002B40F090800F9BC3F313033C
:10012000002B40F08A800F9B23F000431B0D1B0522
:10013000002B00F08580089B0133013708934FF0B6
:10014000010A0D9B002B00F0B0812B6905EB8303A6
:10015000186900F001FFC0F12000089B184410F05E
:100160001F0076D01B2870DCC0F11C000744064439
:1001700003440893002F05DD01993A46484601F0F3
:100180005FF80190089B002B05DD29461A4648467A
:1001900001F056F80546129B002B5FD001982946C6
:1001A00001F0C0F8002859DA08F1FF3302930199F1
:1001B00000230A22484600F03FFE0B9B0190002BD3
:1001C00000F07581002321460A22484600F034FEE3
:1001D000059B002B044671DC0A9B022B47DC6DE07B
:1001E000169BC3F1360346E70000E03F00002440C1
:1001F000049B5D1E099BAB4208DB5D1B049B002B2F
:10020000BFF63AAF049BFE1A002336E7099B0D9A0E
:100210000995EB1A1A440D92049B3E4600252CE7E3
:10022000099D0B9C3E4631E7DDF804A058E7099A8A
:10023000019957E7CDF804A058E74FF0000A80E78E
:100240009A467EE74FF0000A7FE71C2892D0C0F163
:1002500020001C30089B0744064489E7049BCDF826
:100260000880002B24DC05930A9B022B22DD059BD2
:10027000002B7FF488AD2946059B0522484600F0F7
:10028000DBFD01460546019801F04CF800287FF798
:100290007AAD009E312306F8013B029B01330293A5
:1002A00075E535462C46F4E7049DCDF80880F9E75E
:1002B000049B05930B9B002B00F0FD80002E05DDB9
:1002C00021463246484600F0BBFF0446BAF1000F13
:1002D00058D06168484600F04FFD064628B9814B6A
:1002E000024640F2EF21FFF742BB22690232920040
:1002F00004F10C010C30FFF784FA01223146484624
:1003000000F09EFF0746009B009A03F10108059B41
:10031000134406930E9B03F00103089329460198AA
:10032000FFF786FA2146049000F1300B019800F0A7
:10033000F9FF3A4605902946484601F00FF8C26891
:1003400008F1FF3A0646FAB90146019800F0EAFFC3
:10035000024631464846099200F04CFDDDE909238A
:1003600042EA0301089B194346460FD1BBF1390FFE
:1003700028D0059B002B02DD049B03F1310B8AF88A
:1003800000B006E52746BEE70122E2E7059B002B09
:1003900004DB0A990B4308990B4320D1002AEEDDB8
:1003A00001990122484600F04BFF2946019000F0D8
:1003B000B9FF002803DCE2D11BF0010FDFD0BBF155
:1003C000390FD9D139238AF8003033461E46013B14
:1003D00016F8012C392A52D001321A70D9E4002AB9
:1003E00007DDBBF1390FEDD00BF101038AF80030C6
:1003F000CFE4069B08F801BC43452AD001990023AD
:100400000A22484600F018FDBC4201904FF000035C
:100410004FF00A022146484606D100F00DFD044681
:10042000074608F1010879E700F006FD3946044661
:1004300000230A22484600F0FFFC0746F1E7059B2F
:100440005E1E002B009BD8BF00265A1C2746164470
:10045000002401990122484600F0F2FE294601904D
:1004600000F060FF0028B0DC02D11BF0010FACD11E
:1004700033461E4613F8012D302AFAD089E4009A3B
:100480009A42A3D1029B013302933123137080E47B
:10049000239B002B7FF49FAA134BFFF7BEBA0A9B46
:1004A000012B7FF736AEDDF834A0012055E6059B21
:1004B000002B7FF7D9AE009E01982946FFF7B8F9C7
:1004C00000F1300B009B06F801BBF21A059B93422A
:1004D000B5DD019900230A22484600F0ADFC0190E9
:1004E000EAE700BF613D0108E43C010837B5002997
:1004F00044D051F8043C0190002BA1F10404B8BF92
:10050000E41800F02DFC1E4A0198136833B96360AB
:10051000146003B0BDE8304000F028BCA34208D905
:10052000256861198B4201BF19685B684919216010
:10053000EDE71A465B680BB1A342FAD9116855186A
:10054000A5420BD1246821445418A3421160E0D184
:100550001C685B6853600C441460DAE702D90C2312
:100560000360D6E7256861198B4204BF19685B6890
:10057000636004BF491921605460CAE703B030BD0D
:10058000587E00200369B3EB611F2DE9F0434FEA69
:10059000611200F1140443DD11F01F0104EB830C20
:1005A00004EB82050CD100F110062946614532D3D7
:1005B0009B1A9B00033DAC4538BF0023234414E045
:1005C00054F82260C1F12008CE4005F1040EA14686
:1005D000F44515D89A1A9200043A0135AC4538BF53
:1005E0000022A318A65006B104331A1BA3424FEAF7
:1005F000A20208BF0023026108BF4361BDE8F08387
:10060000DEF8007007FA08F7374349F8047B5EF814
:10061000046BCE40DCE751F8047B46F8047FC5E765
:100620002346E2E7A0F13003092B02D82038C0B2FC
:100630007047A0F16103052B01D84738F7E7A0F117
:100640004103052B01D82738F1E70020704700004F
:100650002DE9F04F85B00F4602930B68019091464B
:100660009C1C20783028A04604F10104F9D0A8EBA6
:100670000303A3F1020BFFF7D5FF8246002838D110
:100680009F4901224046FFF720F80546002863D124
:1006900098F801002646FFF7C5FF00285ED02078B5
:1006A0003028A04604F10104F9D0FFF7BBFFB0FAEF
:1006B00080F4640935464FF0010BC24656460AF1F4
:1006C000010A3078FFF7AEFF0028F7D18C490122EC
:1006D0003046FEF7FAFF78B945B9554656460AF155
:1006E000010A3078FFF79EFF0028F7D1AD1BAD005F
:1006F00004E000242546E0E7002DF7D1337803F02D
:10070000DF03502B37D173782B2B29D02D2B2BD0F7
:10071000711C4FF0000A0878FFF784FF431EDBB21C
:10072000182B28D8A0F1100211F8010FFFF77AFF5B
:10073000431EDBB2182B1AD9BAF1000F00D0524277
:1007400015443960CCB1BBF1000F0CBF0627002760
:10075000384605B0BDE8F08F464655460124CDE742
:100760004FF0000AB11CD6E74FF0010AFAE70A235E
:1007700003FB0200D6E73146E3E7A6EB0803013BA3
:100780002146072B0ADC019800F0F6FA044640B92E
:100790005C4B0246E4215C4801F0D2F901315B1068
:1007A000EFE700F1140A002357469B46B04537D3C4
:1007B00047F804BBA7EB0A07BB102361584600F0BB
:1007C000CBFBD9F80060C0EBC707B74254DDBF1BB5
:1007D0003946204600F076FF804678B17B1E5911DD
:1007E00003F01F025AF821104FF0010808FA02F234
:1007F0000A4203D0434536DC4FF002083946204612
:10080000FFF7C0FE3D44D9F80830AB4242DA019808
:10081000214600F0EFFA0E9A00231360A32797E712
:1008200016F8012D2E2A12D0202B04D147F804BB34
:100830004FF0000B5B4630780393FFF7F3FE039B0A
:1008400000F00F0098404BEA000B0433AEE7B045D0
:10085000EAD82B49039301223046FEF736FF039B6B
:100860000028E1D1A2E7B91E204600F02BFF0028A6
:10087000C2D04FF00308C1E709DAF71B21460198FF
:100880003A4600F0DDFCED1B044600F1140A4FF07F
:100890000008B8E7D9F80430AB426FDD5D1BAE420B
:1008A00034DCD9F80C30022B22D0032B24D0012BBE
:1008B00015D1AE4213D1012E0BD1029AD9F80430D2
:1008C000136001232361CAF800300E9B62271C606D
:1008D0003EE7711E204600F0F5FE0028EDD101989C
:1008E000214600F087FA0E9A0023136050272FE765
:1008F0000F9B002BF3D1E0E70F9B002BDDD1EEE740
:10090000A63C0108613D0108723D01086F1EB8F167
:10091000000F30D127B13946204600F0D3FE804683
:100920007A1101235AF8222007F01F07BB40134217
:100930002946204618BF48F00208761BFFF722FE22
:10094000D9F804500227B8F1000F42D0D9F80C3082
:10095000022B15D0032B17D0012B09D118F0020F51
:1009600006D0DAF8003048EA030818F0010F0ED17B
:1009700047F010072DE04FF00108D1E70127E2E72B
:100980000F9BC3F101030F930F9B002BF0D0D4F802
:1009900010A004F1140303EB8A0100201A68B2F1DD
:1009A000FF3F1BD001321A60022F04F114033CD127
:1009B000D9F80020013AB24209D17111012253F84D
:1009C000213006F01F0602FA06F61E423AD147F021
:1009D00020070E9B1C60029B1D60B9E643F8040BC8
:1009E0009942DBD8A3689A4517DB61680198013109
:1009F00000F0C2F9804618B91A4B02468421CAE6B3
:100A00002269023204F10C0192000C30FEF7F9FE6B
:100A10002146019800F0EEF9444623695A1C04EB84
:100A20008303226101225A61BEE7226952450BDD30
:100A300001212046FFF7A6FDD9F808300135AB4269
:100A4000FFF6E5AE0127C2E716F01F06FAD003EB6A
:100A50008A03C6F1200653F8040C00F07DFAB04278
:100A6000E6DBEFE7613D0108C2F10802920070B5D4
:100A7000C2F120064368046803FA06F52C43D3400C
:100A8000046040F8043F8842F4D370BD30B5036879
:100A90000139013311F8014F14B90360012030BD51
:100AA00013F8012BA2F14105192D98BF2032A24263
:100AB000F0D00020F3E72DE9F04F0B6887B05E110E
:100AC000029013F01F0302EB86060193029B18BFEE
:100AD00004360025371F196846F8045C9046B9466D
:100AE0003C46AB46AA464A784B1C039332B31046A9
:100AF00005910492FFF796FD002851D1049A0599BB
:100B0000202A16D8DA4512DD4C4506D2072D04DC22
:100B10002A4649462046FFF7A7FF444553D90023FC
:100B2000A4F1040944F8043CD3464C461D460399FD
:100B3000D9E7292A59D1029B02311960BAF1000F75
:100B400053D04C4506D2072D04DC2A4649462046A0
:100B5000FFF78AFF444538D9A8F10402234653F829
:100B6000041B42F8041F9F42F9D23B1B23F00303EE
:100B70000134033EB44288BF002308F10402134449
:100B800000211A4604339F421160FAD23B681BB918
:100B9000474528D101233B60052007B0BDE8F08F11
:100BA0000135082D0AF1010A06DD4445BFD90023AD
:100BB00044F8043C0125043C226800F00F0040EAA0
:100BC00002102060B3E70825B1E7019B002BDDD0C0
:100BD000C3F120034FF0FF32DA4056F8043C1340D3
:100BE00046F8043CD2E7043FD0E70420D5E70000F4
:100BF000024B0146186800F025B800BF84010020B0
:100C000070B50F4C0E462168054611B900F088FFFB
:100C100020603146284600F083FF431C03D14FF08B
:100C2000FF34204670BDC41C24F00304A042F8D059
:100C3000211A284600F074FF0130F2D1EFE700BF1F
:100C4000547E00202DE9F843CD1C25F0030508351E
:100C50000C2D38BF0C25002D064601DBA94204D916
:100C60000C2333600020BDE8F883334F00F078F8A0
:100C70003B681C463CBB29463046FFF7C1FF431C7E
:100C8000044656D13C68A046B8F1000F40D1002C74
:100C900049D023684146304604EB030900F040FF89
:100CA000814540D121686D1A29463046FFF7A8FFDB
:100CB000013038D023682B4423603B685A685ABB04
:100CC000C7F800800EE02268521B1ED40B2A16D9EA
:100CD0006119A342256018BF5960636808BF396075
:100CE00062514B60304600F041F804F10B00231DC7
:100CF00020F00700C21A1CBF1B1AA350B3E762689A
:100D0000A3420CBF3A605A60ECE723466468B1E73F
:100D10004446D8F80480B7E71A465B68A342FBD183
:100D200000235360DEE70C233360304600F01EF8EA
:100D300098E70560D6E700BF587E002082B001B971
:100D400001A942B14BB113780B601278101E18BF85
:100D5000012002B070471046FBE76FF00100F8E792
:100D60000148FEF74CBD00BF507E00200148FEF751
:100D700047BD00BF507E002070B5C46905460E46D1
:100D800084B91020FFF734FF0446E86128B9024611
:100D9000164B17486B2100F0D3FE0023C0E9013346
:100DA0000360C360E36853B921220421284600F0A0
:100DB000E5FEEB69E060DB680BB9002070BD53F81D
:100DC000260030B1026843F826200023C0E903332F
:100DD000F4E7012101FA06F4621D9200284600F0B2
:100DE000CDFE0028E9D0C0E90164EEE7F13C01083E
:100DF000D33D010870B5C46906460D4674B910208C
:100E0000FFF7F6FE0246F06120B9094B09488F2131
:100E100000F096FEC0E901440460C4603DB1F3698E
:100E20006A68DB6853F82210296043F8225070BDCD
:100E3000F13C0108D33D01082DE9F0410D69074659
:100E40000C461E4601F1140C0020DCF8003099B26B
:100E500002FB01611E0C0B0C02FB063389B2013050
:100E600001EB034185424CF8041B4FEA1346ECDCCE
:100E70000EB3A368AB4219DC616838460131FFF755
:100E80007BFF804628B902460C4B0D48BA2100F082
:100E900057FE2269023204F10C0192000C30FEF779
:100EA000B0FC21463846FFF7A5FF444604EB850316
:100EB00001355E6125612046BDE8F081613D010894
:100EC000D33D01082DE9F843884614461F46092200
:100ED0000833064693FBF2F3002101229A4209DB14
:100EE0003046FFF749FF40B90246194B1948D32154
:100EF00000F026FE52000131F0E7089B4361092C07
:100F00004FF00103036108DC08F10A050924641BA2
:100F10002B199F4212DCBDE8F88308F10905A946A8
:100F2000A04419F8013B0146303B0A223046FFF746
:100F300083FFC145F5D12544083DE8E715F8013B9D
:100F40000146303B0A223046FFF776FFE0E700BF5C
:100F5000613D0108D33D0108B0F5803F034636BF2F
:100F6000030400201020B3F1807F3CBF1B02083037
:100F7000B3F1805F3CBF1B010430B3F1804F3CBF35
:100F80009B000230002B04DB5B0001D50130704771
:100F900020207047036813F0070201460BD0DA07E0
:100FA00022D4980749BF5B089B0801200B605CBFF7
:100FB0000B600220704798B2A0B91B0C1020DAB267
:100FC0000AB908301B0A1A0704BF1B0904309A0724
:100FD00004BF9B080230DA0702D45B0806D0013058
:100FE0000B6070471046EAE70020704720207047EA
:100FF00010B50C460121FFF7BFFE024628B9054B8C
:10100000054840F2451100F09BFD01234461036156
:1010100010BD00BF613D0108D33D01082DE9F04F2F
:10102000D1F81080D2F81090C84585B00E4614460D
:1010300004DB4B460C46C14616469846A3686168D9
:1010400009EB0807BB42B8BF0131FFF795FE30B985
:1010500002464B4B4B484FF4B17100F071FD00F16B
:10106000140505EB870B2B4600225B4522D306F1C6
:10107000140101EB880304F1140C0CEB890C0293AE
:1010800004F1150363458CBF002301230093ACEBEF
:101090000403153B9B080193029B03918B420CD8E0
:1010A000002F03DD5BF8043D002B67D0076105B01E
:1010B000BDE8F08F43F8042BD7E7B1F800A0BAF1F0
:1010C000000F28D004F11408A9464FF0000E58F87C
:1010D000042BD9F8003096B29BB20AFB0633D9F83C
:1010E0000060120C360C73440AFB026606EB1346D2
:1010F0009BB243EA0643C44549F8043B4FEA164E07
:10110000E5D8009A019B002A4FEA830308BF002319
:101110002B44C3F804E0039BB3F802E00431BEF1B2
:10112000000F29D02B6804F114069846A9464FF009
:10113000000A32880EFB02A202EB18429BB243EA7D
:10114000024349F8043B56F8043BD9F800804FEAC3
:10115000134A1FFA88F30EFB0A3303EB1243B4451C
:101160004FEA134AE5D8009E019A002E4FEA820208
:1011700008BF00222A44536004358DE7013F8FE702
:10118000613D0108D33D01082DE9F843174612F0EF
:10119000030280460D4607D0264C013A002354F83E
:1011A0002220FFF749FE0546BF103FD0D8F81C406B
:1011B00094B91020FFF71CFD0446C8F81C0030B994
:1011C00002461D4B1D4840F2B31100F0B9FC00234C
:1011D000C0E901330360C360A66846B940F27121DB
:1011E0004046FFF705FF0023A060064603602C463B
:1011F0004FF0000907F001037F1053B12946324632
:101200004046FFF70BFF214605464046FFF7F2FD3B
:1012100067B1306838B9324631464046FFF7FEFEC6
:101220003060C0F8009006462C46E3E72846BDE84B
:10123000F88300BFD43F0108F13C0108D33D010809
:101240002DE9F84F0C4649682669A36806EB62163B
:10125000074691464FEA621A06F1010843450BDB47
:101260003846FFF789FD054648B902462B4B2C4806
:101270004FF4EF7100F064FC01315B00EEE700F128
:10128000140100230A461846534539DB20692AEA2F
:10129000EA7A01EB8A0104F1140319F01F098C4664
:1012A00003EB800030D0C9F1200A4FF0000E1A681D
:1012B000E34602FA09F242EA0E02CBF8002053F8A4
:1012C000042B98420CF1040C22FA0AFEEFD8031BFF
:1012D000153B23F0030304F11502904238BF0023AD
:1012E0001944C1F804E0BEF1000F00D1B046384601
:1012F000C5F810802146FFF77DFD2846BDE8F88F30
:1013000042F8040B0133BFE753F8041BCCF800107C
:1013100098420CF1040CF7D8E8E700BF613D0108E2
:10132000D33D010803690A699B1A30B50ED1143008
:10133000143100EB820401EB820154F8045D51F892
:10134000042D954204D006D24FF0FF33184630BD2D
:10135000A042F2D3FAE70123F8E700002DE9F74FA6
:101360008A460646114650461446FFF7DBFF051E27
:1013700012D129463046FFF7FFFC024628B9414BFF
:1013800040F23721404800F0DBFB0123C0E904357F
:10139000104603B0BDE8F08FBCBF5346A2463046AE
:1013A000DAF80410BABF1C4601250025FFF7E4FC5B
:1013B000024618B9334B40F24521E3E7DAF81070E2
:1013C0002669C5600AF1140904F1140E00F1140530
:1013D0000AF1100309EB87080EEB86060193AB4672
:1013E0004FF0000C019B5EF8040B53F804AF01931F
:1013F0001FFA8AF183B2CB1A000C6344C0EB1A4087
:1014000000EB23409BB243EA004376454BF8043B94
:101410004FEA204CE6D8331B153B153423F0030369
:10142000A64238BF0023E8184B441C1D0430264652
:10143000A5EB090546450ED308F10301091B21F070
:1014400003010133984538BF0021014451F8043DA0
:10145000ABB117619CE706EB050E56F8041BE2469C
:101460004FEA11491CFA81FC514409EB2C4989B21D
:1014700041EA09414FEA294CCEF80010DAE7013F72
:10148000E4E700BF613D0108D33D010882B08DED66
:10149000000B019A0F4B1340A3F15073002B08DC93
:1014A0005B42B3F1A07F4FEA235204DA4FF40023EA
:1014B0001341002208E0A2F114031E2BDABF4FF003
:1014C0000042DA40012200231946104641EC100B7D
:1014D00002B070470000F07FF8B5056900F114060E
:1014E00006EB85052F1F55F8044C2046FFF734FD09
:1014F000C0F120030A280B6016DCC0F10B0C24FAA3
:101500000CF1BE4241F07F5334BF55F8081C002156
:10151000153004FA00F021FA0CF143F440130143B2
:101520000A4643EC102BF8BDBE423ABF55F8081CE2
:10153000A5F1080700210B3812D0C0F1200521FACF
:1015400005F384401C43B74244F07F538CBF57F8E7
:10155000044C00248140EC4043F440132143DFE776
:1015600044F07F5343F44013DAE700002DE9F743DA
:101570000F46012159EC108B1646FFF7FDFB05467F
:1015800030B90246234B244840F20F3100F0D8FA1C
:10159000C9F30A54C9F313030CB143F48013019344
:1015A000B8F1000323D068460093FFF7F3FC0099DD
:1015B000D8B1019AC0F1200302FA03F30B43C240F1
:1015C0006B610192019BAB61002B0CBF01220222D7
:1015D0002A61A4B1A4F2334404443C60C0F1350054
:1015E0003060284603B0BDE8F0836961EAE701A8EE
:1015F000FFF7D0FC019B6B6120300122E8E705EB8F
:101600008203A0F2324038601869FFF7A5FCC0EBF6
:101610004210E5E7613D0108D33D0108F7B50E46EC
:1016200069460746FFF758FF01A9304655EC104BB5
:10163000B0EE407AF0EE607AFFF74EFF33693A6918
:10164000D21ADDE900369B1B03EB4213002BD4BFFB
:1016500010EE902A17EE902A51EC100BD6BFC3EB78
:10166000033302EB035502EB03510B4602462946B6
:101670002046F3F7E3F841EC100B03B0F0BD01395D
:1016800070B549111469013102F1140300EB8101B5
:1016900003EB8404051FA3420CD3A31A113B23F0D0
:1016A00003031132944238BF0023184400238842B8
:1016B00005D370BD53F8046B45F8046FEBE740F8B1
:1016C000043BF4E700F1140200694B11984210B595
:1016D00011DB0ADD11F01F0107D052F8234024FA74
:1016E00001F000FA01F18C420BD102EB830393422B
:1016F00003D8002010BD0346F7E753F8041D002966
:10170000F5D00120F6E749B1FF2A85BF8A2303609F
:101710000A704FF0FF3098BF0120704708467047AD
:101720002DE9F0478E681F46BE4282460C46904621
:10173000334653D8B1F90C0010F4906F2BD0656983
:101740002368096905EB4505A3EB010905EBD57590
:101750007B1C6D104B44AB422A4684BF1D462A4673
:10176000430527D511465046FFF76CFA064658B395
:1017700021694A46FEF745F8A38923F4906343F0B4
:101780008003A381266165614E44A5EB09052660AF
:10179000A5603E463B461F4620683A464146FDF757
:1017A00073FFA3689B1BA36023683B442360002056
:1017B000BDE8F087504600F0F5F906460028E1D173
:1017C00021695046FEF792FE0C23CAF80030A38927
:1017D00043F04003A3814FF0FF30E9E73E46DBE7EB
:1017E0002DE9F0471F468B891B069CB006460D4627
:1017F000144610D50B6973B94021FFF723FA28600E
:10180000286130B90C2333604FF0FF301CB0BDE8C5
:10181000F08740236B610023099320238DF8293042
:1018200003973023654F8DF82A304FF00108234687
:101830001A7899461AB1252A03F10103F8D1B9EBB8
:10184000040A0BD05346224629463046FFF768FF6C
:10185000013000F0A380099A5244099299F80030AF
:10186000002B00F09B8000224FF0FF33CDE90532C2
:1018700009F10109049207928DF853201A924C46FF
:10188000052214F8011B4D48F2F79AFC049AD0B9CE
:10189000D00644BF20238DF85330110744BF2B23BB
:1018A0008DF8533099F800302A2B13D007994B4606
:1018B00000204FF00A0C1A78303A092A1C464AD9FF
:1018C000A8B1079113E0C01B08FA00F01043049080
:1018D000A146D4E7039B191D1B680391002BBBBFD6
:1018E0005B4242F0020207930793B8BF0492237849
:1018F0002E2B0AD163782A2B32D1039B1A1D1B6829
:10190000039243EAE37302340593DFF8C090217831
:1019100003224846F2F754FC38B1049BA0EB0900BF
:1019200040228240134301340493217824488DF8E7
:1019300028100622F2F744FC002835D0214818BBB5
:10194000039B073323F0070308330393099B0344E6
:10195000013409936BE701330CFB01210120AAE755
:1019600000230593611C18464FF00A0C0A78303AA0
:10197000092A0C4603D9002BC7D00590C5E70131D1
:101980000CFB00200123F1E703AB00932A460E4B2A
:1019900004A93046FDF776F9421CD7D1AB895B0626
:1019A0003FF532AF099831E703AB00932A46064B67
:1019B00004A93046FDF700FCEEE700BF2D3E01080C
:1019C000373E010885EC000821170108333E010865
:1019D000B1F90C202DE9F041160705460C4651D40B
:1019E0004B68002B02DC0B6C002B49DDE66A002EF5
:1019F00046D0002312F480522F682B6031D0626DE4
:101A0000A389590705D56368D21A636B0BB1236CA0
:101A1000D21A0023E66A216A2846B047421CB4F96C
:101A20000C3006D129681D2945D8284ACA40D60756
:101A300041D500226260D9042269226004D5421C8B
:101A400001D12B6803B96065616B2F60C1B104F1EE
:101A50004403994202D02846FEF748FD0023636301
:101A60000EE0216A01232846B0470246501CC7D128
:101A70002B68002BC4D01D2B01D0162B1AD12F6040
:101A800000201DE00F69002FFAD093070E6808BFF1
:101A90004B690F6018BF0023A6EB07088B60B8F1F5
:101AA000000FEDDD216AA66A43463A462846B04754
:101AB000002807DCA38943F04003A3814FF0FF30E7
:101AC000BDE8F0810744A8EB0008E8E701004020EA
:101AD00038B50B6905460C4613B91D46284638BD76
:101AE00018B1036A0BB9FDF71FFDB4F90C30002BD8
:101AF000F3D0626ED00704D4990502D4A06DFDF72F
:101B00007EFE28462146FFF763FF636EDA0705462F
:101B1000E4D4A3899B05E1D4A06DFDF771FEDDE758
:101B200038B5064C002305460846236000F052FBFA
:101B3000431C02D1236803B12B6038BD4C7E0020CA
:101B40001FB51D46094B1B680646D86852B1084CA4
:101B50000091CDE90142074933462A4600F050F88A
:101B600000F060F8044C2246F2E700BF8401002038
:101B70003E3E01084B3E0108793E010870B5A1FBCD
:101B8000026535B93146FFF75DF8044628B92046AD
:101B900070BD0C2303600024F9E732462946FDF7A7
:101BA0008CFDF4E72DE9F041074615460C4621B9B6
:101BB000BDE8F0411146FFF745B82AB9FEF796FC9B
:101BC0002C462046BDE8F08100F033F885420646F9
:101BD00002D8B5EB500FF4D829463846FFF732F853
:101BE000804608B94446ECE7B5422A46214628BF5C
:101BF0003246FDF706FE21463846FEF777FCF1E750
:101C00000EB403B5014603AB054853F8042B006836
:101C1000019300F03DF802B05DF804EB03B07047AB
:101C20008401002008B5062000F000FA012000F031
:101C3000E7FA51F8043C181F002BBCBF0B58C01822
:101C400070479368013B002B10B4936007DA9469E6
:101C5000A34201DB0A2902D110BC00F02DB91368A0
:101C6000581C10601970084610BC7047F8B506463D
:101C70000F461446D518AC4201D1002007E014F8F5
:101C8000011B3A463046FFF7DCFF431CF3D1F8BD99
:101C90002DE9F04706469CB00D4614461F4618B184
:101CA000036A0BB9FDF740FC6B6ED90705D4AB890D
:101CB0009A0502D4A86DFDF7A2FDAB891B0701D5DB
:101CC0002B699BB92946304600F034F970B16B6E30
:101CD000DE0704D54FF0FF301CB0BDE8F087AB89BC
:101CE0009C05F7D4A86DFDF78BFDF3E7002309935E
:101CF00020238DF82930039730236A4F8DF82A303E
:101D00004FF0010823461A7899461AB1252A03F1A3
:101D10000103F8D1B9EB040A0BD0534622462946F9
:101D20003046FFF7A3FF013000F0A380099A524428
:101D3000099299F80030002B00F09B8000224FF0B0
:101D4000FF33CDE9053209F10109049207928DF8BC
:101D500053201A924C46052214F8011B5148F2F701
:101D60002FFA049AD0B9D00644BF20238DF85330FF
:101D7000110744BF2B238DF8533099F800302A2BDC
:101D800013D007994B4600204FF00A0C1A78303ACE
:101D9000092A1C464AD9A8B1079113E0C01B08FACA
:101DA00000F010430490A146D4E7039B191D1B6863
:101DB0000391002BBBBF5B4242F0020207930793E3
:101DC000B8BF049223782E2B0AD163782A2B32D104
:101DD000039B1A1D1B68039243EAE37302340593C5
:101DE000DFF8D090217803224846F2F7E9F938B1BC
:101DF000049BA0EB0900402282401343013404936A
:101E0000217829488DF828100622F2F7D9F9002800
:101E10003ED0264818BB039B073323F00703083343
:101E20000393099B0344013409936BE701330CFBD3
:101E300001210120AAE700230593611C18464FF0F9
:101E40000A0C0A78303A092A0C4603D9002BC7D06D
:101E50000590C5E701310CFB00200123F1E703AB3E
:101E600000932A46124B04A93046FCF70BFF431C93
:101E7000D7D16B6ED90705D4AB899A0502D4A86D6A
:101E8000FDF7BEFCAB895B063FF524AF099823E75D
:101E900003AB00932A46064B04A93046FDF78CF9A4
:101EA000E5E700BF2D3E0108373E010885EC00083C
:101EB0006D1C0108333E0108F8B505460F4614466F
:101EC00018B1036A0BB9FDF72FFBA369A360A389BF
:101ED0001A0701D5236943B92146284600F02AF89C
:101EE00018B14FF0FF363046F8BD23692068C01A9C
:101EF0006369834205DC21462846FFF7E9FD002897
:101F0000EFD1A368013BA36023685A1C22601F70B5
:101F1000636901308342FEB204D0A389DB07E2D5B6
:101F20000A2EE0D121462846FFF7D2FD0028DAD05C
:101F3000D7E7000038B5284B054618680C4618B19D
:101F4000036A0BB9FDF7F0FAB4F90C30190720D485
:101F5000DA0607D409222A6043F04003A3814FF038
:101F6000FF3031E0580711D5616B41B104F14403F2
:101F7000994202D02846FEF7B9FA00236363002293
:101F8000A38962602269226023F0240343F00803DE
:101F9000A38123694BB9A38903F42073B3F5007FB0
:101FA00003D02146284600F081F8B4F90C3013F034
:101FB00001020AD00022A26062695242A261226933
:101FC00042B913F08000C7D138BD990758BF626984
:101FD000A260F4E70020F7E7840100201F2938B54C
:101FE00005460C4604D9162303604FF0FF3038BD78
:101FF000C26B12B152F821304BB9284600F030F8CC
:10200000224601462846BDE8384000F017B8012BAB
:102010000AD0591C03D1162303600120E7E70021F1
:1020200042F82410204698470020E0E7024B014682
:102030001868FFF7D3BF00BF8401002038B5074CF4
:102040000023054608461146236000F0ABF8431C08
:1020500002D1236803B12B6038BD00BF4C7E002045
:1020600000F090B870B50E46B1F90E10002996B088
:1020700014461D460ADAB28912F0800213D14FF4D9
:10208000806100202A60216016B070BD6A4600F0B1
:1020900047F80028EFDB019A02F47042A2F50053E2
:1020A0005A425A41EBE700224021EAE78B8973B597
:1020B0009E0705460C4607D504F1470323602361BC
:1020C0000123636102B070BD01AB6A46FFF7CAFF2E
:1020D000009E28463146FEF7B5FDB4F90C3038B9FC
:1020E0009A05EFD423F0030343F00203A381E3E74F
:1020F00043F08003A381019B2060C4E90406002B08
:10210000E0D0B4F90E10284600F01CF80028D9D011
:10211000A38923F0030343F00103A381D2E7000066
:1021200038B5074C0023054608461146236000F0E9
:1021300021F8431C02D1236803B12B6038BD00BFD6
:102140004C7E002038B5064C002305460846236027
:1021500000F020F8431C02D1236803B12B6038BD86
:102160004C7E0020024B58221A604FF0FF3070471F
:102170004C7E0020024B58221A604FF0FF3070470F
:102180004C7E0020024B58221A604FF0FF307047FF
:102190004C7E0020024B58221A600020704700BF7E
:1021A0004C7E0020024B58221A604FF0FF307047DF
:1021B0004C7E0020024B58221A604FF0FF307047CF
:1021C0004C7E0020024B58221A604FF0FF307047BF
:1021D0004C7E0020044A05491368002B08BF0B46BB
:1021E00018441060184670475C7E0020807E0020F6
:1021F000024B58221A604FF0FF3070474C7E00208F
:10220000FEE700BF38B50022002304460D46F2F772
:102210005DFC28B920462946BDE8384000F00AB8E0
:10222000204605F1004100F005F8404261EB410114
:1022300038BD00BF70B50C4B002204460D46F2F7C6
:10224000D3F9F2F7A9FC0646F2F754F9074B00223E
:10225000F2F7CAF902460B4620462946F2F70CF877
:10226000F2F79AFC314670BD0000F03D0000F041ED
:102270002DE9F04782B00646DDF828E00846B4466E
:102280000D46002B4ED18A4214466DD9B2FA82F225
:1022900042B1C2F12003954026FA03F394401D4356
:1022A00006FA02FC260CA7B2B5FBF6F14FEA1C4376
:1022B00006FB115543EA054301FB07F0984209D993
:1022C000E31801F1FF3580F00381984240F200816C
:1022D000023923441B1A1FFA8CFCB3FBF6F006FBF1
:1022E00010334CEA034C00FB07F363450AD914EBA7
:1022F0000C0C00F1FF3580F0ED80634540F2EA8080
:10230000A444023840EA0140ACEB030C0021BEF1CA
:10231000000F04D02CFA02F30022CEE9003202B002
:10232000BDE8F0878B4209D9BEF1000F01D0CEE99C
:1023300000610021084602B0BDE8F087B3FA83F1DE
:10234000174600294DD1834202D3B24200F20F81D9
:10235000B6EB070C60EB030301201D46BEF1000F36
:10236000DDD0CEE900C5DAE7002A00F098801A46F1
:10237000B4FA84F3002B40F0AF800B1B270CA6B2FD
:102380000121B3FBF7F54FEA1C4007FB153340EA88
:10239000034306FB05F8984507D9E31805F1FF301C
:1023A00002D2984500F2E8800546A3EB08031FFA25
:1023B0008CFCB3FBF7F007FB10334CEA034C06FB35
:1023C00000F3634508D914EB0C0C00F1FF3602D280
:1023D000634500F2CE803046ACEB030C40EA05408A
:1023E00095E7C1F120058B4022FA05FC4CEA030C6D
:1023F00000FA01F426FA05F3E84002FA01F943EA8B
:1024000004084FEA1C4206FA01FAB0FBF2F71FFA81
:102410008CF602FB17004FEA184444EA004407FB1D
:1024200006F0A0420AD91CEB040407F1FF3380F048
:102430009C80A04240F29980023F6444241A1FFA13
:1024400088F3B4FBF2F002FB104443EA044300FBC0
:1024500006F69E4209D91CEB030300F1FF3480F01D
:1024600082809E427FD90238634440EA0740A0FB45
:1024700009749B1BA3423E46A04664D361D0BEF1C3
:10248000000F0AD0BAEB060263EB080303FA05F566
:10249000CA401543CB40CEE9005300213FE7730803
:1024A00043EAC1734A08190C41EA02414FEAC67C6B
:1024B0009BB2B2FBF4F02646A04627461F2243EA11
:1024C0000143B1FBF4F1A3EB080341EA004158E7F3
:1024D0002946FFE6284615E71A46C3F120019C402D
:1024E00026FA01F320FA01F190400343270C06FA83
:1024F00002FCB1FBF7F0A6B207FB1015190C41EA7C
:10250000054100FB06F58D423BD9611801D28D4291
:1025100020D8491B0138B1FBF7F5019505FB06F8FA
:10252000019D9BB207FB151143EA0143434526D2A7
:10253000E31805F1FF31C6D24345C4D2A91E234496
:10254000C1E7BA459BD2B7EB090664EB0C0401382E
:10255000A04694E7651B29440238B1FBF7F50195C5
:1025600005FB06F8DCE720467FE71F4666E70846DE
:10257000F4E6A44402382FE7023D234415E701990D
:10258000A1E7491BB1FBF7F5019505FB06F8C7E785
:10259000F8B500BFF8BC08BC9E467047F8B500BF50
:0825A000F8BC08BC9E46704720
:1025A800F4390108F8390108083A0108103A010815
:1025B8004853455F4641494C0A0000004150503A93
:1025C800494E49540A0000004641554C543A2045AA
:1025D8004550524F4D2072656164206661696C6593
:1025E800642C207573696E672064656661756C7408
:1025F800730A00004150503A4C4F4F500A000000F7
:102608000D0A00003D3D3D3D3D20E794B5E69CBAEE
:10261800E9A9B1E58AA8E68C87E4BBA4E58897E830
:10262800A1A8203D3D3D3D3D00000000E29480E230
:10263800948020E7B3BBE7BB9FE68C87E4BBA4206C
:10264800E29480E29480000020202F68656C70205E
:102658002020202020202020202020202020202072
:10266800202020E698BEE7A4BAE69CACE5B8AEE523
:102678008AA9000020202F76657273696F6E20206A
:10268800202020202020202020202020202020E67C
:1026980098BEE7A4BAE7A1ACE4BBB62FE8BDAFE4A7
:1026A800BBB6E78988E69CAC0000000020202F73A9
:1026B8007461747573202020202020202020202081
:1026C80020202020202020E698BEE7A4BAE585A88F
:1026D800E983A8E9858DE7BDAEE58F82E695B00070
:1026E80020202F636865636B202020202020202075
:1026F8002020202020202020202020E698BEE7A4AB
:10270800BAE5AE9EE697B6E78AB6E680812028E766
:10271800BC96E7A081E599A82F52504D2FE8BE93AB
:10272800E587BA2FE8BF90E8A18CE697B6E997B499
:102738002900000020202F64657465637420202020
:10274800202020202020202020202020202020E9B8
:10275800878DE696B0E6A380E6B58B2055415254A6
:102768003220E5B7A5E4BD9CE6A8A1E5BC8F2FE61D
:10277800B3A2E789B9E78E870000000020202F73F5
:102788006176652020202020202020202020202065
:1027980020202020202020E4BF9DE5AD98E9858DEC
:1027A800E7BDAEE588B020454550524F4D000000CA
:1027B80020202F6C6F6164202020202020202020E2
:1027C8002020202020202020202020E4BB8E20450F
:1027D8004550524F4D20E58AA0E8BDBDE9858DE7FB
:1027E800BDAE000020202F72657365742020202064
:1027F800202020202020202020202020202020E60B
:1028080081A2E5A48DE587BAE58E82E8AEBEE7BD74
:10281800AE000000E29480E2948020E68EA7E5886E
:10282800B6E599A8E68C87E4BBA420E29480E294FC
:102838008000000020202F73706565646374726CDB
:10284800203C63683E205B6B70206B69206B6420C2
:102858005B696C696D205B6F6C696D205B7065727C
:10286800696F64205B70747970655D5D5D5D5D00A6
:102878002020202020202020202020202020202050
:102888002020202020202020202020E9809FE5BA39
:10289800A6E68EA7E588B6E599A820285049442BD6
:1028A800E99990E5B9852BE591A8E69C9F2BE7B1BE
:1028B800BBE59E8B2900000020202F706F73637486
:1028C800726C203C63683E205B6B70206B69206BE8
:1028D80064205B6F6C696D205B696C696D205B704F
:1028E8006572696F64205B70747970655D5D5D5DAC
:1028F8005D000000202020202020202020202020F3
:10290800202020202020202020202020202020E4FB
:10291800BD8DE7BDAEE68EA7E588B6E599A8202867
:102928005049442BE8BE93E587BAE99990E5B98503
:102938002BE7A7AFE58886E99990E5B9852BE5915E
:10294800A8E69C9F2BE7B1BBE59E8B2C20302E314F
:10295800C2B0E7B2BEE5BAA62900000020202F6D5C
:102968006F6465203C63683E205B6F70656E7C73A6
:10297800706565647C706F735D2020E68EA7E588BE
:10298800B6E6A8A1E5BC8F2028E5BC80E78EAF2F6E
:10299800E9809FE5BAA62FE4BD8DE7BDAE2900000A
:1029A80020202F637072203C63683E205B76616C48
:1029B8005D20202020202020202020E7BC96E7A0B2
:1029C80081E599A8E7BABFE695B020284350522977
:1029D8000000000020202F696E76203C63683E20AE
:1029E8005B307C315D20202020202020202020E723
:1029F80094B5E69CBAE696B9E590912028303DE674
:102A0800ADA3E590912C20313DE58F8DE59091297E
:102A18000000000020202F65696E76203C63683E28
:102A2800205B307C315D202020202020202020E7E2
:102A3800BC96E7A081E599A8E69E81E680A72028B4
:102A4800303DE6ADA3E5B8B82C20313DE58F8DE8E3
:102A5800BDAC2C20E7BB9FE4B880E9A1BAE697B6E5
:102A6800E99288E4B8BAE6ADA329000020202F70C7
:102A78006F73616E676C65203C63683E205B7661AE
:102A88006C5D2020202020E4BD8DE7BDAEE78EAF31
:102A9800E8BDACE4B880E59C88E88489E586B2E6C0
:102AA80095B02028E789A9E79086E7BABFE695B0F0
:102AB8002C20E59BBAE4BBB6E887AAE58AA8C397A9
:102AC800342C20303DE4BDBFE794A8E7BC96E7A0CE
:102AD80081E599A84350522900000000E29480E261
:102AE800948020E7BC96E7A081E599A82FE6BBA4CF
:102AF800E6B3A220E29480E29480000020202F65B3
:102B08006E637A65726F203C63683E202020202027
:102B180020202020202020E6B885E99BB6E68C8777
:102B2800E5AE9AE9809AE98193E7BC96E7A081E54A
:102B380099A8E8AEA1E695B00000000020202F6615
:102B4800696C746572203C63683E205B74797065BB
:102B58005D205B775D2020E9809FE5BAA6E6BBA4EF
:102B6800E6B3A2E599A82028303DE697A02C313D90
:102B7800E6BB91E58AA8E5B9B3E59D872C323DE42B
:102B8800BD8EE9809A2C333DE4B8ADE580BC2900C0
:102B9800E29480E2948020554152543220E9809A90
:102BA800E8AEAF20E29480E29480000020202F75E8
:102BB80061727432205B626175645D205B696E7658
:102BC8005D205B6D6F64655D202055415254322055
:102BD800E9858DE7BDAE2028E6B3A2E789B9E78E7F
:102BE800872FE69E81E680A72FE6A8A1E5BC8F295E
:102BF80000000000202020202020696E763A203036
:102C08003DE6ADA3E5B8B8E69E81E680A72C203165
:102C18003DE58F8DE79BB82028E9BB98E8AEA42056
:102C2800302900002020202020206D6F64653A2084
:102C38007561727428E4BA8CE8BF9BE588B6E58DA7
:102C48008FE8AEAE2CE9BB98E8AEA429207C2073AF
:102C58006275732853425553E5B8A7E8A7A3E69EC3
:102C68009029207C20656C727328454C52532F4361
:102C7800525346E981A5E68EA729000020202F702F
:102C880072696F72697479205B307C315D20202015
:102C980020202020202020E68EA7E588B6E4BC98D6
:102CA800E58588E7BAA72028303D5553415254326C
:102CB800E4BC98E585882C20313D555342E4BC9806
:102CC800E58588290000000020202F74696D656F54
:102CD8007574205B6D735D2020202020202020202B
:102CE800202020E68C87E4BBA4E8B685E697B6E406
:102CF800BF9DE68AA42028303DE585B3E997AD2934
:102D080000000000E29480E2948020E981A5E68E2C
:102D1800A7E58F82E695B020E29480E294800000D7
:102D280020202F736D6170203C63683E205B7362C6
:102D380075735F63685D2020202020E981A5E68EF9
:102D4800A7E9809AE98193E698A0E5B084202863F2
:102D5800683D317E3420E2869220E981A5E68EA77F
:102D6800E9809AE98193E58FB720317E31362900D1
:102D780020202F726D6170203C63683E205B307CA0
:102D8800315D202020202020202020E698A0E5B0DA
:102D980084E6A8A1E5BC8F2028303DE4B8ADE5BFA6
:102DA80083E99BB6E782B9E58F8CE590912C2031B9
:102DB8003D6D696EE99BB6E782B9E58D95E5909121
:102DC8002900000020202F646D6170203C63683E5C
:102DD800205B656E61626C655D205B6469725F6330
:102DE800685D2020E696B9E59091E698A0E5B08464
:102DF8002028656E61626C6520302F31202B20E61B
:102E080096B9E59091E9809AE9819320317E31362F
:102E18002900000020202F73627573706172616D44
:102E2800203C63683E205B76616C5D20202020E9B1
:102E380081A5E68EA7E8A18CE7A88B2028E5BC80B1
:102E4800E78EAF3DE69C80E5A4A750574D2C20E9BE
:102E5800809FE5BAA63DE69C80E5A4A752504D2C7C
:102E680020E4BD8DE7BDAE3DE69C80E5A4A7E8A7BC
:102E780092E5BAA6302E31C2B0E58D95E4BD8D2914
:102E88000000000020202F7362757372616E676501
:102E9800205B6D696E5D205B6D61785D2020202070
:102EA8002020E9809AE98193E580BCE88C83E59B42
:102EB800B4E4B88AE4B88BE7958C2028313030E246
:102EC80089A46D696E3C6D6178E289A4323034372B
:102ED8002C20E69FA5E794A8202F73627573726172
:102EE8006E676529000000004552523A20646574F7
:102EF80065637420616C72656164792072756E6EA9
:102F0800696E6700446574656374696E672E2E2E5A
:102F180020286E6F6E2D626C6F636B696E672C2054
:102F28006D6F746F722073746F7070656429000020
:102F38004F4B20287772697474656E20746F204532
:102F48004550524F4D2900004552523A2073617640
:102F580065206661696C6564000000004F4B20289D
:102F68006C6F616465642066726F6D2045455052D0
:102F78004F4D29005741524E3A20454550524F4D2A
:102F880020696E76616C69642C207573696E6720A0
:102F980064656661756C7473000000004F4B2028EF
:102FA800666163746F7279207265736574290000B5
:102FB80048573A207625642E25642E256420205310
:102FC800573A207625642E25642E256400000000DB
:102FD8005541525400000000534255530000000070
:102FE800454C525300000000E58F8DE79BB8000068
:102FF800E6ADA3E5B8B800005541525432000000D0
:1030080055534200E58F8D00E6ADA3006D696EE96A
:103018009BB6E782B9000000E4B8ADE5BF83E99B41
:10302800B6E782B9000000004F4E00004F46460048
:103038005359533A205553423D32303030303030B6
:10304800205553415254323D256C7520257320E696
:103058009E81E680A73D257320E4BC98E585883DE0
:10306800257320E8B685E697B63D25756D73000093
:103078004D25633A202573204350523D2575202560
:103088007320205370643A202573204B703D252E01
:103098003366204B693D252E3366204B643D252E33
:1030A8003366204F6C696D3D252E306620543D25D2
:1030B800756D73202573000020202020506F733A0F
:1030C800202573204B703D252E3366204B693D2506
:1030D8002E3366204B643D252E3366204F6C696D78
:1030E8003D252E306620496C696D3D252E316620C0
:1030F800543D25756D73204350523D2575000000E1
:1031080052433A20413D6368257528257529204298
:103118003D636825752825752920433D6368257515
:103128002825752920443D6368257528257529209B
:10313800E88C83E59BB43D25757E2575000000006D
:1031480052432D4D25643A206D61703D25732064EE
:1031580069726D61703D2573206469725F63683DB3
:103168006368257500000000656570726F6D5F7299
:103178006561645F6661696C000000006E6F6E6572
:1031880000000000454E433A205B25366C6420253C
:10319800366C642025366C642025366C645D00002E
:1031A80052504D3A205B25366C642025366C6420DD
:1031B80025366C642025366C645D00004F55543A02
:1031C800205B253664202536642025366420253684
:1031D800645D00004552523A202573005550544909
:1031E8004D453A20256C75206D730000E5A29EE9D7
:1031F800878FE5BC8F000000E4BD8DE7BDAEE5BC60
:103208008F000000504F53005350454544000000C4
:103218004F50454E000000006D696EE99BB6E7828D
:10322800B928E58D95E5909129000000E4B8ADE551
:10323800BF83E99BB6E782B928E58F8CE590912991
:10324800000000005553415254320000205BE5BD98
:1032580093E5898DE6A8A1E5BC8F3DE9809FE5BA95
:10326800A62C20E6ADA4E580BC3DE69C80E5A4A79D
:1032780052504D5D00000000205BE5BD93E5898D4F
:10328800E6A8A1E5BC8F3DE4BD8DE7BDAE2C20E6E8
:10329800ADA4E580BC3DE69C80E5A4A7E8A792E53F
:1032A800BAA628302E31C2B0295D0000205BE5BDEA
:1032B80093E5898DE6A8A1E5BC8F3DE5BC80E78E46
:1032C800AF2C20E6ADA4E580BC3DE69C80E5A4A734
:1032D80050574D28307E31303030295D00000000D5
:1032E80073706565646374726C000000E794A8E607
:1032F800B3953A202F73706565646374726C203CD3
:1033080063683E205B6B70206B69206B64205B698F
:103318006C696D205B6F6C696D205B706572696F9D
:1033280064205B70747970655D5D5D5D5D000000B3
:103338004552523A20636820312D340043482564B1
:10334800204B703D252E3366204B693D252E336674
:10335800204B643D252E336620496C696D3D252E32
:103368003166204F6C696D3D252E3166205065729F
:10337800696F643D25756D7320547970653D2573BB
:1033880000000000E794A8E6B3953A202F73706513
:1033980065646374726C203C63683E203C6B703ECD
:1033A800203C6B693E203C6B643E205B2E2E2E5DDC
:1033B800000000004F4B202852414D206F6E6C7961
:1033C80029000000706F736374726C00E794A8E6BC
:1033D800B3953A202F706F736374726C203C6368E6
:1033E8003E205B6B70206B69206B64205B6F6C699F
:1033F8006D205B696C696D205B706572696F642014
:103408005B70747970655D5D5D5D5D004348256442
:1034180020706F73204B703D252E3366204B693D1D
:10342800252E3366204B643D252E3366204F6C696C
:103438006D3D252E316652504D20496C696D3D25F4
:103448002E316620506572696F643D25756D732055
:103458005049443D25730000E794A8E6B3953A2007
:103468002F706F736374726C203C63683E203C6BF2
:10347800703E203C6B693E203C6B643E205B2E2EE8
:103488002E5D000063707200E794A8E6B3953A20B9
:103498002F637072203C63683E205B76616C5D0030
:1034A80043482564204350523D257500696E7600D7
:1034B800E794A8E6B3953A202F696E76203C6368B6
:1034C8003E205B307C315D004348256420696E7680
:1034D8006572743D2575000065696E760000000010
:1034E800E794A8E6B3953A202F65696E76203C6389
:1034F800683E205B307C315D000000004348256455
:1035080020656E635F696E766572743D257500008F
:103518006D6F646500000000E794A8E6B3953A2053
:103528002F6D6F6465203C63683E205B6F70656E2D
:103538007C73706565647C706F735D0043482564B7
:10354800206D6F64653D2573000000006F70656E27
:103558000000000073706565640000004552523A2F
:10356800206F70656E2F73706565642F706F7300C0
:103578007561727432000000426175643D256C7596
:1035880020496E763D257528257329204D6F646581
:103598003D2573004552523A206465746563742072
:1035A80072756E6E696E672C20747279206C617406
:1035B800657200004552523A2062617564203132CA
:1035C80030302D3430303030303000007362757355
:1035D8000000000075617274000000004552523A04
:1035E800206D6F646520736275732F756172742F17
:1035F800656C7273000000004F4B2028E5B7B2E5F8
:10360800BA94E794A8290000736D61700000000067
:10361800E794A8E6B3953A202F736D6170203C6358
:10362800683E205B736275735F63685D000000002D
:103638004348256420534255535F43483D25750050
:103648004552523A20534255535F434820317E3108
:1036580036000000726D617000000000E794A8E673
:10366800B3953A202F726D6170203C63683E205BF1
:10367800307C315D0000000043482564206D617096
:103688006D6F64653D2575202825732900000000AD
:103698004552523A20303DE4B8ADE5BF83E99BB6C8
:1036A800E782B920313D6D696EE99BB6E782B900C2
:1036B800646D617000000000E794A8E6B3953A20B5
:1036C8002F646D6170203C63683E205B656E6162AB
:1036D8006C6520307C315D205B6469725F636820B3
:1036E800317E31365D0000004348256420646972EC
:1036F8006D61703D2573206469725F63683D63681E
:10370800257500004552523A20656E61626C65204D
:10371800302F31004552523A206469725F63682045
:10372800317E31360000000074696D656F75740074
:103738002575206D730000007072696F7269747965
:10374800000000007362757372616E6765000000A7
:10375800E88C83E59BB43A2025757E25752028E4FE
:10376800B8ADE5BF833D2575290000004552523AA2
:1037780020E794A8E6B395202F7362757372616E83
:103788006765203C6D696E3E203C6D61783E20285F
:1037980031303020E289A4206D696E203C206D61B3
:1037A8007820E289A4203230343729004552523A31
:1037B80020E88C83E59BB4E99C802031303020E2FE
:1037C80089A4206D696E203C206D617820E289A46F
:1037D8002032303437000000736275737061726193
:1037E8006D000000E794A8E6B3953A202F73627540
:1037F80073706172616D203C63683E205B76616C1A
:103808005D0000004348256420736275737061721F
:10381800616D3D25752573004F4B202852414D2081
:103828006F6E6C7929257300656E637A65726F0017
:10383800E794A8E6B3953A202F656E637A65726FB0
:10384800203C63683E0000004F4B000066696C74C2
:1038580065720000434825642066696C7465723D92
:1038680025732077696E646F773D25750000000029
:103878004552523A207479706520302D3320283013
:103888003DE697A02C313DE6BB91E58AA8E5B9B3A2
:10389800E59D872C323DE4BD8EE9809A2C333DE4CA
:1038A800B8ADE580BC2900004552523A204C50463C
:1038B8002077696E646F7720312D39390000000058
:1038C8004552523A204D412FE4B8ADE580BC2077EF
:1038D800696E646F7720312D333200004F4B2043DF
:1038E8004825642066696C7465723D257320776984
:1038F8006E646F773D2575202852414D206F6E6CA0
:1039080079290000706F73616E676C6500000000B4
:10391800E794A8E6B3953A202F706F73616E676CD1
:1039280065203C63683E205B76616C5D00000000AA
:103938004348256420706F735F616E676C655F63D1
:1039480070723D25750000004552523A2076616C30
:1039580020302D36353533350000000068656C7031
:103968000000000076657273696F6E00737461748D
:1039780075730000636865636B00000064657465B7
:103988006374000073617665000000006C6F616409
:10399800000000007265736574000000556E6B6E60
:1039A8006F776E20636F6D6D616E6420272F2573AE
:1039B80027000000556E6B6E6F776E20636F6D6D1C
:1039C800616E642E2054797065202F68656C7020B4
:1039D800666F7220617661696C61626C6520636FE5
:1039E8006D6D616E64732E003E200000E697A000A6
:1039F800E6BB91E58AA8E5B9B3E59D87000000001C
:103A0800E4BD8EE9809A0000E4B8ADE580BC000012
:103A1800E5BC80E78EAF0000E9809FE5BAA600000C
:103A2800E4BD8DE7BDAE00005741524E3A206465B3
:103A3800746563742D73617665206661696C65646D
:103A48002C2066616C6C6261636B2066756C6C20FF
:103A5800736176650A0000005741524E3A20667538
:103A68006C6C2073617665206661696C65640A0018
:103A780044657465637465643A2025732040202585
:103A88006C752062707300004465746563746564C6
:103A98003A204641494C20286E6F207369676E6151
:103AA8006C206D6174636865642C20636F6E666951
:103AB8006720756E6368616E6765642900000000A1
:103AC800000610160006101600000000010203048C
:103AD80000000000000000000102030406070809B6
:103AE8000008024000100000000802400008000022
:103AF800040000000000024000100000000802401E
:103B080000020000000000000000024000800000E9
:103B18000008024000040000080000000004024001
:103B280010000000000C0240040000000C0000001F
:103B38000001010024030020940200206C030020EF
:103B4800DC02002000070E091C1B1215383F363115
:103B580024232A2D70777E796C6B6265484F464125
:103B680054535A5DE0E7EEE9FCFBF2F5D8DFD6D115
:103B7800C4C3CACD90979E998C8B8285A8AFA6A105
:103B8800B4B3BABDC7C0C9CEDBDCD5D2FFF8F1F6F5
:103B9800E3E4EDEAB7B0B9BEABACA5A28F888186E5
:103BA80093949D9A2720292E3B3C35321F181116D5
:103BB80003040D0A5750595E4B4C45426F686166C5
:103BC80073747D7A898E878095929B9CB1B6BFB8B5
:103BD800ADAAA3A4F9FEF7F0E5E2EBECC1C6CFC8A5
:103BE800DDDAD3D4696E676075727B7C51565F5895
:103BF8004D4A4344191E171005020B0C21262F2885
:103C08003D3A33344E49404752555C5B7671787F74
:103C18006A6D64633E39303722252C2B0601080F64
:103C28001A1D1413AEA9A0A7B2B5BCBB9691989F54
:103C38008A8D8483DED9D0D7C2C5CCCBE6E1E8EF44
:103C4800FAFDF4F3F4390108F8390108083A0108D3
:103C5800103A010800320108F4310108183A010845
:103C6800203A0108283A010800C20100A086010094
:103C7800A06806000084030000E100000096000030
:103C880080841E00802500000008070000100E0038
:103C9800004B0000403800000001000001002E0029
:103CA800494E4600696E66004E414E006E616E00D8
:103CB80030003031323334353637383941424344B5
:103CC800454600303132333435363738396162632E
:103CD800646566004300504F53495800496E666951
:103CE8006E697479004E614E005245454E54206D00
:103CF800616C6C6F632073756363656564656400EC
:103D08002F646174612F6A656E6B696E732F776FAC
:103D1800726B73706163652F474E552D746F6F6CAE
:103D2800636861696E2F61726D2D31352F7372630F
:103D38002F6E65776C69622D63796777696E2F6E70
:103D480065776C69622F6C6962632F7374646C6940
:103D5800622F64746F612E630042616C6C6F632024
:103D6800737563636565646564002F646174612FAE
:103D78006A656E6B696E732F776F726B73706163B0
:103D8800652F474E552D746F6F6C636861696E2F90
:103D980061726D2D31352F7372632F6E65776C6983
:103DA800622D63796777696E2F6E65776C69622F0C
:103DB8006C6962632F7374646C69622F6764746FD3
:103DC800612D6765746865782E63002F646174617E
:103DD8002F6A656E6B696E732F776F726B73706184
:103DE80063652F474E552D746F6F6C636861696EFC
:103DF8002F61726D2D31352F7372632F6E65776C5D
:103E080069622D63796777696E2F6E65776C696271
:103E18002F6C6962632F7374646C69622F6D7072A2
:103E280065632E6300232D302B2000686C4C0065E1
:103E38006667454647002C2066756E6374696F6E29
:103E48003A2000617373657274696F6E202225735E
:103E580022206661696C65643A2066696C65202277
:103E68002573222C206C696E6520256425732573C3
:103E78000A00000034000000CEFBFFFFCB03000067
:103E8800010000000000000035000000CEFBFFFF2D
:103E9800CB0300000100000000000000000000004B
:103EA800BC89D897B2D29C3C33A7A8D523F6493908
:103EB8003DA7F444FD0FA5329D978CCF08BA5B252A
:103EC800436FAC64280668110020202020202020A1
:103ED80020202828282828202020202020202020B2
:103EE80020202020202020202088101010101010C2
:103EF800101010101010101010040404040404040E
:103F080004040410101010101010414141414141A7
:103F18000101010101010101010101010101010189
:103F28000101010110101010101042424242424299
:103F38000202020202020202020202020202020259
:103F48000202020210101010200000000000000001
:103F58000000000000000000000000000000000059
:103F68000000000000000000000000000000000049
:103F78000000000000000000000000000000000039
:103F88000000000000000000000000000000000029
:103F98000000000000000000000000000000000019
:103FA8000000000000000000000000000000000009
:103FB80000000000000000000000000000000000F9
:103FC80000000000000000000000000005000000E4
:103FD800190000007D0000000080E03779C34143EC
:103FE800176E05B5B5B89346F5F93FE9034F384D57
:103FF800321D30F94877825A3CBF737FDD4F157503
:10400800000000000000F03F000000000000244015
:1040180000000000000059400000000000408F40F0
:10402800000000000088C34000000000006AF8405B
:104038000000000080842E4100000000D01263417F
:104048000000000084D797410000000065CDCD41F5
:10405800000000205FA00242000000E876483742D6
:10406800000000A2941A6D42000040E59C30A24274
:104078000000901EC4BCD64200003426F56B0C43E9
:104088000080E03779C3414300A0D8855734764390
:1040980000C84E676DC1AB43003D9160E458E143F1
:1040A800408CB5781DAF154450EFE2D6E41A4B4466
:1040B80092D54D06CFF08044F64AE1C7022DB544AB
:0840C800B49DD9794378EA4464
:0840D000D000FF7F0100000099
:0440D800B54D0008DA
:0440DC008D4D0008FE
:1040E00001000000100000000024F40000000000A7
:1040F00003000000107D00204300000000000000CD
:1041000000000000000000000000000000000000AF
:10411000000000000000000043000000000000005C
:10412000000000000000000000000000000000008F
:10413000000000000000000043000000000000003C
:10414000000000000000000000000000000000006F
:10415000000000000000000043000000000000001C
:10416000000000000000000000000000000000004F
:1041700000000000000000004300000000000000FC
:10418000000000000000000000000000000000002F
:1041900000000000000000004300000000000000DC
:1041A000000000000000000000000000000000000F
:1041B00000000000000000004300000000000000BC
:1041C00000000000000000000000000000000000EF
:1041D0000000000000000000071701083D0D010865
:1041E00000000000D03E0108A63C0108793E01080D
:1041F000793E0108793E0108793E0108793E0108BF
:10420000793E0108793E0108793E0108793E0108AE
:10421000FFFFFFFFFFFFFFFFFFFFFFFFFFFF0000AC
:104220000100415343494900000000000000000024
:10423000000000000000000000000000000000007E
:104240000000415343494900000000000000000005
:10425000000000000000000000000000000000005E
:10426000000000008801002000000000107D0020F8
:10427000787D0020E07D00200000000000000000AC
:10428000000000000000000000000000000000002E
:10429000000000000000000000000000000000001E
:1042A000000000000000000000000000000000000E
:0442B000000000000A
:040000050800DDB55D
:00000001FF
