:020000040800F2
:1040000000000120D1CA0008095600080B5600081C
:104010001956000827560008355600080000000011
:1040200000000000000000000000000043560008EF
:104030004556000800000000475600084956000891
:1040400021CB000821CB000821CB000821CB0008A0
:1040500021CB000821CB00085156000821CB0008D5
:1040600021CB000821CB000821CB000821CB000880
:1040700021CB000821CB000821CB000821CB000870
:1040800021CB000821CB000821CB00080000000054
:1040900000000000000000000000000021CB00082C
:1040A0005997000821CB000821CB000821CB00083C
:1040B00021CB000821CB000821CB000821CB000830
:1040C00021CB000821CB000821CB000821CB000820
:1040D00021CB000821CB00085D560008000000003D
:1040E00021CB000821CB000821CB000800000000F4
:1040F00000000000000000000000000021CB0008CC
:104100000000000021CB000821CB000821CB0008D3
:10411000000000000000000000000000000000009F
:1041200021CB000821CB000821CB000821CB0008BF
:1041300021CB00080000000000000000000000008B
:1041400000000000000000000000000021CB00087B
:1041500021CB000869CA000821CB00086D56000871
:1041600021CB000821CB0008000000000000000067
:10417000000000000000000000000000000000003F
:104180000000000021CB000800000000000000003B
:0441900021CB000837
:1041A00010F8012B11F8013B012A28BF9A42F7D0E1
:1041B000D01A70470000000000000000000000005E
:1041C00001F0FF01102A2BDB10F0070F08D010F8C8
:1041D000013B013A8B422DD010F0070F42B3F6D1CC
:1041E000F0B441EA012141EA014122F007047FF0E5
:1041F00000070023F0E80256083C85EA010586EA3C
:10420000010685FA47F5A3FA87F586FA47F6A5FA77
:1042100087F68EB9EED1F0BC01F0FF0102F0070283
:1042200032B110F8013B013A83EA010313B1F8D12E
:104230000020704701387047002D06BF354603380F
:10424000073815F0010F07D1013015F4807F02BF48
:10425000013015F4C03F0130F0BC0138704700BF99
:10426000034613F8012B002AFBD1181A01387047B6
:1042700081F0004102E000BF83F0004330B54FEA17
:1042800041044FEA430594EA050F08BF90EA020F84
:104290001FBF54EA000C55EA020C7FEA645C7FEA17
:1042A000655C00F0E2804FEA5454D4EB5555B8BF3A
:1042B0006D420CDD2C4480EA020281EA030382EAAB
:1042C000000083EA010180EA020281EA0303362D3D
:1042D00088BF30BD11F0004F4FEA01314FF4801C10
:1042E0004CEA113102D0404261EB410113F0004F22
:1042F0004FEA03334CEA133302D0524263EB4303D9
:1043000094EA050F00F0A780A4F10104D5F1200E76
:104310000DDB02FA0EFC22FA05F2801841F10001D1
:1043200003FA0EF2801843FA05F359410EE0A5F1A5
:1043300020050EF1200E012A03FA0EFC28BF4CF0D6
:10434000020C43FA05F3C01851EBE37101F000458C
:1043500007D54FF0000EDCF1000C7EEB00006EEB99
:104360000101B1F5801F1BD3B1F5001F0CD3490823
:104370005FEA30004FEA3C0C04F101044FEA44527A
:1043800012F5800F80F09A80BCF1004F08BF5FEA01
:10439000500C50F1000041EB045141EA050130BDE1
:1043A0005FEA4C0C404141EB0101013C28BFB1F5F3
:1043B000801FE9D291F0000F04BF01460020B1FA3E
:1043C00081F308BF2033A3F10B03B3F120020CDA11
:1043D0000C3208DD02F1140CC2F10C0201FA0CF0EF
:1043E00021FA02F10CE002F11402D8BFC2F1200C54
:1043F00001FA02F120FA0CFCDCBF41EA0C0190400A
:10440000E41AA2BF01EB0451294330BD6FEA040452
:104410001F3C1CDA0C340EDC04F11404C4F120023D
:1044200020FA04F001FA02F340EA030021FA04F34F
:1044300045EA030130BDC4F10C04C4F1200220FAA6
:1044400002F001FA04F340EA0300294630BD21FAE4
:1044500004F0294630BD94F0000F83F4801306BFAA
:1044600081F480110134013D4EE77FEA645C18BF9E
:104470007FEA655C29D094EA050F08BF90EA020F35
:1044800005D054EA000C04BF1946104630BD91EA2D
:10449000030F1EBF0021002030BD5FEA545C05D130
:1044A0004000494128BF41F0004130BD14F580046F
:1044B0003CBF01F5801130BD01F0004545F0FE41E3
:1044C00041F470014FF0000030BD7FEA645C1ABF18
:1044D000194610467FEA655C1CBF0B46024650EA4F
:1044E000013406BF52EA033591EA030F41F400217B
:1044F00030BD00BF90F0000F04BF0021704730B501
:104500004FF4806404F132044FF000054FF00001D5
:1045100050E700BF90F0000F04BF0021704730B596
:104520004FF4806404F1320410F0004548BF40426B
:104530004FF000013EE700BF42004FEAE2014FEAC0
:1045400031014FEA02701FBF12F07F4393F07F4F9B
:1045500081F06051704732F07F4208BF704793F09E
:104560007F4F04BF41F40021704730B54FF46074B1
:1045700001F0004521F000411CE700BF50EA0102B4
:1045800008BF704730B54FF000050AE050EA01025D
:1045900008BF704730B511F0004502D5404261EBCD
:1045A00041014FF4806404F132045FEA915C3FF40E
:1045B000D8AE4FF003025FEADC0C18BF03325FEAAB
:1045C000DC0C18BF033202EBDC02C2F1200300FA5C
:1045D00003FC20FA02F001FA03FE40EA0E0021FA81
:1045E00002F11444BDE600BF70B54FF0FF0C4CF46F
:1045F000E06C1CEA11541DBF1CEA135594EA0C0F21
:1046000095EA0C0F00F0DEF82C4481EA030621EA5B
:104610004C5123EA4C5350EA013518BF52EA033596
:1046200041F4801143F4801338D0A0FB02CE4FF048
:104630000005E1FB02E506F00042E0FB03E54FF078
:104640000006E1FB03569CF0000F18BF4EF0010E70
:10465000A4F1FF04B6F5007F64F5407404D25FEA6C
:104660004E0E6D4146EB060642EAC62141EA55511F
:104670004FEAC52040EA5E504FEACE2EB4F1FD0C61
:1046800088BFBCF5E06F1ED8BEF1004F08BF5FEADF
:10469000500E50F1000041EB045170BD06F0004691
:1046A00046EA010140EA020081EA0301B4EB5C043E
:1046B000C2BFD4EB0C0541EA045170BD41F4801136
:1046C0004FF0000E013C00F3AB8014F1360FDEBF5B
:1046D000002001F0004170BDC4F10004203C35DA37
:1046E0000C341BDC04F11404C4F1200500FA05F3BA
:1046F00020FA04F001FA05F240EA020001F000425B
:1047000021F0004110EBD37021FA04F642EB0601D0
:104710005EEA430E08BF20EAD37070BDC4F10C04FA
:10472000C4F1200500FA04F320FA05F001FA04F2BE
:1047300040EA020001F0004110EBD37041F10001AA
:104740005EEA430E08BF20EAD37070BDC4F12005B5
:1047500000FA05F24EEA020E20FA04F301FA05F21D
:1047600043EA020321FA04F001F0004121FA04F2C5
:1047700020EA020000EBD3705EEA430E08BF20EA95
:10478000D37070BD94F0000F0FD101F000464000CF
:1047900041EB010111F4801F08BF013CF7D041EA51
:1047A000060195F0000F18BF704703F00046520055
:1047B00043EB030313F4801F08BF013DF7D043EA26
:1047C0000603704794EA0C0F0CEA135518BF95EADC
:1047D0000C0F0CD050EA410618BF52EA4306D1D163
:1047E00081EA030101F000414FF0000070BD50EA82
:1047F000410606BF1046194652EA430619D094EA0C
:104800000C0F02D150EA013613D195EA0C0F05D1F5
:1048100052EA03361CBF104619460AD181EA030149
:1048200001F0004141F0FE4141F470014FF0000001
:1048300070BD41F0FE4141F4780170BD70B54FF09C
:10484000FF0C4CF4E06C1CEA11541DBF1CEA13551C
:1048500094EA0C0F95EA0C0F00F0A7F8A4EB0504FE
:1048600081EA030E52EA03354FEA013100F08880F5
:104870004FEA03334FF0805545EA131343EA1263BE
:104880004FEA022245EA111545EA10654FEA002673
:104890000EF000419D4208BF964244F1FD0404F52C
:1048A000407402D25B084FEA3202B61A65EB030588
:1048B0005B084FEA32024FF480104FF4002CB6EB45
:1048C000020E75EB030E22BFB61A754640EA0C00C5
:1048D0005B084FEA3202B6EB020E75EB030E22BF05
:1048E000B61A754640EA5C005B084FEA3202B6EB46
:1048F000020E75EB030E22BFB61A754640EA9C0005
:104900005B084FEA3202B6EB020E75EB030E22BFD4
:10491000B61A754640EADC0055EA060E18D04FEA92
:10492000051545EA16754FEA06164FEAC30343EA32
:1049300052734FEAC2025FEA1C1CC0D111F4801FFF
:104940000BD141EA00014FF000004FF0004CB6E7F8
:1049500011F4801F04BF01430020B4F1FD0C88BF97
:10496000BCF5E06F3FF6AFAEB5EB030C04BFB6EBA2
:10497000020C5FEA500C50F1000041EB045170BD95
:104980000EF0004E4EEA113114EB5C04C2BFD4EBC2
:104990000C0541EA045170BD41F480114FF0000E46
:1049A000013C90E645EA060E8DE60CEA135594EAC2
:1049B0000C0F08BF95EA0C0F3FF43BAF94EA0C0FC5
:1049C0000AD150EA01347FF434AF95EA0C0F7FF43A
:1049D00025AF104619462CE795EA0C0F06D152EA8E
:1049E00003353FF4FDAE1046194622E750EA410672
:1049F00018BF52EA43067FF4C5AE50EA41047FF483
:104A00000DAF52EA43057FF4EBAE12E74FF0FF3CE7
:104A100006E000BF4FF0010C02E000BF4FF0010CB8
:104A20004DF804CD4FEA410C7FEA6C5C4FEA430C31
:104A300018BF7FEA6C5C1BD001B050EA410C0CBF80
:104A400052EA430C91EA030F02BF90EA020F0020E2
:104A5000704710F1000F91EA030F58BF994208BF49
:104A600090422CBFD8176FEAE37040F00100704706
:104A70004FEA410C7FEA6C5C02D150EA013C07D15D
:104A80004FEA430C7FEA6C5CD6D152EA033CD3D0A8
:104A90005DF8040B704700BF8446104662468C46A2
:104AA0001946634600E000BF01B5FFF7B7FF0028D5
:104AB00048BF10F1000F01BD4DF808EDFFF7F4FFFE
:104AC0000CBF012000205DF808FB00BF4DF808ED89
:104AD000FFF7EAFF34BF012000205DF808FB00BFAC
:104AE0004DF808EDFFF7E0FF94BF012000205DF8CE
:104AF00008FB00BF4DF808EDFFF7CEFF94BF012083
:104B000000205DF808FB00BF4DF808EDFFF7C4FF7B
:104B100034BF012000205DF808FB00BF4FEA410CC4
:104B20007FEA6C5C02D150EA013C0AD14FEA430CA7
:104B30007FEA6C5C02D152EA033C02D14FF00000E4
:104B400070474FF0010070474FEA410212F5001222
:104B500015D211D56FF47873B3EB625212D94FEAC4
:104B6000C12343F0004343EA505311F0004F23FAAE
:104B700002F018BF404270474FF00000704750EA03
:104B8000013005D111F0004008BF6FF000407047C0
:104B90004FF00000704700BF4A0011D212F500121A
:104BA00011D20DD56FF47873B3EB62520ED44FEA85
:104BB000C12343F0004343EA505323FA02F0704705
:104BC0004FF00000704750EA013002D14FF0FF3043
:104BD00070474FF0000070474FEA4102B2F1E043E6
:104BE00024BFB3F5001CDCF1FE5C0DD901F0004CD4
:104BF0004FEAC0024CEA5070B2F1004F40EB830024
:104C000008BF20F00100704711F0804F21D113F14F
:104C10003872BCBF01F00040704741F480114FEA88
:104C20005252C2F11802C2F1200C10FA0CF320FA11
:104C300002F018BF40F001004FEAC1234FEAD3232E
:104C400003FA0CFC40EA0C0023FA02F34FEA430398
:104C5000CCE77FEA625307D150EA01331EBF4FF021
:104C6000FE4040F44000704701F0004040F0FE403C
:104C700040F40000704700BF7BB972B90029BEBF85
:104C800000204FF0004106E008BF00281CBF6FF075
:104C900000414FF0FF3000F057B8ADF1080C6DE95E
:104CA00004CE002909DB002B1ADB0CF071F9DDF8CA
:104CB00004E0DDE9022304B07047404261EB4101AA
:104CC000002B1BDB0CF064F9DDF804E0DDE90223C6
:104CD00004B0404261EB4101524263EB4303704731
:104CE000524263EB43030CF053F9DDF804E0DDE9D5
:104CF000022304B0404261EB41017047524263EB32
:104D000043030CF045F9DDF804E0DDE9022304B0CB
:104D1000524263EB4303704753B94AB9002908BFB5
:104D200000281CBF4FF0FF314FF0FF3000F00CB8EF
:104D3000ADF1080C6DE904CE0CF02AF9DDF804E0C1
:104D4000DDE9022304B07047704700BF0348044BFD
:104D5000834202D0034B03B118477047D4010020AF
:104D6000D4010020000000000548064B1B1AD90F93
:104D700001EBA301491002D0034B03B11847704760
:104D8000D4010020D40100200000000010B5064C22
:104D9000237843B9FFF7DAFF044B13B10448AFF3AC
:104DA00000800123237010BDD4010020000000000A
:104DB000B012010808B5054B1BB105490548AFF312
:104DC0000080BDE80840FFF7CFBF00BF0000000033
:104DD000D8010020B01201082DE9F04F8BB005ADCD
:104DE0000024059406940794089409940094524B67
:104DF0001A6B42F080021A631A6B02F08002009272
:104E0000009A01941A6B42F004021A631A6B02F0C2
:104E100004020192019A02941A6B42F001021A6391
:104E20001A6B02F001020292029A03941A6B42F08A
:104E300008021A631A6B02F008020392039A0494A0
:104E40001A6B42F002021A631B6B03F00203049315
:104E5000049B3A4F224649F21001384601F0AEFF5A
:104E6000DFF8DC80224643F62061404601F0A6FFD1
:104E7000DFF8D0B022460421584601F09FFFDFF84A
:104E8000C8A022461021504601F098FF0126059641
:104E90004FF40413069307942946404601F09EFE02
:104EA00049F210030593069607940894294638465C
:104EB00001F094FE082305934FF00209CDF81890F5
:104EC000079403230893072309932946384601F0E2
:104ED00085FE43F6206305930696079408942946B9
:104EE000404601F07BFE4FF00408CDF81480069692
:104EF000079408942946584601F070FE1023059344
:104F00000696079408942946504601F067FE22460B
:104F10000521062002F044FA062002F051FACDF8ED
:104F200014800694CDF81C9008942946384601F068
:104F300055FE0BB0BDE8F08F003802400000024083
:104F400000080240000C02400004024002681B4BB3
:104F50009A4230D070470133032BFBDC184A52F8D9
:104F60002310013142F8231052F8231003F10802F4
:104F7000144830F81220914206D3114A002142F819
:104F80002310114A0121D154104A52F82310013143
:104F900042F8231052F8231003F10C02094830F8AC
:104FA00012209142D7D3094A002142F82310084A1F
:104FB0000121D154CFE70023CEE700BF00400140DC
:104FC0007C0800206807002078080020680800207E
:104FD0006408002000B583B072B61021064801F0C5
:104FE000F3FE00230193019A044B9A42F5D8019BEA
:104FF00001330193F7E700BF000002407F841E00E9
:1050000008B50A480A4B03600A4B436000238360DB
:10501000C3604FF48042026143618361C3610362F4
:1050200000F076FF00B908BDFFF7D4FFFC030020B5
:1050300000540040A086010010B592B000241094E6
:10504000119409940A940B940C940D940E940F945B
:105050002022214601A809F0C0F92C482C4B0360FE
:105060000323436084604FF47A73C3600461446136
:10507000846102F021FC00283AD11090119010A90F
:10508000224802F033FE002834D1602309930246FF
:105090000A900B900C900D900E900F9009A91B4850
:1050A00002F0C6FC40BB042209A9184802F0C0FC6B
:1050B00020BB082209A9154802F0BAFC00BB0C224B
:1050C00009A9124802F0B4FCE0B9019002900390E3
:1050D000049005904FF400520692089001A90B48E5
:1050E00002F042FE80B9094800F0EEFB12B010BD9C
:1050F000FFF770FFFFF76EFFFFF76CFFFFF76AFF28
:10510000FFF768FFFFF766FFFFF764FFB4030020B7
:105110000000014010B58CB003AC242200212046D1
:1051200009F05BF900230193029312484FF080428B
:105130000260436083604FF0FF32C26003618361AD
:1051400003230393012205920423079309920B93EF
:10515000214602F0DDFB40B90190029001A905480B
:1051600002F0C4FD18B90CB010BDFFF733FFFFF714
:1051700031FF00BF6C03002010B58CB003AC2422BB
:105180000021204609F029F90023019302931148D8
:10519000114A0260436083604FF6FF72C260036190
:1051A0008361032303930122059204230793099249
:1051B0000B93214602F0ACFB40B90190029001A98B
:1051C000044802F093FD18B90CB010BDFFF702FFC0
:1051D000FFF700FF240300200004004010B58CB04E
:1051E00003AC24220021204609F0F7F800230193A4
:1051F00002931148114A0260436083604FF6FF72C8
:10520000C260036183610323039301220592042397
:10521000079309920B93214602F07AFB40B9019063
:10522000029001A9044802F061FD18B90CB010BD4C
:10523000FFF7D0FEFFF7CEFEDC02002000080040A2
:1052400010B58CB003AC24220021204609F0C5F82B
:105250000023019302931148114A02604360836066
:105260004FF0FF32C2600361836103230393012285
:1052700005920423079309920B93214602F048FB01
:1052800040B90190029001A9044802F02FFD18B91D
:105290000CB010BDFFF79EFEFFF79CFE94020020AD
:1052A000000C004008B50A480A4B03604FF4E13394
:1052B000436000238360C360036104224261836111
:1052C000C36102F0B3FE00B908BDFFF783FE00BF63
:1052D0004C0200200044004008B50948094B036017
:1052E000094B436000238360C36003610C22426169
:1052F0008361C36102F09AFE00B908BDFFF76AFE40
:10530000040200200014014080841E0010B594B0F7
:105310003022002108A809F060F8002303930493C9
:1053200005930693079301933A4A116C41F080511B
:105330001164116C01F08051019101990293364979
:105340000B6823F4404343F400430B600B6803F401
:1053500040430293029B936803F00C03082B42D056
:10536000012308934FF48033099302230E934FF4E3
:1053700080030F93082310934FF4A8731193042311
:1053800012930723139308A801F0E4F8E0B1234B2C
:105390004FF001021A7008AC30220021204609F0BB
:1053A0001CF80222089201230B9310230C930E92F7
:1053B00010934FF4A87311930423129307231393AC
:1053C000204601F0C7F808BB0F2303930221049184
:1053D00005904FF480520692079003A801F028FB35
:1053E000B0B914B010BD936823F00303936002F0CA
:1053F0004FF80446074B9B6813F00C0FB0D002F037
:1054000047F8001B6428F5D9FFF7E4FDFFF7E2FD3C
:10541000FFF7E0FD0038024000700040F40100207A
:1054200008B502F00FF83D4B3D4A9A60BFF34F8F2D
:10543000BFF36F8F62B6FFF769FF3A483A4B0360DC
:10544000042343604FF4FA73836003F08FF908B1CB
:10545000FFF7C0FD354A936843F480539360FFF72C
:10546000BBFCFFF7CDFDFFF7E7FDFFF753FEFFF7AE
:1054700083FEFFF7B3FEFFF7E3FEFFF713FFFFF72F
:105480002BFF06F0DFFF2A4B1B7803BB04F030F83C
:1054900003F0AAF903F0A6FB03F026FD04F0F6F8EA
:1054A00005F010FC06F06AF906F0D0FB092121484E
:1054B00007F0E2FA204B93F82130012B0ED00320A5
:1054C00006F0DAFF09211D4807F0D6FA1AE0642336
:1054D00009221B491B4802F0D9FDD7E7022006F03C
:1054E000CBFFEFE704F09CF904F0C0F913E030BF04
:1054F00001F0CEFF144B1B689842F8D001F0C8FFB2
:10550000114B1860074803F05FF906F0D7FF06F06B
:1055100093FF0028E6D006F03DFEE9E700ED00E04D
:1055200000400008F801002000300040002004E0A6
:10553000F4010020E412010868070020F0120108BD
:10554000D812010804020020F0010020104B114A7B
:105550001A6058604FF0E022D2F8281D9960D2F806
:105560002C1DD960D2F8341D1961D2F8382D5A613A
:10557000734613F0040F07D0EFF309829169044BCF
:1055800099615269DA617047EFF30882F6E700BF6C
:10559000B87D0020FAADDE0030B585B0054672B6A4
:1055A00026E0019B01330193019A144B9A42F8D9EA
:1055B00000221021124801F001FC0023029302E0B6
:1055C000029B01330293029A0C4B9A42F8D90134A0
:1055D000AC4207DA01221021094801F0EFFB002359
:1055E0000193E1E700230393039A064B9A4201D902
:1055F0000024EDE7039B01330393F5E73F0D030020
:10560000000002407F841E00FEE708B50020FFF77F
:105610009DFF0120FFF7C0FF08B50120FFF796FFAF
:105620000220FFF7B9FF08B50220FFF78FFF032024
:10563000FFF7B2FF08B50320FFF788FF0420FFF74C
:10564000ABFF70477047704708B501F015FF08BD04
:1056500008B5012001F0C2FB08BD000008B50248F2
:1056600002F06EFE08BD00BF4C02002008B50248E3
:1056700002F066FE08BD00BF0402002082B00021D7
:1056800000910B4B5A6C42F480425A645A6C02F4FB
:1056900080420092009A01911A6C42F080521A6482
:1056A0001B6C03F080530193019B02B0704700BF55
:1056B0000038024030B589B000230393049305936A
:1056C000069307930268144B9A4201D009B030BD8B
:1056D00000250195114C236B43F002032363236BD8
:1056E00003F002030193019B4FF4407303931223D1
:1056F0000493032306930423079303A9084801F0A6
:105700006DFA0295236C43F400132364236C03F4B5
:1057100000130293029BD9E7005400400038024076
:10572000000402400268094B9A4200D0704782B0E0
:1057300000230193064B5A6C42F001025A645B6CE1
:1057400003F001030193019B02B070470000014088
:105750000038024070B58EB0002309930A930B9372
:105760000C930D930368B3F1804F0AD0504A9342D3
:105770003DD0504A93425AD04F4A934277D00EB010
:1057800070BD0024009403F50E331A6C42F0010240
:105790001A641A6C02F001020092009A01941A6BCA
:1057A00042F001021A631A6B02F001020192019A9F
:1057B00002941A6B42F002021A631B6B03F002039D
:1057C0000293029B2023099302250A9501260D9638
:1057D00009A93A4801F002FA082309930A950B94A3
:1057E0000C940D9609A9364801F0F8F9C7E7002195
:1057F0000391344B1A6C42F002021A641A6C02F0E4
:1058000002020392039A04911A6B42F001021A6396
:105810001B6B03F001030493049BC0230993022331
:105820000A930D9309A9254801F0D8F9A7E70021AB
:105830000591244B1A6C42F004021A641A6C02F0AF
:1058400004020592059A06911A6B42F002021A634D
:105850001B6B03F002030693069BC02309930223EC
:105860000A930D9309A9164801F0B8F987E70021BA
:105870000791144B1A6C42F008021A641A6C02F079
:1058800008020792079A08911A6B42F001021A6304
:105890001B6B03F001030893089B03230993022366
:1058A0000A930D9309A9054801F098F967E700BF2D
:1058B0000004004000080040000C004000000240CE
:1058C000000402400038024000B587B00023019375
:1058D000029303930493059302680E4B9A4201D0FE
:1058E00007B000BD002300930B4B1A6B42F001027E
:1058F0001A631B6B03F001030093009B4FF470636A
:105900000193022302930123059301A9034801F0A7
:1059100065F9E5E700000140003802400000024060
:1059200010B58AB0044600230593069307930893A5
:1059300009930268354B9A4205D02268344B9A424B
:105940002DD00AB010BD0021019103F5FA331A6C75
:1059500042F400321A641A6C02F400320192019A85
:1059600002911A6B42F001021A631B6B03F00103F0
:105970000293029B082305930223069303230893B3
:105980000723099305A9234801F028F900220521DE
:10599000262001F005FD262001F012FDCDE70024B0
:1059A000039403F592335A6C42F020025A645A6C05
:1059B00002F020020392039A5A6A42F020025A62CD
:1059C0005A6A22F020025A6204941A6B42F00402CE
:1059D0001A631B6B03F004030493049BC023059319
:1059E00002230693012307930323089308230993B3
:1059F00005A9094801F0F2F822460521472001F0E7
:105A0000CFFC472001F0DCFC9BE700BF00440040D6
:105A100000140140000002400008024003685A6977
:105A200012F4806F01D1002070476FF480625A61D8
:105A300000230363202280F83D2080F83E30026C72
:105A400042F00402026480F83C30012070472DE9E6
:105A5000F04106460C46174698463BE001F018FD1B
:105A6000069BC01A404502D8B8F1000F32D1012D73
:105A700018D033689B6924EA03039BB2B3FA83F31B
:105A80005B099F4226D100233363202286F83D2004
:105A900086F83E30326C42F02002326486F83C30A8
:105AA000012027E033685B6924EA03039BB2B3FA61
:105AB00083F35B09E5E733685B6924EA030C1FFAAB
:105AC0008CFCBCFA8CFC4FEA5C1C674511D1B8F128
:105AD000FF3FC3D1C4F30745012DECD033689B6968
:105AE00024EA030C1FFA8CFCBCFA8CFC4FEA5C1C09
:105AF000EBE70020BDE8F0812DE9F04104460D46BA
:105B00001746984652E01A6842F400721A602368F9
:105B10006FF480625A6100232363202284F83D20C1
:105B200084F83E30226C42F00402226484F83C3057
:105B3000012049E001F0ACFC4346C01AB84201D84C
:105B4000002F33D1012E17D023689B6925EA030368
:105B50009BB2003B18BF012343B3002323632022E1
:105B600084F83D2084F83E30226C42F0200222640A
:105B700084F83C30012027E023685B6925EA0303B1
:105B80009BB2003B18BF0123E6E723689B6925EA27
:105B900003039BB2003B18BF0123A3B123685A69DA
:105BA00012F4806FAFD1B7F1FF3FC3D1C5F3074601
:105BB000012EEAD123685B6925EA03039BB2003B0F
:105BC00018BF0123E9E71846BDE8F08170B5044627
:105BD0000D46164623685B6913F0800F21D12046DD
:105BE000FFF71CFFF8B9B5F1FF3FF3D001F050FC0F
:105BF000801BA84201D8002DECD123685B6913F00B
:105C0000800FE7D100232363202284F83D2084F80D
:105C10003E30226C42F02002226484F83C300120A5
:105C200000E0002070BD0120FCE70000F0B585B069
:105C300004460D4616461F460368196841F48071F4
:105C400019600B9B00930A9B00224FF00111FFF794
:105C5000FEFE60B9226805F0FE0313610B9B0A9AF1
:105C600023492046FFF748FF60B1012008E0236880
:105C70001B6813F4807F02D04FF400732364032069
:105C800005B0F0BD039023685A6903929B690393A2
:105C9000039B0B9A0A992046FFF798FF28B9012F1A
:105CA0000ED12368F2B21A61EAE7236C042B01D00B
:105CB0000120E5E72268136843F400731360F7E7F7
:105CC000330A226813610B9A0A992046FFF77EFF78
:105CD00018B92268F3B21361D2E7236C042B01D008
:105CE0000120CDE72268136843F400731360F7E7DF
:105CF00002000100F0B585B004460D4616461F4669
:105D00000268136843F4806313600268136843F405
:105D1000807313600B9B00930A9B00224FF00111CC
:105D2000FFF795FE60B9236805F0FE021A610B9B30
:105D30000A9A40492046FFF7DFFE60B1012008E0E3
:105D400023681B6813F4807F02D04FF40073236430
:105D5000032005B0F0BD039023685A6903929B6944
:105D60000393039B0B9A0A992046FFF72FFF80B9F4
:105D7000012F19D12368F2B21A610B9A0A992046B1
:105D8000FFF724FF00282DD0236C042B24D0012002
:105D9000DFE7236C042B01D00120DAE722681368C7
:105DA00043F400731360F7E7330A226813610B9A18
:105DB0000A992046FFF70AFF18B92268F3B2136167
:105DC000DBE7236C042B01D00120C2E722681368B3
:105DD00043F400731360F7E72268136843F4007319
:105DE0001360D4E72268136843F4807313600B9B3D
:105DF00000930A9B02464FF001112046FFF727FE51
:105E000070B9226845F00103DBB213610B9B0A9A5B
:105E100008492046FFF770FE00289AD0012098E735
:105E200023681B6813F4807F02D04FF4007323644F
:105E300003208EE70200010070B504460D461646A9
:105E400023685B6913F0040F21D12046FFF7E6FDBC
:105E5000F8B9B5F1FF3FF3D001F01AFB801BA8425F
:105E600001D8002DECD123685B6913F0040FE7D152
:105E700000232363202284F83D2084F83E30226CE6
:105E800042F02002226484F83C30012000E000202F
:105E900070BD0120FCE770B504460D46164614E0BF
:105EA0006FF010025A6100232363202284F83D2002
:105EB00084F83E30226C226484F83C30012025E0D6
:105EC00023685B6913F0400F10D02368586910F005
:105ED000400F1AD1586910F0100FE1D101F0D8FA33
:105EE000801BA842ECD8002DEFD1E9E70023236303
:105EF000202284F83D2084F83E30226C42F02002BB
:105F0000226484F83C30012000E0002070BD0000D5
:105F1000002800F0DA8038B5044690F83D30002BB8
:105F200051D0242384F83D302268136823F0010304
:105F300013602268136843F40043136022681368F7
:105F400023F40043136000F029FE6268614B9A421B
:105F50003ED8614B98428CBF00230123002B40F0B8
:105F6000B6805E49A1FB00318B0CD4F800C0DCF890
:105F7000042022F03F0242EA9142CCF8042021683A
:105F80000A6A22F03F02DFF84CC16568654525D8F2
:105F9000013313430B622168CA6922F44F4222F095
:105FA000FF02D4F804C04B4B9C4522D8431E4FEA55
:105FB0004C0CB3FBFCF3013340F6FC70034254D0AD
:105FC000C3F30B0352E080F83C30FFF773FBA8E704
:105FD000434B98428CBF00230123BFE74FF4967CCC
:105FE0000CFB03F3DFF8FCC0ACFB03C39B090133DC
:105FF000CFE7D4F808E0BEF1000F1AD1431E0CEB36
:106000004C05B3FBF5F30133C3F30B03B3FA83F38E
:106010005B09002B57D1BEF1000F19D1431E0CEBC9
:106020004C0CB3FBFCF30133C3F30B0343F4004309
:106030001CE00CEB8C0303EB83031D46431EB3FBF8
:10604000F5F30133C3F30B03B3FA83F35B09E0E722
:10605000431E0CEB8C0C0CEB8C0CB3FBFCF30133F0
:10606000C3F30B0343F4404300E004231A43CA6123
:1060700021680B6823F0C003E269206A02431343DE
:106080000B6021688B6823F4034323F0FF0322692C
:10609000E068024313438B602168CB6823F0FF0361
:1060A0006269A06902431343CB602268136843F01E
:1060B0000103136000202064202384F83D30206316
:1060C00084F83E0038BD0123D0E70120704701204D
:1060D000F8E700BFA08601007F841E0083DE1B431B
:1060E000FF083D00D34D62102DE9F04182B0044617
:1060F0000E461746984601F0CBF994F83D20202A29
:1061000003D0022002B0BDE8F081054600901923BB
:1061100001224C492046FFF79AFC002840F08B8072
:1061200094F83C30012B00F08880012384F83C3047
:1061300023681A6812F0010F03D11A6842F00102B5
:106140001A602268136823F400631360212384F823
:106150003D30402384F83E3000232364089B636273
:10616000BDF824306385638D2385374BE362019549
:106170000A9B009343463A4631462046FFF756FDB8
:1061800000285CD1238D002B36D02A460A99204660
:10619000FFF71CFD002824D1626A236812781A6177
:1061A000626A531C6362218D013989B22185638D36
:1061B0009BB2013B9BB263852368586910F0040FC2
:1061C000E0D00029DED052781A61636A013363623D
:1061D000238D013B2385638D9BB2013B9BB263857D
:1061E000D0E7236C042B01D001208BE722681368D1
:1061F00043F400731360F7E72A460A992046FFF735
:106200001BFE50B1236C042B01D001207AE72268D9
:10621000136843F400731360F7E72268136843F4CC
:1062200000731360202384F83D30002384F83E304F
:1062300084F83C3066E7022064E7022062E7012030
:1062400060E700BF020010000000FFFF2DE9F043EF
:1062500087B004460F4690469946109E01F018F903
:1062600094F83D20202A05D002231F46384607B067
:10627000BDE8F08305460090192301228849204695
:10628000FFF7E5FB002840F04D8194F83C30012BEE
:1062900000F04B81012384F83C3023681A6812F027
:1062A000010F03D11A6842F001021A6022681368D4
:1062B00023F400631360222384F83D30402384F8E4
:1062C0003E30002323640E9B6362BDF83C3063853F
:1062D000638D2385734BE362019500964B464246DE
:1062E00039462046FFF706FD0746002840F020818A
:1062F000238D5BB9029323685A6902929A690292CC
:10630000029A1A6842F400721A6075E0012B0AD0F2
:10631000022B1AD00023059323685A6905929B69C2
:106320000593059B68E02268136823F4806313607B
:106330000023039323685A6903929A690392039A8C
:106340001A6842F400721A6056E02268136823F457
:10635000806313602268136843F4006313600023B2
:10636000049323685A6904929B690493049B43E055
:106370002A4631462046FFF78EFD002840F0DB809C
:1063800023681A69636A1A70636A01336362238D32
:10639000013B2385638D9BB2013B9BB263852BE060
:1063A00000953346002240492046FFF750FB002865
:1063B00040F0C4802268136843F4007313602368BC
:1063C0001A69636A1A70626A531C6362238D013B07
:1063D0002385638D9BB2013B9BB2638523681B6958
:1063E0005370636A01336362238D013B2385638DA0
:1063F0009BB2013B9BB26385238D002B00F089800B
:10640000032B53D8012BB3D0022BC9D000953346B0
:10641000002225492046FFF71AFB002840F0918012
:106420002268136823F48063136023681A69636A1F
:106430001A70636A01336362238D013B2385638D88
:106440009BB2013B9BB263850095334602461649D9
:106450002046FFF7FCFA002876D12268136843F43F
:106460000073136023681A69636A1A70626A531CA6
:106470006362238D013B2385638D9BB2013B9BB2FD
:10648000638523681B695370636A01336362238DDC
:10649000013B2385638D9BB2013B9BB26385ABE7D8
:1064A000020010000000FFFF040001002A463146F0
:1064B0002046FFF7F0FC002849D123681A69636A77
:1064C0001A70636A01336362228D013A92B22285A7
:1064D000638D9BB2013B9BB263852368596911F0C0
:1064E000040F89D0032A0FD023681A69636A1A70CF
:1064F000636A01336362238D013B2385638D9BB205
:10650000013B9BB2638577E71A6822F480621A60C8
:10651000EAE7202384F83D30002384F83E3084F8F5
:106520003C30A3E602231F46A0E602231F469DE659
:1065300001231F469AE601231F4697E601231F46C3
:1065400094E601231F4691E601231F468EE60123B0
:106550001F468BE6002800F0E48170B582B0044647
:10656000036813F0010F3CD09C4B9B6803F00C03B5
:10657000042B2DD0994B9B6803F00C03082B22D0E1
:106580006368B3F5803F50D0B3F5A02F53D0934B41
:106590001A6822F480321A601A6822F480221A6083
:1065A0006368002B51D000F073FF05468B4B1B68CE
:1065B00013F4003F15D100F06BFF401BB0F57A7F5C
:1065C000F4D90320B4E1854B5B6813F4800FD7D076
:1065D000824B1B6813F4003F03D06368002B00F06C
:1065E000A281236813F0020F55D07C4B9B6813F0F7
:1065F0000C0F3FD0794B9B6803F00C03082B34D071
:10660000E368002B69D0764B01221A6000F040FF4E
:106610000546724B1B6813F0020F55D100F038FF8E
:10662000401B0228F5D9032082E16C4A136843F429
:1066300080331360B4E7694B1A6842F480221A6011
:106640001A6842F480321A60AAE700F021FF05467A
:10665000624B1B6813F4003FC3D000F019FF401BCE
:10666000B0F57A7FF4D9032062E15C4B5B6813F4E8
:10667000800FC5D1594B1B6813F0020F03D0E3689C
:10668000012B40F05281554A136823F0F803216929
:1066900043EAC1031360236813F0080F42D0636913
:1066A0006BB34F4B0122C3F8802E00F0F1FE05467C
:1066B0004A4B5B6F13F0020F34D100F0E9FE401B30
:1066C0000228F5D9032033E1444A136823F0F80384
:1066D000216943EAC1031360DDE7414B00221A60E0
:1066E00000F0D6FE05463D4B1B6813F0020FD2D0DA
:1066F00000F0CEFE401B0228F5D9032018E1384BEC
:106700000022C3F8802E00F0C3FE0546334B5B6FBA
:1067100013F0020F06D000F0BBFE401B0228F5D993
:10672000032005E1236813F0040F79D02B4B1B6C79
:1067300013F0805F34D100230193284B1A6C42F090
:1067400080521A641B6C03F080530193019B012358
:106750001E46244B1B6813F4807F24D0A368012BB2
:1067600035D0052B40D01D4B1A6F22F001021A675D
:106770001A6F22F004021A67A368002B3ED000F0C3
:1067800087FE0546154B1B6F13F0020F47D100F033
:106790007FFE401B41F288339842F3D90320C7E0C3
:1067A00000231E46D5E70F4A136843F48073136035
:1067B00000F06EFE05460B4B1B6813F4807FCDD1B5
:1067C00000F066FE401B0228F5D90320B0E0034A22
:1067D000136F43F001031367CEE700BF0038024098
:1067E0000000474200700040584B1A6F42F004020C
:1067F0001A671A6F42F001021A67BDE700F048FEFF
:106800000546524B1B6F13F0020F08D000F040FEFC
:10681000401B41F288339842F3D9032088E0EEB957
:10682000A369002B00F08380484A926802F00C02B2
:10683000082A51D0022B17D0454B00221A6600F0CF
:1068400027FE0446414B1B6813F0007F42D000F046
:106850001FFE001B0228F5D9032069E03B4A136C98
:1068600023F080531364DBE7394B00221A6600F0F3
:106870000FFE0546354B1B6813F0007F06D000F075
:1068800007FE401B0228F5D9032051E0E369226A84
:106890001343626A43EA8213A26A5208013A43EA46
:1068A0000243E26A43EA0263284A5360284B01220A
:1068B0001A6600F0EDFD0446244B1B6813F0007FC0
:1068C00006D100F0E5FD001B0228F5D903202FE0DA
:1068D00000202DE000202BE0012B2BD01B4B5B6810
:1068E00003F48001E269914226D103F03F02216A5C
:1068F0008A4223D1616A47F6C0721A40B2EB811F07
:106900001ED103F44031A26A5208013AB1EB024FA2
:1069100018D103F07063E26AB3EB026F14D1002068
:1069200006E001207047012002E0012000E0184647
:1069300002B070BD0120FBE70120F9E70120F7E775
:106940000120F5E70120F3E70120F1E700380240DC
:106950000000474208B5334B9B6803F00C03042B3F
:106960005BD0082B5BD12F4B5A6802F03F025B686B
:1069700013F4800F2CD02B4B5868C0F388104FEACB
:10698000401CBCEB000C6EEB0E0E4FEA8E1343EA7C
:106990009C634FEA8C11B1EB0C0163EB0E03DB003F
:1069A00043EA5173C90011EB000C43F10003590293
:1069B00000234FEA4C2041EADC51FEF7ADF9194BB8
:1069C0005B68C3F3014301335B00B0FBF3F008BD28
:1069D000144B5868C0F388104FEA401CBCEB000C05
:1069E0006EEB0E0E4FEA8E1343EA9C634FEA8C1156
:1069F000B1EB0C0163EB0E03DB0043EA5173C900FA
:106A000011EB000C43F10003990200234FEA8C20A4
:106A100041EA9C51FEF780F9D1E70348D7E70348E4
:106A2000D5E700BF0038024000127A000024F400CD
:106A3000002800F09B8070B50D4604464F4B1B6844
:106A400003F007038B4208D2CBB24C4A1370136891
:106A500003F007038B4240F08B80236813F0020F92
:106A600017D013F0040F04D0454A936843F4E05361
:106A70009360236813F0080F04D0414A936843F4ED
:106A8000604393603E4A936823F0F003A1680B4390
:106A90009360236813F0010F32D06368012B21D07B
:106AA0009A1E012A25D9364A126812F0020F61D0C7
:106AB00033498A6822F0030213438B6000F0E8FC3C
:106AC00006462F4B9B6803F00C036268B3EB820F02
:106AD00016D000F0DDFC801B41F288339842F0D9DB
:106AE000032042E0264A126812F4003FE0D1012060
:106AF0003BE0234A126812F0007FD9D1012034E034
:106B00001E4B1B6803F00703AB4207D9EAB21B4BCD
:106B10001A701B6803F00703AB422DD1236813F0F2
:106B2000040F06D0164A936823F4E053E1680B4340
:106B30009360236813F0080F07D0114A936823F479
:106B40006043216943EAC1039360FFF703FF0C4BE5
:106B50009B68C3F303130B4AD35CD8400A4B1860FD
:106B60000A4B186800F048FC002070BD01207047F7
:106B70000120FAE70120F8E70120F6E7003C024097
:106B800000380240502401080800002004000020C2
:106B9000014B1868704700BF0800002008B5FFF7D8
:106BA000F7FF044B9B68C3F38223034AD35CD840AE
:106BB00008BD00BF003802404824010808B5FFF7AF
:106BC000E7FF044B9B68C3F34233034AD35CD840CE
:106BD00008BD00BF003802404824010870B582B0EB
:106BE0008E46002369E085684FEA430C032101FAD1
:106BF0000CF125EA0105DEF80C1001FA0CF129432D
:106C00008160416821EA0201DEF80420C2F300122B
:106C10009A400A43426064E0D908083150F82120C4
:106C200003F00705AD004FF00F0C0CFA05FC22EA4B
:106C30000C0CDEF81020AA4042EA0C0240F8212099
:106C400066E0042200E0002202FA0CF22A4302313C
:106C5000564D45F82120564A9168E24321EA040541
:106C6000DEF8046016F4801F01D044EA01055049A3
:106C70008D60C96802EA0105DEF8046016F4001FA1
:106C800001D044EA01054A49CD60496802EA01059C
:106C9000DEF8046016F4003F01D044EA01054449DF
:106CA0004D6009680A40DEF8045015F4803F01D0B9
:106CB00044EA01023E490A6001330F2B74D80122D5
:106CC0009A40DEF8001001EA020432EA0101F3D131
:106CD000DEF8041001F0030C0CF1FF3CBCF1010FD5
:106CE00081D9DEF8042002F00302032A0AD0C16829
:106CF0005D000322AA4021EA0201DEF80820AA4032
:106D00000A43C260DEF8042002F00302022A83D0A4
:106D100001684FEA430C032202FA0CF221EA020155
:106D2000DEF8042002F0030202FA0CF20A430260C9
:106D3000DEF8042012F4403FBED0002201921D4A2A
:106D4000516C41F480415164526C02F480420192D2
:106D5000019A99088D1C154A52F8255003F0030C2E
:106D60004FEA8C0C0F2202FA0CF225EA0205124AB5
:106D700090423FF468AF02F5806290420ED002F577
:106D8000806290420CD002F5806290420AD002F5F7
:106D9000806290423FF455AF072255E7012253E746
:106DA000022251E703224FE702B070BD00380140D4
:106DB000003C014000380240000002400AB18161FD
:106DC0007047090481617047436901EA030221EABF
:106DD000030141EA024181617047000008B5054B9B
:106DE0005B69034200D108BD024B586105F08EF883
:106DF000F9E700BF003C014010B5D0F800E0DEF834
:106E000000C02CF4802CCEF800C004686360836856
:106E1000402B04D0036899600368DA6010BD0368F2
:106E20009A600368D960F9E70368D9B210390A4A51
:106E3000A2FB01C21209DFF824C01CF80220C265BF
:106E40005F2905D96FF3090304338365806D7047AB
:106E50006FF309038365F9E7ABAAAAAA40240108E6
:106E6000836A826992B9012B0AD0022B02D00BB13E
:106E700000207047C36A13F0807F2CD10020704738
:106E8000C36AB3F1C07F28D000207047B2F5005F1D
:106E900009D0022B2BD9032B2BD1C36A13F0807F8F
:106EA00029D100207047022B19D00AD8CBB1012B71
:106EB00005D1C36A13F0807F15D1002070470020F0
:106EC0007047032B05D1C36AB3F1C07F0DD00020FA
:106ED0007047002070470120704701207047012053
:106EE0007047012070470120704701207047012042
:106EF00070470020704701207047000070B50446BD
:106F000000F0C6FA002C5CD00546022384F8353028
:106F1000002384F834302268136823F001031360DF
:106F200023681A6812F0010F0AD000F0B1FA431B6F
:106F3000052BF5D920236365032084F8350070BD47
:106F40001A68214911406268A0680243E068024360
:106F50002069024360690243A0690243E069024379
:106F6000206A02430A43616A04291FD01A60236819
:106F70001E465D6925F00705636A1D43042B07D192
:106F8000A36A1D43E36A1BB12046FFF769FF90B96E
:106F900075612046FFF748FFE26D3F239340836011
:106FA00000206065012384F83530C8E7E16A206B72
:106FB00001430A43DAE740236365012084F8350082
:106FC000BDE70120BBE700BF3F8010F038B50446A5
:106FD000806D054694F8340001282AD0012084F8F9
:106FE000340094F83500012804D0002384F83430AC
:106FF000022038BD022084F835000020606520465C
:10700000FFF7FAFEE26D3F239340AB6022681368FE
:1070100043F016031360236C23B12268136843F016
:10702000080313602268136843F001031360002013
:10703000DFE70220DDE770B50446836D1E4600F0F1
:1070400027FA94F83530022B06D08023636500239D
:1070500084F83430012070BD05462268136823F09F
:10706000160313602268536923F080035361236C75
:10707000E3B12268136823F00803136022681368E1
:1070800023F00103136023681B6813F0010F11D074
:1070900000F0FEF9431B052BF5D92023636503207F
:1070A00084F83500002384F83430D4E7A36C002B37
:1070B000DFD1E3E7E26D3F239340B360012384F81F
:1070C0003530002084F83400C5E790F83530022BC5
:1070D00003D08023436501207047052380F83530B5
:1070E0000268136823F0010313600020704700005A
:1070F000F0B583B0044600230193724B1D68724BB8
:10710000A3FB0535AD0A876D3E68C26D0823934029
:10711000334210D003681A6812F0040F0BD01A68BB
:1071200022F004021A60C26D08239340BB60436DD5
:1071300043F001034365E26D01239340334209D0DC
:107140002268526912F0800F04D0BB60636D43F077
:1071500002036365E26D04239340334209D0226841
:10716000126812F0020F04D0BB60636D43F0040399
:107170006365E26D10239340334224D02268126885
:1071800012F0080F1FD0BB6023681A6812F4802F1A
:107190000DD01B6813F4002F04D1236C9BB1204643
:1071A000984710E0A36C73B1204698470BE01A682B
:1071B00012F4807F03D11A6822F008021A60236C4F
:1071C0000BB120469847E26D20239340334254D0C0
:1071D0002268126812F0100F4FD0BB6094F835305F
:1071E000052B0ED023681A6812F4802F33D01B6849
:1071F00013F4002F2AD1636C002B3ED02046984711
:107200003BE02268136823F0160313602268536979
:1072100023F080035361236CA3B12268136823F029
:1072200008031360E26D3F239340BB60012384F8A1
:107230003530002384F83430236D002B3FD02046B6
:1072400098473CE0A36C002BE7D1EBE7E36BA3B1DD
:107250002046984711E01A6812F4807F09D11A6815
:1072600022F010021A60012384F83530002384F8DC
:107270003430E36B0BB120469847636DFBB1636D0F
:1072800013F0010F17D0052384F8353022681368F6
:1072900023F001031360019B01330193AB4204D837
:1072A00023681B6813F0010FF5D1012384F83530F2
:1072B000002384F83430E36C0BB12046984703B0C8
:1072C000F0BD00BF08000020B5814E1B002807DB81
:1072D00000F01F02400901239340024A42F8203087
:1072E000704700BF00E100E000280CDB00F01F0247
:1072F0004009012393402030034A42F82030BFF375
:107300004F8FBFF36F8F704700E100E0002808DB6C
:107310000901C9B200F1604000F5614080F8001336
:10732000704700F00F000901C9B2014B19547047B2
:1073300014ED00E000B500F00700A0F1030CBCF173
:10734000040F07D8C0F1070E0430062806D84FF006
:10735000000C03E04FF0040E4FF0000C4FF0FF3331
:1073600003FA0EF021EA000101FA0CF103FA0CF322
:1073700022EA030241EA020000BD0000074AD36886
:1073800023F4E0631B041B0C000200F4E0600343E1
:1073900043F0BF6343F40033D360704700ED00E077
:1073A00010B50446054BD868C0F30220FFF7C2FFB2
:1073B00001462046FFF7AAFF10BD00BF00ED00E028
:1073C00008B5FFF783FF08BD08B5FFF78DFF08BDBF
:1073D0000138B0F1807F0BD24FF0E0235861054AAD
:1073E000F02182F823100020986107221A6170476B
:1073F0000120704700ED00E010B504460E4B186800
:107400000E4B1A784FF47A73B3FBF2F3B0FBF3F040
:10741000FFF7DEFF68B90F2C01D901200AE0024610
:1074200021464FF0FF30FFF7BBFF054B1C600020EB
:1074300000E0012010BD00BF080000200000002077
:107440000400002008B50B4B1A6842F400721A6061
:107450001A6842F480621A601A6842F480721A60F4
:107460000320FFF78BFF0F20FFF7C6FFFEF706F99B
:10747000002008BD003C0240034A1168034B1B7802
:107480000B441360704700BF500400200000002030
:10749000014B1868704700BF5004002038B50446FF
:1074A000FFF7F6FF0546B4F1FF3F02D0044B1B780F
:1074B0001C44FFF7EDFF401BA042FAD338BD00BFCC
:1074C0000000002010B5026A036A23F00103036282
:1074D000D0F804E0836923F073030C6844EA030CDA
:1074E00022F002028B6813430E4A90420AD00D4AE2
:1074F00090420ED0C0F804E0C0F818C04A68426359
:10750000036210BD23F00803CA681A4322F0040383
:10751000EDE72EF4407E4A6942EA0E028C6944EAA5
:10752000020EE7E70000014010B5036A026A22F488
:1075300080720262D0F804C0C26922F073020C6843
:1075400044EA020E23F400738A6843EA02230F4AD6
:1075500090420AD00D4A90420FD0C0F804C0C0F843
:107560001CE04A68C263036210BD23F40063CA686A
:1075700043EA022323F48063ECE72CF4405C4A697D
:107580004CEA021C8A694CEA021CE6E70000014052
:1075900010B5036A026A22F480520262D0F804C075
:1075A000C26922F4E6420C6842EA042223F4005342
:1075B0008C6843EA0433DFF820E0704506D0C0F859
:1075C00004C0C2614A680264036210BD2CF4804C9E
:1075D0004C694CEA841CF2E700000140704700004F
:1075E00090F83D30012B2FD1022380F83D30026806
:1075F000D36843F00103D3600368154A934218D05F
:10760000B3F1804F15D0A2F57C42934211D002F520
:10761000806293420DD002F58062934209D002F558
:107620009A32934205D01A6842F001021A60002093
:1076300070479A6802F00702062A07D01A6842F0DB
:1076400001021A6000207047012070470020704737
:1076500000000140704770477047704770B504469E
:107660000368DE681D6915F0020F10D016F0020FD6
:107670000DD06FF002021A610123037703689B6942
:1076800013F0030F5ED0FFF7E6FF0023237715F01A
:10769000040F12D016F0040F0FD023686FF004020D
:1076A0001A610223237723689B6913F4407F4FD02C
:1076B0002046FFF7D0FF0023237715F0080F12D0E4
:1076C00016F0080F0FD023686FF008021A61042328
:1076D00023772368DB6913F0030F40D02046FFF7C0
:1076E000BAFF0023237715F0100F12D016F0100FF9
:1076F0000FD023686FF010021A61082323772368E4
:10770000DB6913F4407F31D02046FFF7A4FF00234C
:10771000237715F0010F02D016F0010F2DD115F0CF
:10772000800F02D016F0800F2FD115F0400F02D03D
:1077300016F0400F31D115F0200F02D016F0200FB7
:1077400033D170BDFFF786FF2046FFF785FF9CE72A
:107750002046FFF77FFF2046FFF77EFFABE720467E
:10776000FFF778FF2046FFF777FFBAE72046FFF7DD
:1077700071FF2046FFF770FFC9E723686FF0010231
:107780001A612046FDF7E2FBC9E723686FF080022B
:107790001A61204600F012FBC7E723686FF0400231
:1077A0001A612046FFF759FFC5E723686FF02002F2
:1077B0001A61204600F001FBC3E700000368274A76
:1077C00090420ED0B0F1804F0BD0A2F57C42904297
:1077D00007D002F58062904203D002F580629042A9
:1077E00003D123F070034A6813431C4A90421AD015
:1077F000B0F1804F17D0A2F57C42904213D002F531
:10780000806290420FD002F5806290420BD002F568
:107810009A32904207D002F58062904203D002F57E
:107820008062904203D123F44073CA68134323F06B
:1078300080034A6913438A68C2620A688262074AFF
:10784000904207D0026842F00402026001224261C5
:10785000036070470A690263F4E700BF000001405B
:1078600040B310B5044690F83D30F3B1022384F8DC
:107870003D30214651F8040BFFF7A0FF012384F8A7
:10788000463084F83E3084F83F3084F8403084F845
:10789000413084F8423084F8433084F8443084F82E
:1078A000453084F83D30002010BD80F83C30FFF7B3
:1078B00095FEDBE70120704740B310B5044690F811
:1078C0003D30F3B1022384F83D30214651F8040BDA
:1078D000FFF774FF012384F8463084F83E3084F8C3
:1078E0003F3084F8403084F8413084F8423084F8E6
:1078F000433084F8443084F8453084F83D3000202B
:1079000010BD80F83C30FDF70DFFDBE7012070472C
:10791000002855D070B50D46044690F83D30002B38
:1079200049D0022384F83D302268936823F48043D1
:1079300023F007039360214651F8040BFFF73EFF45
:1079400021688B688A69D1F820C02868184322F41E
:10795000407222F00302AB68AE6943EA0623134388
:1079600023F47C4323F0FC03EA68EE6942EA062232
:107970001A432B6A1B032E6943EA061313432CF0A8
:10798000AA0C6A686D6942EA051242EA0C02886034
:1079900021688B6123681A62012384F8463084F8D9
:1079A0003E3084F83F3084F8423084F8433084F825
:1079B0003D30002070BD80F83C30FDF7CBFEB0E7D5
:1079C0000120704710B5036A026A22F010020262B9
:1079D000D0F804C0826922F4E6420C6842EA04222C
:1079E00023F020038C6843EA0413DFF840E070457D
:1079F0000AD0DFF838E070450ED0C0F804C08261CC
:107A00004A688263036210BD23F08003CC6843EAB6
:107A1000041323F04003ECE72CF4406C4C694CEA6F
:107A2000840C8C694CEA840CE7E700BF000001403D
:107A300038B590F83C30012B69D00446012380F81A
:107A40003C30082A4ED01BD8002A33D0042A15D146
:107A50000D460068FFF7B6FF2268936943F40063A0
:107A600093612268936923F4806393612268936928
:107A7000296943EA0123936100202FE018462DE095
:107A80000C2A15D10D460068FFF782FD2268D369E4
:107A900043F40063D3612268D36923F48063D36124
:107AA0002268D369296943EA0123D361002015E0E4
:107AB000012013E00D460068FFF704FD226893697A
:107AC00043F0080393612268936923F004039361F0
:107AD0002268936929690B4393610020002384F88D
:107AE0003C3038BD0D460068FFF71EFD2268D369A3
:107AF00043F00803D3612268D36923F00403D36100
:107B00002268D36929690B43D3610020E6E702208C
:107B1000E7E701F01F014FF0010C0CFA01FC036ACA
:107B200023EA0C030362036A8A401343036270472B
:107B300010B504460846002931D194F83E30013B87
:107B400018BF0123002B60D100283ED1022384F806
:107B50003E30012201462068FFF7DBFF23682D4AF3
:107B6000934242D023682B4A934243D0B3F1804FD3
:107B700040D0A2F57C4293423CD002F58062934211
:107B800038D002F58062934234D002F59A329342A3
:107B900030D01A6842F001021A60002034E0042953
:107BA00007D008290BD094F84130013B18BF0123BE
:107BB000C8E794F83F30013B18BF0123C2E794F8AF
:107BC0004030013B18BF0123BCE7042805D008283A
:107BD00007D0022384F84130BBE7022384F83F300A
:107BE000B7E7022384F84030B3E75A6C42F400420E
:107BF0005A64B7E79A6802F00702062A07D01A68A3
:107C000042F001021A60002010BD0120FCE70020B4
:107C1000FAE700BF0000014010B5044690F83E00AE
:107C2000C0B294F83F3094F84220D2B294F843C0E6
:107C30008E46C9B901284CD1012A4BD1022384F8C0
:107C40003E3084F84230BEF1000F30D0BEF1040F58
:107C500039D0012200212068FFF75BFF01220421B7
:107C60002068FFF756FF27E0DBB25FFA8CFC04299F
:107C700012D0012833D1012B2CD1012A31D1BCF1F2
:107C8000010F30D1022384F83E3084F83F3084F86D
:107C9000423084F84330D6E7012B1CD1BCF1010FF0
:107CA0001BD1022384F83F3084F84330CBE7012214
:107CB00071462068FFF72DFF2268136843F0010327
:107CC0001360002006E0012204212068FFF721FF55
:107CD000F2E7012010BD0120FCE71846FAE7012079
:107CE000F8E71846F6E71046F4E7000090F83C2065
:107CF000012A35D000B50346012280F83C2002223B
:107D000080F83D2002685068D2F808E020F0700C3E
:107D1000086840EA0C0050601A681248824212D08B
:107D2000B2F1804F0FD0A0F57C4082420BD000F51D
:107D30008060824207D000F58060824203D000F567
:107D40009A30824205D12EF0800E496841EA0E0138
:107D50009160012283F83D20002083F83C0000BDA3
:107D60000220704700000140024690F83C30012B91
:107D700021D0012380F83C30CB6823F4407388681D
:107D8000034323F480634868034323F400630868D3
:107D9000034323F480530869034323F400534869E1
:107DA000034323F48043C9690B4311684B640020EB
:107DB00082F83C00704702207047704770470268A5
:107DC00002F10C0353E8003F23F0C0030C3242E8F9
:107DD00000310029F3D1202380F841307047026838
:107DE00002F10C0353E8003F23F490730C3242E895
:107DF00000310029F3D1026802F1140353E8003F77
:107E000023F00103143242E800310029F3D1036B5F
:107E1000012B05D0202380F84230002303637047F4
:107E2000026802F10C0353E8003F23F010030C3208
:107E300042E800310029F3D1ECE790F84130212BE2
:107E400001D0022070478368B3F5805F17D0036AC2
:107E50005A1C02621A7803685A60C38C9BB2013BB9
:107E60009BB2C3844BB90268D36823F08003D3600C
:107E70000268D36843F04003D36000207047036971
:107E8000002BE4D1036A1B880268C3F30803536024
:107E9000036A02330362E0E710B50446026813691F
:107EA00023F44053C1680B431361836802691A438A
:107EB00043691A43C3691A430168CB6823F4164324
:107EC00023F00C031343CB600268536923F440731F
:107ED00081690B4353610368314A934206D002F52E
:107EE0008062934202D0FEF759FE01E0FEF766FE83
:107EF000E369B3F5004F29D00021031849411B184D
:107F000041F10001C90041EA5371DB0018186368B0
:107F10004FEA83024FEA937341F10001FCF7FCFE44
:107F2000204AA2FB00314909642303FB11031B0112
:107F30003233A2FB03235B0903F0F00202EB0112D0
:107F400003F00F03216813448B6010BD0023021857
:107F500043EB0301121841F10001C90041EA5271DB
:107F6000D200101841F10001626892185B41FCF7E1
:107F7000D3FE0C4AA2FB00314909642303FB110321
:107F8000DB003233A2FB03235B095A0002F4F872D0
:107F900002EB011203F00703216813448B60D4E75E
:107FA000001001401F85EB512DE9F04182B00446DD
:107FB0000D4616469846089F23681B6835EA03035A
:107FC0000CBF4FF0010C4FF0000CB44526D1B7F1B7
:107FD000FF3FF1D0FFF75CFA4346C01AB84221D800
:107FE00017B32368DA6812F0040FE5D0802DE3D0D0
:107FF000402DE1D01A6812F0080FDDD00025019560
:108000001A6801925B680193019B2046FFF7E7FE27
:108010000823636484F84050012000E0002002B08F
:10802000BDE8F0810320FAE70320F8E760B310B55C
:10803000044690F8413013B3242384F84130226879
:10804000D36823F40053D3602046FFF725FF22684E
:10805000136923F4904313612268536923F02A03C0
:1080600053612268D36843F40053D36000206064F6
:10807000202384F8413084F84230606310BD80F8DA
:108080004030FDF74DFCD7E7012070472DE9F04166
:1080900084B01E4690F84130202B57D104460D463F
:1080A000002957D003920AB9012050E0002343640D
:1080B000212380F84130FFF7EBF90746039BA384A7
:1080C000E384A368B3F5805F02D00023984616E0EE
:1080D00023693BB30023984611E0202384F8413004
:1080E000032034E0424632F8023B90462268C3F354
:1080F00008035360E28C92B2013A92B2E284E38CBC
:108100009BB293B100963B46002280212046FFF7A8
:108110004BFF0028E1D1002DE4D015F8012B236896
:108120005A60E7E7A8461D46E9E700963B4600226D
:1081300040212046FFF738FF18B9202384F841304A
:1081400005E0202384F84130032000E0022004B041
:10815000BDE8F0810120FAE710B5044603685B69C9
:1081600090F84120212A09D023685B6903F040037D
:1081700094F84220222A19D0002010BD03F0800379
:10818000002BF1D0226802F1140353E8003F23F0E2
:108190008003143242E800310029F3D1A06B08B10A
:1081A000FEF749FF2046FFF70AFEDDE7002BE3D08C
:1081B000226802F1140353E8003F23F04003143215
:1081C00042E800310029F3D1E06B08B1FEF733FF3C
:1081D0002046FFF704FECFE7704708B50168CA687C
:1081E00022F04002CA60202280F84120FFF7F4FF0D
:1081F000002008BD70477047704710B5846B236836
:108200005B6994F84120212A0FD023685B6903F051
:10821000400394F84220222A11D0636C43F01003EB
:1082200063642046FFF7E8FF10BD03F08003002BD6
:10823000EBD00023E3842046FFF7C1FDE5E7002BE8
:10824000EBD00023E3852046FFF7C9FDE5E708B53D
:10825000806B0023C385FFF7CFFF08BD704790F800
:108260004230222B67D18368B3F5805F4DD0826A9C
:10827000B3F5805F04D0002B54D10369002B51D19A
:1082800003685B681370836A01338362C38D9BB29A
:10829000013B9BB2C385002B4FD100B583B0026870
:1082A000D36823F02003D3600268D36823F480737B
:1082B000D3600268536923F001035361202380F8DF
:1082C000423000234363036B012B31D1002303634E
:1082D000026802F10C0353E8003F23F010030C3254
:1082E00042E800310029F3D103681A6812F0100F38
:1082F00005D001911A6801925B680193019B818D01
:10830000FFF7ACFF002003B000BD0269002AAED128
:10831000826A03685B68C3F308031380836A0233CD
:108320008362B3E703685B6803F07F031370AAE717
:10833000FFF760FFE6E7022070470020704700006B
:1083400010B582B0044602681368D068516913F012
:108350000F0F09D113F0200F0CD010F0200F09D00F
:108360002046FFF77CFF16E011F0010115D110F453
:10837000907F12D1216B012979D013F0800F03D0A7
:1083800010F0800F40F01F8113F0400F03D010F069
:10839000400F40F01C8102B010BD13F0010F06D059
:1083A00010F4807F03D0626C42F00102626413F02B
:1083B000040F04D019B1626C42F00202626413F03F
:1083C000020F04D019B1626C42F00402626413F02F
:1083D000080F07D010F0200F00D119B1626C42F0E5
:1083E00008026264626C002AD5D013F0200F02D01C
:1083F00010F0200F29D123685B6903F04003626C01
:1084000012F0080F00D163B32046FFF7E8FC2368A1
:108410005B6913F0400F20D0226802F1140353E887
:10842000003F23F04003143242E800310029F3D129
:10843000E36B73B1684A1A65E06BFEF746FE0028ED
:10844000A9D0E06B036D9847A5E72046FFF707FF2B
:10845000D1E72046FFF7D0FE9DE72046FFF7CCFE90
:1084600099E72046FFF7C8FE0023636493E713F003
:10847000100F82D010F0100F3FF47FAF0023019354
:108480001368019353680193019B536913F0400FE4
:108490005ED0E26B13685B689BB2002B49D0A18D64
:1084A000994246D9E385D369B3F5807F36D02268F7
:1084B00002F10C0353E8003F23F480730C3242E8CE
:1084C00000310029F3D1226802F1140353E8003F80
:1084D00023F00103143242E800310029F3D122686D
:1084E00002F1140353E8003F23F04003143242E842
:1084F00000310029F3D1202384F84230216322681F
:1085000002F10C0353E8003F23F010030C3242E861
:1085100000310029F3D1E06BFEF78DFD0223636388
:10852000A18DE38D9BB2C91A89B22046FFF796FE52
:1085300031E7A18D99427FF42EAFD369B3F5807FE7
:108540007FF429AF022363632046FFF787FE22E70B
:10855000A18DE38D9BB2C91A89B2E38D9BB2002B2A
:108560003FF419AF00293FF416AF226802F10C0363
:1085700053E8003F23F490730C3242E800300028A7
:10858000F3D1226802F1140353E8003F23F0010302
:10859000143242E800300028F3D1202384F842301E
:1085A0002063226802F10C0353E8003F23F010031C
:1085B0000C3242E800300028F3D1022363632046E6
:1085C000FFF74CFEE7E62046FFF737FCE3E62046E0
:1085D000FFF703FEDFE600BF4F82000808B5806B9F
:1085E00001234363036B012B02D0FFF704FE08BD98
:1085F000818D4908FFF732FEF9E708B50346806B25
:108600001B681B6813F4807F2BD10023C38502688D
:1086100002F10C0353E8003F23F480730C3242E86C
:1086200000310029F3D1026802F1140353E8003F3E
:1086300023F00103143242E800310029F3D102682B
:1086400002F1140353E8003F23F04003143242E8E0
:1086500000310029F3D1202380F84230036B012B35
:1086600007D000234363036B012B0FD0FFF7C2FD3C
:1086700008BD026802F10C0353E8003F23F0100329
:108680000C3242E800310029F3D1EAE7818DFFF78F
:10869000E5FDEDE730B583B004461346816282857F
:1086A00000224264222084F842002448E56BE863FB
:1086B0002348E56B28642348E56BE864E06B0265BA
:1086C00020680A46011DE06BFEF780FC00282ED1D1
:1086D000019023681A6801925B680193019B2369EA
:1086E0005BB1226802F10C0353E8003F43F480734E
:1086F0000C3242E800310029F3D1226802F1140360
:1087000053E8003F43F00103143242E800310029EE
:10871000F3D1226802F1140353E8003F43F0400311
:10872000143242E800310029F3D103B030BD1023E8
:108730006364202384F842300120F6E7FB850008BB
:10874000DD850008FB81000808B590F84230202B39
:1087500008D149B10AB9012008BD00230363FFF71E
:1087600099FFF9E70220F7E70120F5E750B338B5A4
:10877000044603684CF6CC421A60036845F2555231
:108780001A60036842685A60036882689A60FEF75C
:108790007FFE05462368DA6812F0030F0DD0FEF75E
:1087A00077FE401B41F601039842F3D92368DB684A
:1087B00013F0030FEED0032003E04AF6AA221A605A
:1087C000002038BD0120704703684AF6AA221A60CB
:1087D00000207047034AD2F8883043F47003C2F88F
:1087E0008830704700ED00E010B5094C00212046AC
:1087F000FFF79EF904212046FFF79AF90821204649
:10880000FFF796F90C212046FFF792F910BD00BF43
:10881000B4030020032863D8F8B50C46B1F57A7F7D
:1088200009DC11F57A7F08DA05462E4B034493F8EC
:10883000D0602D4C08E04FF47A740546294B034470
:1088400093F8D060002C22DA284B05EB850003EB6F
:1088500080021746321E18BF0122B98853F8200043
:10886000FEF7ACFAB6FA86F25209B989B868FEF793
:10887000A5FA644224B205EB85051C4B03EB850386
:108880001B69D3B91A4B1B68A4B25C63F8BD174BC4
:1088900000EB800003EB80021746B6FA86F252091D
:1088A000B98853F82000FEF789FA321E18BF01225A
:1088B000B989B868FEF782FADDE7042B06D0082BE9
:1088C00009D00B4B1B68A4B21C64DFE7084B1B6884
:1088D000A4B29C63DAE7064B1B68A4B2DC63D5E75D
:1088E000704700BF6807002018FCFFFF60240108E4
:1088F000B4030020224B034493F8E230002B3BD01A
:108900008446202B25D8012B38D910B51D4A12F8E2
:108910000CE01D4A12F80C20734500D29E469E457D
:1089200003D20EF1010E5FFA8EFE164800F80CE03D
:1089300002EB4C14154840F82410013292FBF3F17D
:1089400003FB1122104B03F80C2000231846194694
:108950000BE02023D9E703EB4C140C4A52F82420F7
:10896000101841EBE2710133DBB29E45F3D8724639
:108970000023FCF781F910BD084670470846704790
:1089800068070020880400208C0400209004002048
:108990000346114A024492F8E220C2B1632A0FD87A
:1089A000012A16D90D4850F8230000B951B9091A07
:1089B000013291FBF2F10844084A42F82300704763
:1089C0006322EFE7054A42F823100846704708463D
:1089D00070470846704700BF6807002078040020F1
:1089E000374B034493F8E230002B64D00246202B2F
:1089F00022D8012B61D910B5A0B0324810F802C0BE
:108A00003148805C634500D29C469C4503D20CF102
:108A1000010C5FFA8CFC2B4C04F802C000EB421EE8
:108A20002A4C44F82E10411C91FBF3F003FB10116B
:108A3000254B995400230DE02023DCE703EB421083
:108A4000224951F8200020A901EB830141F8800C54
:108A50000133DBB29C45F1D8002420460CF1FF33F2
:108A60009C421FDA0134E4B2234601E00133DBB259
:108A70009C45F2D920AA02EB800252F8802C20A952
:108A800001EB830151F8801C8A42EFDD0DF1800E6D
:108A90000EEB800E4EF8801C20A901EB830141F8FB
:108AA000802CE3E7CCF3470320AA02EB830353F8BF
:108AB000800C20B010BD084670470846704700BFC4
:108AC00068070020880400208C0400209004002007
:108AD00003281ED8104B1B5CABB9104B53F8203049
:108AE0001B685A6A92B20E4931F81030D31A21F835
:108AF00010200C4A52F8201001FA83F342F820307B
:108B000052F820007047054B53F820301B68586A14
:108B100070470020704700BFB0240108B42401084A
:108B2000D0060020D8060020032803D8024B53F8B3
:108B3000200070470020704790060020032803D8CB
:108B4000024B53F82000704700207047A006002019
:108B5000032807D80023044A1354044A1354044A30
:108B600042F82030704700BF8C04002088040020A9
:108B700078040020032820D80023104A42F820302F
:108B80000F4A22F810300F4A42F820300E4A42F8BD
:108B900020300E4A42F820300D4A42F820304FF083
:108BA00000010C4A11540C4A13540C4A42F820306C
:108BB0000B4A52F82020126853627047D8060020F2
:108BC000D0060020C0060020B0060020A00600202D
:108BD000900600208C0400208804002078040020E7
:108BE000B424010830B58BB02422002101A805F07F
:108BF000F4FB0323019301220392042305930792BC
:108C0000099300242AE00023164A42F82430164A29
:108C100022F81430154A42F82430154A42F824301C
:108C2000144A42F82430144A42F824304FF000012C
:108C3000124A1155124A1355124A42F82430124B67
:108C400053F8245001A92846FEF762FEE0B2FFF770
:108C500091FF3C212846FEF7DFFF0134032CD2DDD3
:108C60000BB030BDD8060020D0060020C006002082
:108C7000B0060020A0060020900600208C040020F2
:108C80008804002078040020B4240108032800D9B7
:108C9000704770B50446FEF7FBFB05462046FFF71C
:108CA00017FF0646744B53F82430E91A002B63D0A3
:108CB000002970D0714B53F82400301A04F164037A
:108CC0006F4A32F813306F4A125D62B9DFF8BCC1E7
:108CD0004CF82420DFF8B8C14CF82420694A4FF042
:108CE000010C02F804C0DFF8A4C15CF8242002449F
:108CF0004CF82420DFF898C15CF8240008444CF8B4
:108D000024004FEA830C604981FB0CE18910BCF11F
:108D1000130F00DC022103F1FF3C1FFA8CFCBCF1B5
:108D2000620F57D9C3B34FEAE27E4FEA4E1C4CEABA
:108D3000D26C5101891A6CEB0E0C4FEA8C0C4CEA88
:108D4000917C89008A184EEB0C0E4FEA0E1C4CEAFF
:108D5000127C1101891A6CEB0E0C4FEA4C1CA3FB20
:108D600000039B00820043EA907348014CEAD16102
:108D7000FBF782FF014610E0404B43F824003E4BD6
:108D800043F824500023414A42F82430404A42F834
:108D900024303C4A135570BD194600233B4A42F823
:108DA00024303B4A42F824303A4B43F82410344BE9
:108DB000234493F8DE30032B54D8022B44D0032BEA
:108DC00049D0012B4ED12046FFF794FD324B43F89A
:108DD00024004AE0312805D882EAE27CACEBE27C50
:108DE0008C4542DB4FEAE27E4FEA4E1C4CEAD26CE5
:108DF0005101891A6CEB0E0C4FEA8C0C4CEA917CF9
:108E000089008A184EEB0C014FEA011C4CEA127CD7
:108E10004FEA021EBEEB020E6CEB01014901A3FBFF
:108E200000039B00820043EA90734FEA4E1041EA30
:108E3000DE61FBF721FF0146144B002243F824209A
:108E4000134B43F82420AFE72046FFF7A1FD124B58
:108E500043F8240009E02046FFF7C2FD0E4B43F81B
:108E6000240002E00C4B43F82410044B43F8246028
:108E7000014B43F824508EE7B0060020C0060020C6
:108E800068070020540400206766666668040020B6
:108E900058040020A006002090060020002300E0D7
:108EA0000133032B17DC0C4AD25C002AF8D10B4AA1
:108EB00052F823201268516A89B2094830F8132009
:108EC0008A1A20F81310074951F8230000FA82F299
:108ED00041F82320E4E77047B0240108B4240108D6
:108EE000D0060020D8060020002209E002EB420153
:108EF000054B03EB81030021196059609960013231
:108F0000032AF3DD704700BF38070020032800F272
:108F1000A78000B5544B03EB0012916A07EE101ABC
:108F2000D2F82CC0C21C110103EB0212595852682E
:108F300000F11A0E53F82EE007EE90EA70EE600A88
:108F4000034493F8D830012B56D000EB400E474B2A
:108F500003EB8E03D3ED006A76EEA06AC3ED006AE0
:108F600006EE102AF4EEC66AF1EE10FA03DD3F4B6E
:108F700003EB8E031A6000EB400E3C4B03EB8E03B9
:108F800093ED006A06EE902AF1EE666AB4EEE66AA8
:108F9000F1EE10FA04D5354B03EB8E03C3ED006AF6
:108FA000324B00EB400203EB8202D2ED016A70EE1D
:108FB000E66AC2ED010A27EE207A92ED006A05EE1C
:108FC00090CA26EE256A37EE067A06EE101A66EE8D
:108FD000266A37EE267AF4EEC77AF1EE10FA01D55A
:108FE000B0EE677AB1EE670AB4EEC70AF1EE10FA96
:108FF00001DCB0EE470A00BD1C4A00EB400302EB67
:10900000830393ED016A70EEC66A26EE877A06EE58
:1090100090CA66EEA06A37EE267A76EE066A70EEA1
:10902000E66AD3ED025A76EEA56A05EE901A66EE70
:10903000A56A37EE267A83ED026AC3ED010AF4EEE3
:10904000C77AF1EE10FA01D5B0EE677AB1EE670A91
:10905000B4EEC70AF1EE10FACDDCB0EE470ACAE76B
:109060009FED030A704700BF680700203807002003
:1090700000000000032808D8044B00EB400203EB7B
:109080008202002111605160916070473807002012
:1090900000230EE0084A02EBC30200211160516078
:1090A00003EB4300054A02EB8002116051609160BE
:1090B0000133032BEEDD704718070020E80600207F
:1090C000032800F2DB8000B56E4B00F11E0253F85E
:1090D000222007EE102A00F1220253F822C000F1EC
:1090E000260253F8222005EE102A00F12A0253F836
:1090F000222007EE902A00F12E0253F8222003EBE3
:10910000000E9EF8F6E000F1740103EB4103DB88EA
:109110004BB900F164035B4931F813108B0019B9A6
:10912000B7EE006A08E09B0006EE903AF8EEE66AB9
:10913000DFED555A85EEA66A66EE206A30EE660AC5
:10914000BEF1010F4ED0514B03EBC003D3ED006ACB
:1091500076EE806AC3ED006A06EE102AF4EEC66A67
:10916000F1EE10FA03DD494B03EBC0031A60474BE5
:1091700003EBC00393ED006A06EE902AF1EE666AF7
:10918000B4EEE66AF1EE10FA04D5404B03EBC003EF
:10919000C3ED006A3D4B03EBC003D3ED016A70EEF3
:1091A000666A83ED010A27EE007A93ED006A05EE08
:1091B00090CA26EE256A37EE067A65EE266A37EE05
:1091C000267AF4EEC77AF1EE10FA01D5B0EE677A9E
:1091D000B1EE670AB4EEC70AF1EE10FA4DDCB0EE5C
:1091E000470A4AE000EB4002294B03EB820393ED70
:1091F000006A70EE466A26EE877A06EE90CA66EE40
:10920000806A37EE267A76EE066A70EE666AD3EDED
:10921000015A76EEA56A66EE856A37EE267A83ED08
:10922000016A83ED000AD3ED026A36EE877A83ED98
:10923000027AB4EEE77AF1EE10FA04DD144B03EB98
:109240008203C3ED027A00EB4002114B03EB820371
:1092500093ED027AB1EE670AB4EEC07AF1EE10FA3D
:1092600004D50B4B03EB820383ED020A00EB4000B5
:10927000074B03EB800090ED020A00BD9FED050A4D
:10928000704700BF680700200000614518070020F4
:10929000E80600200000000003280DD8074A02EB72
:1092A000C002002313605360054A00EB400102EB4B
:1092B00081010B604B608B60704700BF1807002076
:1092C000E806002000B585B0642302930192009166
:1092D00001230246A0210248FCF7B8FF05B000BDFB
:1092E000FC03002000B585B0C823029301920091D1
:1092F00001230246A0210648FCF7F6FE10B100202B
:1093000005B000BD0620FEF7C9F80120F8E700BF50
:10931000FC03002000B586464FF0000C4FF6FF70AE
:1093200010E040080133DBB2072B07D810F0010F23
:10933000F7D04AF2010282EA5000F3E70CF1010C87
:109340001FFA8CFC8C4504D21EF80C3058400023C8
:10935000EAE700BD10B53F4CFA220021204605F097
:109360003CF83D4B23600123E371022384F8213054
:109370004FF4424363840123A384002330E0354A41
:1093800003F108010A2022F8110003F10C01142056
:1093900022F8110002EB03114FF07E508862D91CB5
:1093A00002EB0111DFF8B8C0C1F804C003F11A01E3
:1093B00002EB81012948086003F11E0102EB8101E3
:1093C000DFF8A0E0C1F800E003F12A0102EB81011F
:1093D000C1F800C003F12E0102EB810210600133DD
:1093E000032BCCDD1B4B012283F8D420022283F80F
:1093F000D520032283F8D620042283F8D720002327
:1094000000E00133032BFCDD124B012283F8DD2049
:10941000002305E00F4A1A44012182F8E2100B44B0
:10942000032BF7DD002308E003F17001094A02EB8A
:10943000410242F21071D1800133032BF4DD00238D
:1094400000E00133032BFCDD002300E00133032B9C
:10945000FCDD10BD680700200052444D00007A4436
:109460000000FA430000A04030B5C1B01D4D0024FB
:109470006C81F621281DFFF74DFF6881F92C16D865
:10948000C4F1FA0292B2A4F1F2039BB2082B0CD8F9
:1094900014492144E0B2FFF725FF034688B1124882
:1094A000FFF792F90834A4B2E8E70822F0E7FA22BD
:1094B00001A90020FFF706FF019A0C4B9A4203D046
:1094C0000023184641B030BDBDF80E400023ADF872
:1094D0000E30F62102A8FFF71DFFA042F0D10123B4
:1094E000EFE700BF68070020F80100200052444D5C
:1094F00070B5194CFA2221460020FFF7E3FE2268DE
:10950000164B9A4205D0FFF725FFFFF7ADFF00206D
:1095100070BD114C658900236381F621201DFFF782
:10952000F9FE6581854205D10B4B0120D8710022DF
:109530001A72EDE7234624795D799E79FFF70AFFD9
:109540000CB905B91EB1044B1C715D719E71FFF71A
:109550008BFF0020DCE700BF680700200052444D6D
:1095600010B5FEB0FA223FA90020FFF7ABFE3F9AEC
:109570003B4B9A4205D0FFF777FF034618467EB073
:1095800010BDBDF806410023ADF80631F62140A814
:10959000FFF7C0FEA04203D0FFF766FF0346EDE7EA
:1095A000304B93F821208DF81D21D3F82220CDF8DF
:1095B0001E2193F8DD308DF8D93101238DF8033168
:1095C00000248DF80441ADF80641F62140A8FFF7CC
:1095D000A1FEADF80601F92C17D8C4F1FA0292B237
:1095E000A4F1F2039BB2082B0DD83FA92144E0B2AD
:1095F000FFF778FE03460028C0D01B48FFF7E4F8C9
:109600000834A4B2E7E70822EFE7FA22694600200F
:10961000FFF758FE009A124B9A4211D19DF8212073
:109620009DF81D319A420BD1DDF82220DDF81E3164
:109630009A4205D19DF8DD209DF8D9319A4201D09A
:1096400000239BE7BDF80A400022ADF80A20F6216E
:1096500001A8FFF75FFEA042F2D101238EE700BF11
:109660000052444D68070020F8010020F8B5064C70
:1096700027796679A579FFF76DFE27716671A57167
:10968000FFF7F2FEF8BD00BF6807002030B583B0D9
:10969000002318E0244A02EB83020021116000221B
:1096A000224921F81320224941F82320214941F879
:1096B00023204FF000002049C854204941F82320BE
:1096C0001F49CA540133032BE4DD00251D4B1D60E7
:1096D0001D4B1D70FFF708FCFFF7DAFC01951B4BD3
:1096E0005A6C42F480325A645B6C03F48033019309
:1096F000019B174C174B236053236360A56040F216
:10970000E733E360A5612046FEF7AAF82A460A215E
:109710001820FDF745FE1820FDF752FE2046FDF704
:109720005FFF03B030BD00BF04090020FC0800202B
:10973000DC0800207C080020780800206808002051
:1097400064080020D8080020D40800200038024017
:109750008C0800200040014008B50248FDF77EFF5C
:1097600008BD00BF8C080020032805D8044B03EB7C
:10977000800393ED000A70479FED020A704700BF17
:10978000040900200000000090B10E4BDB8CBBB13F
:1097900010B51C46632B01D864231C46FDF778FEE8
:1097A000094B1B6843B1C01AA04205D8002006E04F
:1097B000064B1870012070470120044B187010BD33
:1097C0001846704768070020D8080020D4080020F9
:1097D000032800D9704770B5044610EE106A0D4694
:1097E0000846FFF7D1FF00B970BD094B03EB8403B6
:1097F0001E60FDF74DFE074B43F82400002DF3D10A
:10980000FDF746FE044B1860044B00221A70EBE78C
:1098100004090020DC080020D8080020D40800201B
:1098200008B50F4BDB8C03B908BDFDF731FE0023F3
:1098300000E00133032BF7DC0A4A52F82320002A08
:10984000F7D0821A0649C98C8A42F2D9064A02EB3D
:10985000830200211160034A002142F82310E8E747
:1098600068070020DC08002004090020F8B52DED71
:10987000028BFFF713FB00231846194600E0013363
:10988000032B09DC7C4AD25C02B101217B4AD25C09
:10989000002AF4D00120F2E7002940D110B30C4691
:1098A0002DE0774B03EB8403D3ED007AFDEEE77AEE
:1098B00017EE903A19B2734B23F81410E0B2FEF78A
:1098C000A9FF0134032C00F3D4806F4B23441B7B8E
:1098D000002BE6D004F164036B4A32F81330002BFE
:1098E000EFD1DEE70446EDE7634B1B5D33B1E0B239
:1098F000FFF7CCF902E0E0B2FFF7C8F90134032C1E
:109900000FDC614B23441B7B012BEDD05A4B1B5DBD
:10991000002BF0D1594B1B5D002BEFD0EBE700245F
:10992000EDE7002432E0564B03EB8403D3ED007ADD
:10993000FDEEE77A534B17EE902A23F8142000230C
:109940004D4A13554D4A13554E4B33F9143004F11B
:109950001A024D4951F8221007EE901AFDEEE77AEF
:1099600017EE901AB1F57A7F01DD4FF47A719942C2
:1099700000DA0B464942994200DC194609B2414BD4
:1099800023F81410E0B2FEF745FF0134032C70DC1D
:109990003D4B23441D7B002DC5D004F164033A4A9E
:1099A00032F81330002BBED0022D02D0334B0022F0
:1099B0001A55324B1B5D0BB1022D2AD02E4B1B5D6D
:1099C000002BC1D02C4B00221A55022D3DD02C4B20
:1099D00003EB8403D3ED007AB0EE678AE5B2284644
:1099E000FFF7A2F800EE900AF8EEE00AB0EE480A9F
:1099F0002846FFF78BFA244B234493F8D830012BE9
:109A00002BD0BDEEC00A1F4B10EE102A23F81420F5
:109A10009AE71A4B00221A55A600194B03EB840350
:109A200093ED008AE3B21F461846FFF751F800EEA7
:109A3000900AF8EEE00AB0EE480A3846FFF740FB1D
:109A4000124B334483ED000AB8E7104B03EB840359
:109A5000D3ED007AB0EE678AC0E70A4A32F81430D4
:109A6000BDEEC00A10EE101A13FA81F322F814307A
:109A70006AE7BDEC028BF8BD78080020640800207E
:109A800004090020FC08002068070020EC080020E2
:109A9000032803D8024B33F91000704700207047A9
:109AA000FC080020032800D9704708B5034B0022AA
:109AB00023F81020FFF7F0FB08BD00BFFC080020D2
:109AC00070B5002427E0184B03EB840300221A60D2
:109AD0000025164B23F81450154B03EB84031A6032
:109AE000144B43F824504FF00002134B1A55134BFC
:109AF0001D55134B43F82450124B43F82450E6B243
:109B00003046FFF7B7FA3046FFF7C6FB2946304626
:109B1000FEF780FE0134032CD5DD00230A4A1360D2
:109B20000A4A137070BD00BF04090020FC08002021
:109B3000EC080020DC0800207808002064080020E1
:109B40007C08002068080020D8080020D4080020E5
:109B50000346002800F0938002780F2A40F08C80A2
:109B6000027E002A40F08A804278807842EA002211
:109B7000C2F30A020A809878DA78520142EAD002E7
:109B8000C2F30A024A80D8781A79920042EA901207
:109B9000587942EA8022C2F30A028A8058799A7977
:109BA000D20142EA5002C2F30A02CA809879DA79F5
:109BB000120142EA1012C2F30A020A81D8791A7A13
:109BC000520042EAD012587A42EA4022C2F30A0214
:109BD0004A81587A9A7A920142EA9002C2F30A02C2
:109BE0008A81987ADA7AD20042EA5012CA811A7BC4
:109BF000587B42EA0022C2F30A020A82587B9A7B0F
:109C0000520142EAD002C2F30A024A82987BDA7B0E
:109C1000920042EA9012187C42EA8022C2F30A02C1
:109C20008A82187C5A7CD20142EA5002C2F30A02AC
:109C3000CA82587C9A7C120142EA1012C2F30A02CC
:109C40000A83987CDA7C520042EAD012187D42EAFC
:109C50004022C2F30A024A83187D5A7D920142EAE9
:109C60009002C2F30A028A835A7D9B7DDB0043EA9D
:109C70005213CB83012070470020704700207047AB
:109C800003780F2B01D000207047037E0BB100201A
:109C900070470120704700B503469646002013E048
:109CA00001331A78202AFBD092B100F1010C41F85F
:109CB000203000E00133187808B12028FAD110B123
:109CC000002203F8012B60461A780AB17045E8DBE0
:109CD00000BD000010B50446FAF7C2FA81B2204672
:109CE00002F0CAFE0221024802F0C6FE10BD00BF0B
:109CF000FC12010810B53948FFF7ECFF384C20463C
:109D0000FFF7E8FF3748FFF7E5FF3748FFF7E2FFC7
:109D10003648FFF7DFFF3648FFF7DCFF3548FFF72F
:109D2000D9FF3548FFF7D6FF3448FFF7D3FF344853
:109D3000FFF7D0FF3348FFF7CDFF2046FFF7CAFFFC
:109D40003148FFF7C7FF3148FFF7C4FF3048FFF73E
:109D5000C1FF3048FFF7BEFF2F48FFF7BBFF2F487A
:109D6000FFF7B8FF2E48FFF7B5FF2E48FFF7B2FF09
:109D70002D48FFF7AFFF2046FFF7ACFF2B48FFF75A
:109D8000A9FF2B48FFF7A6FF2A48FFF7A3FF2046AD
:109D9000FFF7A0FF2848FFF79DFF2848FFF79AFF2D
:109DA0002748FFF797FF2748FFF794FF2648FFF75C
:109DB00091FF2648FFF78EFF2046FFF78BFF2448D0
:109DC000FFF788FF2348FFF785FF2348FFF782FF4F
:109DD0002248FFF77FFF02F0FFFD10BD00130108CE
:109DE000CC16010828130108441301087013010858
:109DF000A8130108DC1301083014010878140108C5
:109E0000AC140108E0140108101501083015010810
:109E10006C150108B4150108F01501085816010861
:109E20009C160108D01601081017010880170108B8
:109E3000A0170108E017010834180108501801089C
:109E400098180108C81801080819010854190108D0
:109E500090190108AC190108F4190108601A0108E9
:109E600008B502F0E9FA28B90448FFF733FF02F019
:109E700057F908BD0248FFF72DFFFAE7C81A010895
:109E8000AC1A010808B5FFF7EFFA18B10348FFF75D
:109E900021FF08BD0248FFF71DFFFAE7F41A010889
:109EA0000C1B010808B5FFF723FB18B10348FFF7A7
:109EB00011FF08BD0248FFF70DFFFAE7201B01085C
:109EC000381B010808B5FFF7D1FB0248FFF702FF76
:109ED00008BD00BF601B01080FB410B5A2B024ABD1
:109EE00053F8042B019302AC8021204604F04EFA73
:109EF0002046FFF7EFFE22B0BDE8104004B07047E7
:109F000000B585B0064A1179D379107A0290019391
:109F10000091937952790348FFF7DEFF05B000BD49
:109F200068070020741B01082DE9F04F2DED048B0C
:109F30008FB0834BD3F8221093F82130012B13D02C
:109F4000804A7F4B93F8DD3083B17F4B7C4890F89B
:109F5000200068B97D487A4CE48C019400907C48DC
:109F6000FFF7BAFF002419E07A4AEAE77A4BEDE7F7
:109F70007A48F0E77A4B0D9332E0099308928DED21
:109F8000067B8DED049B8DED028BCDE900AB324657
:109F90003B4641467348FFF79FFF0134032C00F313
:109FA000A280674B2344197B022900D90021644B0E
:109FB000234493F8DE20032A00D9002204F141064D
:109FC000694B53F821300C935D4B04F1640133F875
:109FD0001170234493F8D030002BCBD0634B0D93FA
:109FE000574B234493F8D830012B00D90023604904
:109FF00051F82380524D05EB0413D3F82890D3F881
:10A000002CA0E31C1B0155F803B004F11A0355F80A
:10A01000230004F1080335F81330564951F8222083
:10A020000B920A93FAF788FACDE908015846FAF735
:10A0300083FACDE906015046FAF77EFACDE904012C
:10A040004846FAF779FACDE90201CDF804800D9B74
:10A0500000933B460C9A31464748FFF73DFF2544A5
:10A0600095F8F630012B00D90023414A52F823809D
:10A07000334D04F11E0355F82300FAF75DFA064646
:10A080000F4604F1220355F82300FAF755FA8246E9
:10A090008B4604F1260355F82300FAF74DFA41ECFC
:10A0A000180B04F12A0355F82300FAF745FA41EC9E
:10A0B000190B04F12E0355F82300FAF73DFA41EC91
:10A0C000170B04F10C0335F8132004F1740305EBAE
:10A0D0004305EB88002B7FF450AF04F1640318496B
:10A0E00031F8133049E7164890F8D410B0F8E6205C
:10A0F00090F8D530B0F8E84090F8D650B0F8EA6063
:10A1000090F8D770B0F8ECC090F8DC00012815D0BA
:10A11000022811D019480590CDF810C00397029677
:10A12000019500941648FFF7D7FE02F055FC0FB0DA
:10A13000BDEC048BBDE8F08F1248ECE71248EAE76B
:10A14000680700209C1B0108A41B0108B41B010820
:10A15000E01B0108941B0108AC1B0108BC1B010893
:10A16000C41B0108681C0108DC240108C01B01088D
:10A17000D4240108C4240108201C0108C81B0108BC
:10A18000B01C0108D81B0108D01B010870B582B0B3
:10A190000020FEF79DFC06460120FEF799FC0546CF
:10A1A0000220FEF795FC04460320FEF791FC009088
:10A1B00023462A4631461B48FFF78EFE0020FEF755
:10A1C000B3FC06460120FEF7AFFC05460220FEF771
:10A1D000ABFC04460320FEF7A7FC009023462A466A
:10A1E00031461148FFF778FE0020FFF751FC064684
:10A1F0000120FFF74DFC05460220FFF749FC04460D
:10A200000320FFF745FC009023462A4631460748C5
:10A21000FFF762FEFDF73CF901460548FFF75CFEDB
:10A2200002B070BDEC1C0108081D0108241D0108C6
:10A230003C1D01082DE9F04F91B0041E1CDD0D46B8
:10A240000E68B3493046F9F7ABFF002840F0CC80E8
:10A25000012C0EDD686802F067FC8346461E032E63
:10A260000DD8022C0FD0042C4FDCAA48FFF732FD8A
:10A2700002E0A948FFF72EFD11B0BDE8F08FA74816
:10A28000FFF728FDF8E7A64B334493F8D830012BAD
:10A2900038D0A44B0B93A24B03EB0612906AD46AFE
:10A2A000F21C110103EB02125D585268924606F14E
:10A2B0001A0253F82220914606F1080233F8126080
:10A2C000FAF73AF9074688460B9B099308964846E1
:10A2D000FAF732F9CDE906015046FAF72DF9CDE942
:10A2E00004012846FAF728F9CDE902012046FAF7D9
:10A2F00023F9CDE900013A46434659468A48FFF71B
:10A30000EBFDB9E7894B0B93C5E7A86802F009FCA0
:10A3100051EC100BFAF760FC814F07EB061303F1C9
:10A3200028020B929862E86802F0FBFB51EC100BDC
:10A33000FAF752FC0B9A5060286902F0F2FB51ECDC
:10A34000100BFAF749FCF31C1B01F850052C0CDC30
:10A35000072C30DCF4B22046FEF78CFE2046FFF7D7
:10A36000A1FB7348FFF7B6FC86E7686902F0D9FBEA
:10A3700051EC100BFAF730FCF21C07EB021358609B
:10A38000062CE7DDA86902F0CCFB51EC100BFAF7C4
:10A3900023FC07EE900A06F11A0347F823009FED0D
:10A3A000657AF4EEC77AF1EE10FAD1DD17EE101AE5
:10A3B00047F82310CCE7E86902F0B6FB80B2012829
:10A3C00010D906F10803564A22F81300082CC1DD03
:10A3D000286A02F0A9FB0128BCD8514B334483F80A
:10A3E000D800B7E70220ECE753493046F9F7D8FE2A
:10A3F000002840F0DC80012C0EDD686802F094FB40
:10A400008346461E032E0BD8022C0DD0042C53DCA1
:10A410004A48FFF75FFC2FE74948FFF75BFC2BE753
:10A420003E48FFF757FC27E73D4B334493F8F6309F
:10A43000002B3ED13B4B0B93394B06F11E0253F8D8
:10A44000220006F1220253F8224006F1260253F8B8
:10A45000225006F12A0253F82220924606F12E02DB
:10A4600053F82220914606F10C0233F81260FAF7F5
:10A4700063F8074688460B9B099308964846FAF707
:10A480005BF8CDE906015046FAF756F8CDE904012C
:10A490002846FAF751F8CDE902012046FAF74CF8C0
:10A4A000CDE900013A46434659462648FFF714FDD8
:10A4B000E2E61E4B0B93BFE7A86802F032FB51ECBB
:10A4C000100BFAF789FB06F11E03154F47F823001E
:10A4D000E86802F026FB51EC100BFAF77DFB06F161
:10A4E000220347F82300286902F01BFB51EC100BF4
:10A4F000FAF772FB06F1260347F82300052C23DC4C
:10A50000F0B2FEF7C9FE0A48FFF7E4FBB4E600BF6D
:10A51000041E0108A81E0108101E0108541E01088F
:10A5200068070020581D0108601E01084C1D010825
:10A53000D81E010800007A44E81E01087C1F0108AB
:10A54000F01E0108301F0108686902F0EAFA51ECB8
:10A55000100BFAF741FB06F12A0347F82300062CFB
:10A56000CEDDA86902F0DDFA51EC100BFAF734FBEE
:10A5700006F12E0347F82300072CC1DDE86902F03D
:10A58000D3FA83B2012B10D906F10C029B4921F8B2
:10A590001230082CB4DD286A02F0C6FA0128AFD8C0
:10A5A000964A324482F8F600AAE70223ECE794497F
:10A5B0003046F9F7F5FD68BB012C1ADD686802F03A
:10A5C000B3FA461E032E18D8022C1AD0A86802F03F
:10A5D000ABFA06F16402894B23F81200F6B230465A
:10A5E000FEF748FD3046FFF75DFA8648FFF772FB3D
:10A5F00042E68548FFF76EFB3EE68448FFF76AFBBC
:10A600003AE664367D4B33F8162001468048FFF762
:10A6100063FC31E67F493046F9F7C2FD78BB012C77
:10A620001CDD686802F080FA461E032E1AD8022C40
:10A630001CD0A86802F078FA003818BF01206F4BD0
:10A64000334483F8D000F6B23046FEF713FD3046AF
:10A65000FFF728FA6B48FFF73DFB0DE66E48FFF762
:10A6600039FB09E66948FFF735FB05E6634B3344E0
:10A6700093F8D02001466948FFF72EFCFCE56849B5
:10A680003046F9F78DFD002856D1012C21DD686890
:10A6900002F04AFA461E032E1FD8022C21D0AC68C5
:10A6A00060492046F9F77CFD60B35F492046F9F721
:10A6B00077FD002837D05D492046F9F771FD002865
:10A6C00036D14E4B334402221A73F0B2FEF752FADF
:10A6D0001BE05748FFF7FEFACEE54C48FFF7FAFAC1
:10A6E000CAE5464B33441B7B022B09D0012B05D016
:10A6F000504A01465048FFF7EFFBBDE54F4AF8E7E7
:10A700004F4AF6E73D4B33441873F6B23046FEF736
:10A71000B1FC3046FEF7C0FD3046FFF7C3F93948BB
:10A72000FFF7D8FAA8E5354B334401221A73ECE75A
:10A730004448FFF7CFFA9FE543493046F9F730FD2B
:10A74000002840F09B80012C30D001F075FE0028DD
:10A7500042D1686802F0E8F9A0F596623B4B9A4254
:10A760003ED8264BC3F82200022C19DDA86802F05F
:10A77000DBF9031E18BF0123204A82F8DD30032CC9
:10A780000EDDEC6832492046F9F70AFD60B3314925
:10A790002046F9F705FD60BB184B022283F8212003
:10A7A00001F054FA2C48FFF795FA65E5134BD3F8FE
:10A7B000221093F8DD205AB1284B104890F8210060
:10A7C000012807D0264800902648FFF785FB53E56F
:10A7D000254BF2E72548F6E72548FFF77BFA4BE5DE
:10A7E0002448FFF777FA47E5044B012283F821203C
:10A7F000D6E72148FFF76EFA3EE500BF6807002064
:10A80000A81F0108D81E0108AC1F0108541E01082A
:10A81000C41F0108D01F0108D41F0108EC1F010844
:10A82000FC1F0108382001084020010858200108B9
:10A8300004200108701D010828200108681D010876
:10A84000641D0108482001085C20010850043D00F7
:10A85000B8200108C0200108DC200108A41B010861
:10A860009C1B010864200108AC1B0108941B010813
:10A8700080200108A0200108C8200108A149304615
:10A88000F9F78EFC40BB012C14DD686802F04CF92E
:10A890000646431E032B11D8022C13D0A86802F0E1
:10A8A00043F9013E984B334483F8D4009748FFF7AF
:10A8B00011FAE1E49648FFF70DFADDE49548FFF759
:10A8C00009FAD9E4421E904B134493F8D420014670
:10A8D0009148FFF701FBCFE490493046F9F760FC5F
:10A8E00080B9012C08D0686802F01EF9864BD88424
:10A8F0008648FFF7EFF9BFE4834BD98C8848FFF710
:10A90000EBFAB9E487493046F9F74AFCC8B9012C9B
:10A910000AD17D4B93F8203023B183498348FFF758
:10A92000DBFAA9E48249F9E7686802F0FDF8031E42
:10A9300018BF0123744A82F820307448FFF7CAF91F
:10A940009AE47C493046F9F72BFC08BB012C08D06F
:10A95000686802F0E9F8022813D97748FFF7BAF9D6
:10A960008AE4694B93F8DC10012908D0022904D04D
:10A97000724A7348FFF7B0FA7EE4724AF9E7724A06
:10A98000F7E7614A82F8DC006048FFF7A3F973E457
:10A990006E493046F9F704FC00283FD1012C19DD3F
:10A9A000686802F0C1F80146461E032E16D8022C34
:10A9B0001CD1554B33441B7B012B15D0022B11D0DE
:10A9C000634B7036504A02EB4602D2886148FFF76B
:10A9D00083FA51E46048FFF77DF94DE44D48FFF7F5
:10A9E00079F949E45D4BECE75D4BEAE7A86802F0D2
:10A9F0009BF8454B06F1700203EB4202D0803344D2
:10AA00001B7B012B08D0022B04D051495548FFF77E
:10AA100063FA31E45149F9E75149F7E752493046C1
:10AA2000F9F7BEFB00BB012C09DD686802F07CF879
:10AA3000441E032C07D93748FFF74CF91CE44B4858
:10AA4000FFF748F918E4E4B22046FEF793F82046F1
:10AA5000FEF710FB2046FEF71FFC2046FFF722F80A
:10AA60004348FFF737F907E442493046F9F798FBC6
:10AA70008446002840F0D380012C3CDD686802F059
:10AA800053F88046461E032E00F29680022C00F0FA
:10AA90009880022C7FF7F0ABA86802F045F80746D3
:10AAA000032800F2A980184B334483F8DE00032CFE
:10AAB0000EDDE86802F038F80346022F00F0A180AE
:10AAC000421E1F2A00F2A6800F4A324482F8E2306A
:10AAD000294B0FCB10AC04E90F000B4B334404EBB4
:10AAE000870693F8E23056F8102C41462348FFF7CA
:10AAF000F3F9FFF7C1BB204B0FCB10AC04E90F00FB
:10AB00004EE000BFEC20010868070020D81E0108B5
:10AB1000F4200108541E0108142101082421010811
:10AB20002C21010834210108BC1B0108641C010808
:10AB3000781D01084021010854210108C81B0108A3
:10AB40004C210108D81B0108D01B010890210108E5
:10AB5000DC1D0108BC2101089C210108AC1D010875
:10AB6000801D0108D0210108E0210108E821010829
:10AB70000022010804220108C812010894220108D9
:10AB80000CF101044349614410AA02EB830291F8DD
:10AB9000E23052F8102C21463F48FFF79DF9A446B9
:10ABA000BCF1030F3FF768AB3A4B634493F8DE30D8
:10ABB000032BE5D90023E3E73848FFF78BF8FFF7CD
:10ABC0005BBB374B0FCB10AC04E90F00314B334468
:10ABD00093F8DE30032B00D900232E49314410AA0C
:10ABE00002EB830291F8E23052F8102C41462A48D9
:10ABF000FFF772F9FFF740BB2A48FFF76BF8FFF742
:10AC00003BBB421E622A7FF65FAF2748FFF762F820
:10AC1000FFF732BB2548FFF75DF8FFF72DBB24494E
:10AC20003046F9F7BDFA00287FF426AB012C13DD7E
:10AC3000686801F079FF0146461E032E11D8022CE8
:10AC400014D0A86801F070FFB0F5803F18D3194800
:10AC5000FFF740F8FFF710BB1748FFF73BF8FFF787
:10AC60000BBB0E48FFF736F8FFF706BB7436094BEF
:10AC700003EB4603DA881148FFF72EF9FFF7FCBA19
:10AC80007436044A02EB4602D0800D48FFF722F8E2
:10AC9000FFF7F2BA680700200C220108541E0108D1
:10ACA000C812010828220108602201087822010840
:10ACB000BC22010800230108C8220108E82201087B
:10ACC000D81E010808B50021044B1970044B1970F7
:10ACD0008022044803F081FB08BD00BF1509002055
:10ACE000140900201809002030B5A9B00D2807D09C
:10ACF00004460A2804D0AE4B1B787E2B40F2A68176
:10AD0000AB4B1B78AB4A0021D15413B113782F2BD6
:10AD100010D0A74B1B7823B1A64B1B782F2B00F02C
:10AD200090810021A24B19708022A24803F055FBAC
:10AD300029B030BD0221A04801F09EFE08AC7F2260
:10AD40009E49204603F063FB00238DF89F300822C4
:10AD500069462046FEF79FFF0546002800F0A280C6
:10AD6000009C97492046F9F71BFA002800F09D80C7
:10AD700094492046F9F714FA002800F09B80924984
:10AD80002046F9F70DFA002800F099808F492046F7
:10AD9000F9F706FA002800F097808D492046F9F768
:10ADA000FFF9002800F095808A492046F9F7F8F964
:10ADB000002800F0938088492046F9F7F1F900282F
:10ADC00000F0918085492046F9F7EAF9002800F063
:10ADD0008F8083492046F9F7E3F9002800F08D8041
:10ADE00080492046F9F7DCF9002800F08D807E4983
:10ADF0002046F9F7D5F9002800F08D807B492046E0
:10AE0000F9F7CEF9002800F08D8079492046F9F74E
:10AE1000C7F9002800F08D8076492046F9F7C0F97F
:10AE2000002800F08D8074492046F9F7B9F9002810
:10AE300000F08D8071492046F9F7B2F9002800F042
:10AE40008D806F492046F9F7ABF9002800F08D801E
:10AE50006C492046F9F7A4F9002800F08D806A4972
:10AE60002046F9F79DF9002800F08D8067492046BB
:10AE7000F9F796F9002800F08D8065492046F9F72A
:10AE80008FF9002800F08D8062492046F9F788F993
:10AE9000002840F0C380604B187069462846FFF7D1
:10AEA000C9F936E75C4B18703BE75B4B1870FEF74F
:10AEB00021FF2EE7584B1870FFF722F829E7564B71
:10AEC0001870FFF731F824E7534B1870FFF75EF95D
:10AED0001FE7514B1870FEF7C3FF1AE74E4B18706F
:10AEE000FEF7D0FF15E74C4B1870FEF7DBFF10E7BD
:10AEF000494B1870FEF7E6FF0BE7474B18706946A1
:10AF00002846FFF797F904E7434B1870694628462F
:10AF1000FFF790F9FDE6404B187069462846FFF7A9
:10AF200089F9F6E63C4B187069462846FFF782F926
:10AF3000EFE6394B187069462846FFF77BF9E8E6DB
:10AF4000354B187069462846FFF774F9E1E6324B35
:10AF5000187069462846FFF76DF9DAE62E4B18702F
:10AF600069462846FFF766F9D3E62B4B1870694609
:10AF70002846FFF75FF9CCE6274B1870694628464C
:10AF8000FFF758F9C5E6244B187069462846FFF7C5
:10AF900051F9BEE6204B187069462846FFF74AF97A
:10AFA000B7E61D4B187069462846FFF743F9B0E62F
:10AFB0001509002018090020FC12010819090020B9
:10AFC000142301081C230108242301082C23010851
:10AFD000342301083C230108442301084C230108C1
:10AFE000041E0108E81E0108FC1F0108A81F010833
:10AFF000D01F010804220108BC220108E021010839
:10B000005C2001083421010824210108EC200108FA
:10B01000902101084021010814090020174A1378E3
:10B0200001331546137021461548FEF755FF2B785E
:10B03000022B7FF66EAE1348FEF74CFE00222A70FC
:10B0400067E60221104801F017FD6AE62F2808D0B4
:10B05000002B3FF46DAE591C0C4A11700C4AD054B1
:10B0600066E60021094D29708022094803F0B5F9F0
:10B0700001232B70064B1C705AE600BF14090020F8
:10B08000542301086C230108A0230108150900209E
:10B0900018090020BFF34F8F0549CA6802F4E06227
:10B0A000044B1343CB60BFF34F8F00BFFDE700BFDE
:10B0B00000ED00E00400FA0500B586464FF0000CF4
:10B0C000604610E05B0083F00703D8B20132072A24
:10B0D00005DC43B2002BF5DB4000C0B2F6E70CF113
:10B0E000010C1FFA8CFC8C4504D21EF80C30584021
:10B0F0000022ECE700BD08B501F0BEFC08BD00B5BC
:10B1000083B0AA238DF800308DF8010001238DF85B
:10B1100002300B4601B1FF238DF8033003210DF1FE
:10B120000100FFF7C9FF8DF8040005216846FFF70D
:10B13000E2FF03B000BD00002DE9F04784B02228F3
:10B1400000F015820F46144624D9412800F085826C
:10B150003FD8312800F01282402800F06082302869
:10B1600026D101F069F918BB032C21D9AE4B187810
:10B17000FEF70AFBE0B138787B78B978FA7841EAD3
:10B18000022109B203B14942032811D809B2FDF7DF
:10B1900041FB0DE0122800F0CB800CD810282ED0F7
:10B1A000112842D0012803D100210120FFF7A7FF79
:10B1B00004B0BDE8F087202800F0D0812128F7D125
:10B1C000FEF796F980F00101C9B22120FFF797FF41
:10B1D000EEE7442800F04D82532800F061824328B6
:10B1E000E6D1002A00F040820B78003B18BF012313
:10B1F0008E4A137000214320FFF781FFD8E7AA236E
:10B200008B4C237010236370FA22A2708949E01CD2
:10B2100003F087F9FC21601CFFF74EFF84F8FD0066
:10B22000FE212046FFF767FFC2E7FA2A04D001217A
:10B230001120FFF764FFBBE701AB7E4A106851683D
:10B240001446926807C394F82150D4F8226094F809
:10B25000DD309846FA223946204603F062F901AB08
:10B2600007CB20606160A26001F0E6F858B994F85D
:10B270002130AB4203D1D4F82230B3420ED000F0DB
:10B28000E5FCFEF7F1F86B4B93F8DC30022B03D9A9
:10B29000684B002283F8DC20002310E094F8DD30B6
:10B2A0004345ECD1EFE7634A1A4492F8F620012AAD
:10B2B00004D9604A1A44002182F8F6100133032BA6
:10B2C0001FDC5C4A1A44127B022A03D9594A1A44E9
:10B2D00000211173574A1A4492F8D820012A04D940
:10B2E000544A1A44002182F8D810524A1A4492F85B
:10B2F000DE20032AD7D94F4A1A44002182F8DE10F3
:10B30000D1E700230DE01D46DAB214461046FDF7E2
:10B31000B1FE2046FDF7C0FF2046FEF7C3FB2B46DB
:10B320000133032BEFDD00211120FFF7E8FE3FE79B
:10B33000022A40F20E813B787A7843EA022398464B
:10B34000A21E92B291460B2B35D91344FA2B00F270
:10B35000FB80384890F82150D0F8226090F8DD301A
:10B360009A4639460231404403F0DBF801F064F8B4
:10B3700058B9304B93F82130AB4204D12D4BD3F860
:10B380002230B3421CD000F061FC4346DC2B2AD8AB
:10B390004B44DC2B08DD274A92F8DC20022A03D933
:10B3A000244A002182F8DC1042460F2A1BD80C2BBD
:10B3B0001CDD00230BE002211220FFF7A0FEF7E6C0
:10B3C0001C4B93F8DD305345DDD1DEE70133032B11
:10B3D00009DC184A1A44127B022AF7D9154A1A4482
:10B3E00000211173F2E74346DB2B14D843464B444C
:10B3F000D82B13DD002300E00133032B0BDC0D4AB7
:10B400001A4492F8D820012AF6D90A4A1A4400218F
:10B4100082F8D810F0E74346E12B1CD843464B4452
:10B42000DE2B1BDD002308E0AA0A00209D0A002075
:10B4300098090020680700200133032B0BDC9D4A8C
:10B440001A4492F8DE20032AF6D99A4A1A440021B7
:10B4500082F8DE10F0E74346F92B3CD843464B44D4
:10B460001D46F62B1ADC4346E52B34D8DE2D20DCB6
:10B4700043460F2B2FD80C2D30DD002329E001335C
:10B48000032BF0DC8B4A1A4492F8F620012AF6D9F5
:10B49000884A1A44002182F8F610F0E70023EFE70B
:10B4A0001C46D8B2FDF754FB23460133032BF7DDCE
:10B4B000DEE70023FAE71D46DAB214461046FDF730
:10B4C000D9FD2046FDF7E8FE2046FEF7EBFA2B46B5
:10B4D0000133032BEFDD4346672B0DD843464B4426
:10B4E000282B0CDD002305E01C46D8B2FDF7C2FD79
:10B4F00023460133032BF7DD4346C72B0DD84346C4
:10B500004B44782B0CDD002305E01C46D8B2FDF738
:10B51000C3FE23460133032BF7DD4346DB2B03D861
:10B5200043464B44D82B0DDC00211220FFF7E7FDEA
:10B530003EE61C46D8B2FDF79DFD23460133032BA2
:10B54000F7DDF1E70023FAE701211220FFF7D7FD2D
:10B550002EE601211220FFF7D2FD29E6FDF784FF38
:10B5600080F00101C9B22020FFF7C9FD20E6FEF7F7
:10B570007DF800212220FFF7C2FD19E600F05CFFF4
:10B5800000287FF415AE0F2C7FF612AE3B787A7848
:10B5900043EA0223BA7843EA0243FA7843EA0263B1
:10B5A00000EE103A3B797A7943EA0223BA7943EA0A
:10B5B0000243FA7943EA02653B7A7A7A43EA022344
:10B5C000BA7A43EA0243FA7A43EA02663B7B7A7B21
:10B5D00043EA0223BA7B43EA0243FA7B43EA026767
:10B5E000354C2178B8EEC00AFEF7F2F8217807EE64
:10B5F000905AB8EEE70A0120FEF7EAF8217807EE44
:10B60000906AB8EEE70A0220FEF7E2F8217807EE2A
:10B61000907AB8EEE70A0320FEF7DAF8C8E5012AC7
:10B6200016D90B784A7843EA0223244A1360132B75
:10B6300002D8134614221A60214B01221A70FBF71C
:10B6400027FF204B186000214020FFF758FDAFE591
:10B6500001214020FFF753FDAAE50021184B197086
:10B660004120FFF74CFDA3E501214320FFF747FDF3
:10B670009EE582B10B78003B18BF0123124A13707C
:10B6800023B900214420FFF73AFD91E5FBF700FFC5
:10B690000E4B1860F5E701214420FFF730FD87E5E8
:10B6A00000215320FFF72BFD6420FBF7F7FEFFF787
:10B6B000F1FC00BF68070020AA0A0020A40A0020AD
:10B6C0009E0A0020A00A00209C0A0020980A002060
:10B6D0002DE9F843274B1D88013DADB24FF6FF73AE
:10B6E0009D4244D0002410E094B20EE00134A4B294
:10B6F0000BE008EB040120483246014402F054FEFE
:10B7000031E0002401E00134A4B2A31CAB422EDAE4
:10B71000194A125DAA2AF6D1621C17498F5CCE5CC9
:10B7200006F10408FA2EDFD808EB0403013BAB4214
:10B73000DCDC114A12F80390601CB11C1044FFF7C6
:10B74000BBFC8145DFD1E11C32460B4B1944384626
:10B75000FFF7F2FC04EB08039BB2EB1A9DB26E1CE0
:10B76000B6B2002EC5D1034B1E80002EC9D1BDE854
:10B77000F88300BFAC0A0020B00A002038B50024CE
:10B780004FF000050A4B1C800A4B1C804FF480527E
:10B790002146094802F021FE084B1D70084B1C6031
:10B7A000084B1D70084B1D70084B1C6038BD00BF56
:10B7B000AC0A0020A80A0020B00A00209E0A00203F
:10B7C000A40A00209D0A00209C0A0020980A00205C
:10B7D00038B505462E4B19702E4B1A88B2F5805F8E
:10B7E00026D3002101E0013189B28A4203D92A4BD4
:10B7F0005B5CAA2BF7D179B96AB1274B9B78FA2BFE
:10B800000CD9012101E0013189B28A4203D9224BCE
:10B810005B5CAA2BF7D109B18A4215D88A4202D8BB
:10B820001C4B00221A801B4B1A88B2F5805F15D280
:10B830001A4B00221A80174A1388591C1180164A85
:10B84000D554FFF745FF38BD531A1C4612481A4617
:10B85000014402F0A9FD0F4B1C80E4E70F490B885F
:10B8600001339BB20B80642BEDD90B4B1B78AA2BB9
:10B87000E9D1531E1C460A491A46481E02F094FD9F
:10B88000044B1C80054B00221A80FFF721FFDAE7EA
:10B89000AA0A0020AC0A0020B00A0020A80A002052
:10B8A000B10A0020644B1B7803B9704770B5A4B08F
:10B8B000FBF7EEFD614B1B68C31A614A12689342A5
:10B8C0006FD35E4B186000240EE0E6B23046FDF701
:10B8D000FFF824AB03EB840545F8100C3046FDF768
:10B8E00023F945F8200C0134032CEEDD554B1B7871
:10B8F000002B58D11C4661E0E6B23046FDF71EF938
:10B9000024AB03EB840545F8900C3046FDF72CFF83
:10B9100005ED200A0134032CEEDDAA238DF820303A
:10B92000F0238DF8213048238DF8223020AC0FCC45
:10B93000CDF82300CDF82710CDF82B20CDF82F30EF
:10B9400004AC0FCCCDF83300CDF83710CDF83B2048
:10B95000CDF83F301CAC0FCCCDF84300CDF84710EC
:10B96000CDF84B20CDF84F306C460FCCCDF85300BE
:10B97000CDF85710CDF85B20CDF85F30324B1B6807
:10B98000CDF86330314B1B68CDF867304A210DF19B
:10B990002100FFF791FB8DF86B004C2108A8FFF701
:10B9A000AAFB24B070BD0024B5E7E0B2FDF7DCFED1
:10B9B00024AB03EB840303ED200A0134032CF4DDF4
:10B9C000AA238DF82030F0238DF8213038238DF80C
:10B9D000223020AC0FCCCDF82300CDF82710CDF8C5
:10B9E0002B20CDF82F3004AC0FCCCDF83300CDF8A0
:10B9F0003710CDF83B20CDF83F301CAC0FCCCDF844
:10BA00004300CDF84710CDF84B20CDF84F300E4B0A
:10BA10001B68CDF853300D4B1B68CDF857303A21D9
:10BA20000DF12100FFF748FB8DF85B003C2108A8D1
:10BA3000FFF761FBB5E700BF9E0A0020A00A0020C7
:10BA4000A40A00209C0A0020E81A0020E41A002022
:10BA500000B585B0AA238DF80430F1238DF80530A8
:10BA600006238DF806308DF807008DF808108DF844
:10BA70000920C2F307238DF80A30C2F307438DF87B
:10BA80000B30120E8DF80C2008210DF10500FFF788
:10BA900013FB8DF80D000A2101A8FFF72CFB05B060
:10BAA00000BD0000184B1B786BB300B58BB0AA2308
:10BAB0008DF80430F2238DF8053020238DF8063000
:10BAC000002311E05A0010F813102B326A4402F8D8
:10BAD000241C30F813109A1C090A0DF1280C0CEBE9
:10BAE000420202F8241C01330F2BEBDD22210DF161
:10BAF0000500FFF7E1FA8DF82700242101A8FFF7E0
:10BB0000FAFA0BB000BD70479D0A002070B584B0F2
:10BB1000204B1A5C003A18BF01224FF400511E4816
:10BB2000FBF74CF91D4C1E4B63604FF4806323619F
:10BB30004FF40056E6600025A560042363612046AB
:10BB4000FCF70AFB2046FCF771FA2620FBF73CFCC9
:10BB5000009523681A6800925A680092009A01952D
:10BB60001A6801925A680192019A02951A68029223
:10BB70005A680292029A03951A6803925B680393CB
:10BB8000039B324607492046FCF7DEFD064B1D604D
:10BB900004B070BD18250108000802404C020020C6
:10BBA000A0860100343B0020B41A002030B585B0D7
:10BBB000044600224FF400511D48FBF7FFF81D4BCF
:10BBC00053F824301C4D6B6000242C61EC60284637
:10BBD000FCF7C2FA2846FCF729FA2620FBF7F4FB0B
:10BBE00000942B681A6800925A680092009A019497
:10BBF0001A6801925A680192019A02941A68029294
:10BC00005A680292029A03941A6803925B6803933B
:10BC1000039B4FF4005209492846FCF795FD084B59
:10BC20001C60084B1C70084B1C7005B030BD00BF79
:10BC300000080240FC2401084C020020343B002094
:10BC4000B41A0020B11A0020B01A002030B587B015
:10BC50000023544A1370544A1360544A1360544AE0
:10BC60001380544A13804FF00002534B1A70FBF7B5
:10BC70000FFC524B1860524C94F8DD20003A18BF6C
:10BC800001224FF400514F48FBF798F84E4D2846DB
:10BC9000FCF762FAD4F822306B6094F82130012B63
:10BCA0005AD0494B00221A61DA60474C0025A56042
:10BCB000042363612046FCF7B9F92620FBF784FBD7
:10BCC0002368DA6822F02002DA60DA6822F48072EF
:10BCD000DA605A6922F001025A6102951A680292EA
:10BCE0005A680292029A03951A6803925A6803925C
:10BCF000039A04951A6804925A680492049A059566
:10BD00001A6805925B680593059B304B4FF0006203
:10BD10002F49204600F05AFD2E4C2046FCF71CFA15
:10BD20004720FBF751FB2368DA6822F02002DA6033
:10BD3000DA6822F08002DA60DA6822F04002DA6023
:10BD4000254B4FF020622549204600F03FFD194B5E
:10BD50001B88ADF806300DE04FF480622A614FF485
:10BD60000052EA60A1E70DF106021A4BD96B1A489E
:10BD700000F088FDBDF80620164BD96B164800F080
:10BD800071FD0028EFD10B4BBDF806201A8000F0A2
:10BD900023FE4FF0206212490E4800F089FD07B0E3
:10BDA00030BD00BF101B0020E81A0020E41A00205C
:10BDB000301B00202E1B0020DC1A00200C1B002052
:10BDC00068070020000802404C020020343B00209D
:10BDD0008860024004020020341B002040640240BE
:10BDE000A064024038B53B4B1B78012B2FD0022BAF
:10BDF00049D0072000F040FBFDF762FEFDF74EF84A
:10BE0000344B1B78002B50D1334CD4F8222094F8BB
:10BE1000DD1094F82100FFF71BFE304D2846FCF79B
:10BE2000D3FCFFF713FF2846FCF7CEFC94F8213033
:10BE3000012B4CD02A49284BD3F822202948FEF761
:10BE40004BF80023284A1370284A137038BD224B40
:10BE5000012283F821206FF05F0283F822206FF027
:10BE6000790283F82320012283F82420002283F81A
:10BE700025201F4A12781F498A5C83F8DD2005209F
:10BE800000F0FAFAB8E7144B022283F821201A4A8C
:10BE900011781A4A52F82120C3F82220002283F890
:10BEA000DD20062000F0E8FAA6E7FDF759FB18B1FF
:10BEB0000A48FCF789FCA7E71148FEF70DF8FDF7E3
:10BEC000D3FA0028F4D10F48FEF706F8F0E70E4940
:10BED000B1E700BFD71A002068070020F801002052
:10BEE0009C1B010828240108DB1A0020DA1A002014
:10BEF000D91A002018250108D81A0020FC240108AE
:10BF0000E023010810240108941B0108012800D037
:10BF1000704708B5034B01221A70FBF7B9FA024BC0
:10BF2000186008BDDC1A0020E01A002010B56F4B25
:10BF30001B78022B7DD0032B00F0D580012B40F025
:10BF4000D4806B4BDB6B1B685B689BB2C3F5005402
:10BF5000A4B2013B9BB2B3F5005F16D341F6FF7468
:10BF600013E0644B1970644B01221A700DE0634BAF
:10BF700001221A70614B1B78012B30D15B4B0322DD
:10BF80001A70B2E05C4B00221A705D4B1B689C4239
:10BF9000F0D05C4AD15C0133C3F30C03584A136000
:10BFA000554B1B780BB90F29DBD05A1ED2B2172A7A
:10BFB000E8D85A1CD2B2504802704E48C154182AD0
:10BFC000E3D9FDF75DFE30B14F4A13780133DBB2A0
:10BFD0001370012BCBD8484B00221A70D5E7FBF722
:10BFE00057FA4A4B1B68C01A63287ED9484B187809
:10BFF0000130C0B2187001280FD90024454B1C70C5
:10C000002046FFF7D3FD444B1C70384B02221A70B8
:10C01000FBF73EFA3D4B186067E0FFF777FD002322
:10C02000394A1370344A1370FBF732FA374B1860F1
:10C030005BE02F4BDB6B1B685B689BB2C3F500506A
:10C0400080B2013B9BB2B3F5005F10D341F6FF70A5
:10C050000DE00D2A23D00A2A21D0304A137801336B
:10C06000DBB21370142B02D92B4B00221A70244B15
:10C070001B68984216D0234AD25C0133C3F30C03E9
:10C080001F490B60244B1B78002BE2D12F2AEED1E5
:10C09000214B01221A70214B00221A70E7E7174B3F
:10C0A00002221A70154B1B78022B03D10F4B03226F
:10C0B0001A701AE0FBF7ECF9144B1B68C01A4F28F2
:10C0C00013D9144B18780130C0B21870062803D960
:10C0D000064B03221A7008E0FFF768FDFBF7D8F95A
:10C0E0000A4B186001E0FFF77DFE10BDDB1A00204F
:10C0F0004C020020BC1A0020D51A0020D71A0020BC
:10C10000B41A0020343B0020D61A0020B81A0020B0
:10C11000D91A0020D81A0020B11A0020B01A002025
:10C12000124B1B7803B1704710B501230F4A1370EF
:10C130000F4A137000240F4B1C700F4B1C700F4BD9
:10C140001C700F4B1C700F4B1C700F4B1C700F4B57
:10C150001C70042000F090F9FDF7B2FC2046FFF7B8
:10C16000D5FCFBF795F90A4B186010BDDA1A0020D0
:10C17000DB1A0020D91A0020D81A0020D71A002074
:10C18000D61A0020D51A0020B11A0020B01A0020BB
:10C19000B81A00202DE9F04389B0924B93F8206043
:10C1A000371E18BF0127013E18BF01268E4B1A8883
:10C1B0008E4BD96B8E4800F055FB0DE08A4A8B4BB5
:10C1C000D96B8B4800F05EFB05463146FFF700FB5C
:10C1D0002846FEF789FD2046431E9CB20028EDD17B
:10C1E000844B1D785DB1FFF7A1FE834B1B78002BBC
:10C1F00040F0E980FFF756FB09B0BDE8F0837F4BC4
:10C200001A887F4BD96B7F4800F02CFB754B93F855
:10C210002130012B40F0D28083E07B4B18707B4BA8
:10C2200001221A707CE07A4A136801331360DFF848
:10C2300004E27646EC46BCE80F000FC69CE80F000F
:10C2400086E80F007046FFF72DFC664B93F8DC3054
:10C25000022B00D92B466F4A03EB430132F8111031
:10C26000884603EB430302EB43029388994600267A
:10C2700014E006F170025B4B03EB4203DB8807EE30
:10C28000903AF8EE677A092B01D8DFED637A27EE52
:10C29000800A3946F0B2FDF79BFA0136032E6ADCBC
:10C2A000504B334493F8D430013BDBB20F2BF4D81E
:10C2B00008AA02EB430333F8203C42464A449B1A47
:10C2C00007EE903AF8EEE77A07EE109AB8EE477A62
:10C2D00087EE870A434B33441B7B022BC9D0012BCB
:10C2E00004D0DFED4E7A20EE270AD2E706F1700285
:10C2F0003C4B03EB4203DB8807EE903AF8EE677A9B
:10C3000033B144F62062934204D9DFED457A01E06F
:10C31000DFED447A27EE800ABBE73C4B00221A701F
:10C320002046441EA4B250B3344A354BD96B35482D
:10C3300000F0A8FA354B1B7813B90F283FF46DAF06
:10C340005A1ED2B2172AE8D85A1CD2B22F490A7004
:10C350002D49C854182AE3D9334A136801331360AE
:10C36000FBF796F8314B186069462748FDF7F0FB5C
:10C3700000287FF458AF254B00221A70D0E7234BDA
:10C380001B78002B3FF431AFFBF782F8274B1B687B
:10C39000C31A142B7FF629AF1C4B00221A7024E716
:10C3A000164A174BD96B174800F06CFA0546394608
:10C3B000FFF70EFA2846FEF797FC2046431E9CB274
:10C3C0000028EDD111E7FBF763F8194B1B68C01A81
:10C3D000B0F57A7F7FF60EAF074B00221A70FFF799
:10C3E0009FFE07E7680700202E1B002004020020A4
:10C3F000341B0020DA1A0020DC1A0020301B002039
:10C400004C020020343B0020141B0020101B002095
:10C41000E41A0020E82401080000614500007A4485
:10C4200000409C4600401C46E81A00200C1B0020DF
:10C43000E01A0020EC1A0020014B1878704700BF6A
:10C44000DA1A002008B50023064A1370064A136062
:10C45000064A1370064A1370012210210548FAF7A4
:10C46000ADFC08BD3C5B0020385B0020355B002044
:10C47000345B00200000024008B50B4B1B78834260
:10C4800000D108BD084B1870FBF702F8074B186085
:10C490000023074A1370074A13700122102106482F
:10C4A000FAF78CFCEDE700BF3C5B0020385B002016
:10C4B000355B0020345B00200000024010B5FAF725
:10C4C000E7FF874B1C68041B864B1B78042B00F08E
:10C4D000A58019D9072B00F0E6804BD8052B00F07A
:10C4E000A780062B28D1804B1B78012B40F2C680F9
:10C4F000012210217D48FAF761FCB4F5FA6F1BD9CF
:10C500000320FFF7B9FF17E0022B5DD015D8002BF1
:10C510003CD0012B10D1764AA2FB043292094FF491
:10C520007A7303FB1242B2F5FA7F2CBF002201227C
:10C5300010216E48FAF742FC10BD032BFCD1A30872
:10C540006C4AA2FB03235B0940F24C4202FB1343FB
:10C550009BB2952B4AD9B3F5967F4DD3B3F5E17FC6
:10C5600050D3B3F5167F53D2002210215F48FAF75B
:10C5700025FCE1E7082BDFD15F4BA3FB0432C2F3BC
:10C58000401210215948FAF719FCD5E7564B1B7891
:10C59000022B13D8584AA2FB0432C2F340121021D6
:10C5A0005248FAF70BFC504B1A78C82302FB0333AE
:10C5B000A342C1D801324C4B1A70BDE701221021B1
:10C5C0004A48FAF7FBFBB7E7494AA2FB0432920953
:10C5D0004FF47A7303FB1242B2F5487F2CBF00225E
:10C5E000012210214148FAF7E9FBA5E701221021B9
:10C5F0003E48FAF7E3FB9FE7002210213B48FAF799
:10C60000DDFB99E7012210213848FAF7D7FB93E7C1
:10C61000002210213548FAF7D1FB8DE7364AA2FBFC
:10C620000442C2F3001210213048FAF7C7FB83E737
:10C630002D4B1B78022B14D82F4AA2FB0432C2F3D5
:10C64000401210212948FAF7B9FB274B1A78C82362
:10C6500002FB0333A3423FF66FAF0132224B1A7045
:10C660006AE7012210212148FAF7A8FBB4F5FA6F16
:10C670007FF662AF0220FFF7FFFE5DE71E4AA2FBD6
:10C680000432C2F3401210211848FAF797FB164BF8
:10C690001A78C82302FB0333A3423FF64DAF0132A1
:10C6A000114B1A7048E7124AA2FB0432D2094FF428
:10C6B000FA6303FB124292B2B2F57A7F09D20E4BB3
:10C6C000A3FB0232C2F3401210210848FAF776FBAE
:10C6D00032E7002210210548FAF770FB2CE700BF73
:10C6E000385B00203C5B0020345B002000000240EF
:10C6F000D34D6210DD01CA1D1F85EB51054B1A6831
:10C70000536923F080035361034B1B889BB2034A98
:10C7100013807047447B0020425B0020405B002078
:10C7200008B5174B1A8892B2164B1B889BB29A42D7
:10C7300013D0154B1A68536913F0800F0DD1114BAC
:10C74000198889B20E4B1B889BB28B4206D90C4BC1
:10C750001B889BB25B1A9BB223B908BDC1F500537D
:10C760009BB2F9E709480380506940F080005061AE
:10C770000432074801440748FAF728FCEDE700BFF8
:10C78000425B0020405B0020447B00203E5B002099
:10C79000445B0020487B002008B5094B1A685369A8
:10C7A00023F08003536107490B88074A128892B22D
:10C7B00012FA83F3C3F30C030B80FFF7B1FF08BD3C
:10C7C000447B0020405B00203E5B002070B582B0BF
:10C7D00005461E461F4B99422DD8002300931E4B41
:10C7E000186B40F4001018631B6B03F400130093E4
:10C7F000009B184B99422BD8184C21606260002294
:10C80000A260E2604FF4806323616261A2614FF431
:10C810008073E3614FF40033236262622046FAF7CB
:10C820006DFBEC63A5634FF4005231462846FBF7DD
:10C830008BFF02B070BD00230193074B186B40F4CF
:10C84000800018631B6B03F480030193019BD0E706
:10C85000034CD2E70F64024000380240087C0020FD
:10C86000A87B00200B68586880B2C0F5005080B2E9
:10C87000904202D3801A80B27047801A00F50050AF
:10C8800080B270470B68596889B2C1F5005189B20E
:10C8900013888B420AD0C05C01335942C3F30C03A6
:10C8A000C1F30C0158BF4B42138070470020704702
:10C8B00070B582B0064600681A4B186000251A4B06
:10C8C0001D801A4B1D800195194B186B40F4800098
:10C8D00018631B6B03F480030193019B154C2160CB
:10C8E00062604023A360E5604FF48063236165616B
:10C8F000A561E5614FF40033236265622046FAF7D3
:10C90000FDFAB463A6630C4BE3630C4BE3642A4665
:10C9100006214520FAF744FD4520FAF751FD02B003
:10C9200070BD00BF447B0020425B0020405B0020C4
:10C9300000380240487B002099C70008FDC6000867
:10C9400038B596461A46002B3DD003889BB20C881A
:10C95000A4B2A3420BD3E41A41F6FF7111FA84F496
:10C96000A4B2944200D3144674B3002116E0E41A32
:10C97000A4B2013CA4B2F4E71EF801C0134A02F8C5
:10C9800003C00133D3F1000CC3F30C03CCF30C0C44
:10C9900058BFCCF100039BB2013189B28C42EBD875
:10C9A000EFF31082154672B60380094B1A8892B2D3
:10C9B000084B1B889BB29A4202D12DB962B603E0A4
:10C9C000FFF7AEFEF9E71C46204638BD445B002069
:10C9D000425B0020405B002010B582B0FAF758FDA2
:10C9E000044605E0019B01330193019B632BF9DDB4
:10C9F000174B1A8892B2174B1B889BB29A4208D0E9
:10CA0000FAF746FD001BB0F5FA7F02D2002301932E
:10CA1000EBE70F4B1A8892B20E4B1B889BB29A42DF
:10CA200001D102B010BD0C4C2046FAF704FB0B4BB1
:10CA30001A68536923F080035361054B1B889BB22E
:10CA4000044A1380064BE363064BE364E9E700BF47
:10CA5000425B0020405B0020487B0020447B00209C
:10CA600099C70008FDC6000808B50248FAF740FB60
:10CA700008BD00BF487B0020F0B583B006460D46D8
:10CA8000FAF706FD0746002406E0019B01330193F7
:10CA9000019BB3F5FA6FF8DBAC4212D22B1B9BB2B1
:10CAA000321909490948FFF74BFF204484B2A542D7
:10CAB00007D9FAF7EDFCC01BC82802D80023019360
:10CAC000E6E7204603B0F0BD405B0020425B00205B
:10CAD000DFF834D0FBF77EFE0C480D490D4A0023E9
:10CAE00002E0D458C4500433C4188C42F9D30A4A23
:10CAF0000A4C002301E013600432A242FBD301F090
:10CB0000E9FCF8F78DFC70470000012000000020D0
:10CB1000D401002050290108D4010020B87D002054
:10CB2000FEE7002100F014BE0A22002100F096BEAC
:10CB300070B504460D4645EC104B164603F036FB27
:10CB400051EC100B7EB1C5F30A53C3F16B03002BFC
:10CB500009DD1B0503F17F55002405F5401522462C
:10CB60002B46F7F741FD41EC100B70BD00000000B3
:10CB70002DE9F04F9FB00E461792002204901A92B2
:10CB80004FF000084FF0000919910A782B2A0D4642
:10CB900001F101011CD00AD80D2A05D8082AF3D8C2
:10CBA00072B100230B9382E0202AEDD0F9E72D2A01
:10CBB00010D10122691C19910B926A78002A37D191
:10CBC000179B1996002B40F0A88542464B462AE059
:10CBD0000022EFE700210B91302A40F09D806A7817
:10CBE00002F0DF02582A5AD102930B9B01931AAB31
:10CBF0000093874A04981BAB19A902F0B9FB10F007
:10CC00000F04064605D0062C14D1013500231995D2
:10CC10000B93179B002B40F082850B9B002BD4D0ED
:10CC2000424609F1004343EC102B1FB0BDE8F08FE2
:10CC30000D46D1E71A9A3AB135211CA803F0AFFB93
:10CC40001A99049802F066FF013C042C06D8DFE82C
:10CC500004F014031E211400DDE91C89F10548BF0E
:10CC600049F0004929F000431B0D1B05002BD0D1D2
:10CC700001F02AFC22230360CBE7DDE91C831B9A29
:10CC800023F4801302F2334243EA0259E6E7DFF865
:10CC90008891E3E76FF000494FF0FF38DEE7013598
:10CCA00019952B78302BFAD0002BB2D001234FF0FE
:10CCB000000A07932846CDF838A0D3460A23047803
:10CCC000A4F13002092A29D95249012201F08DFB31
:10CCD000002836D00020224606905C460146652A90
:10CCE00001D0452A16D124B9079B03433FF468AF0E
:10CCF0000024199E731C199372782B2A7FD02D2A39
:10CD000000F083804FF0000CA2F13003092B40F2B9
:10CD1000898019960023ACE00023C8E7BBF1080F17
:10CD2000DCBF0E9A03FB024200F10100D5BF303A8E
:10CD300003FB0A420E92A2F1300A0BF1010B19908B
:10CD4000BDE7199B5A1C19925A78BBF1000F3BD0D2
:10CD500006905C46A2F13003092B11D90121BEE7F0
:10CD6000199B5A1C19925A780130302AF8D0A2F136
:10CD70003103082B00F2D8840690199D0020044648
:10CD8000303A00F1010319D006990594194406912F
:10CD9000A4464FF00A0E0CF10107391B8B4215DC3B
:10CDA000059920EAE07001440134082904441CDCA0
:10CDB0000E990A2303FB01230E930023199A511C99
:10CDC000199152781846C5E75846CEE7BCF1080FCE
:10CDD00005DC0E990EFB01F10E91BC46DBE70AFB68
:10CDE0000EFC102FD8BFE246F7E70F29DCBF0A235D
:10CDF00003FB0A2AE1E700230693012174E74FF0C1
:10CE0000000CB31C1993B2787EE74FF0010CF8E7E1
:10CE1000042701081A2501080000F07F199B5A1CFD
:10CE200019925A78302AF9D0A2F13103082B3FF633
:10CE300071AFDDF864E0CDF814E0A2F130030A939D
:10CE4000059B013319931A780593A2F13007092F36
:10CE50003BD9A3EB0E03082B44F61F633DDC0A9F6E
:10CE60009F42A8BF1F460597BCF1000F02D0059B4B
:10CE70005B420593002C51D1079B03437FF4C9AE5D
:10CE800000297FF49DAE692A2BD028DC492A28D0BE
:10CE90004E2A7FF495AE9F4919A802F087FC00281E
:10CEA0003FF48EAE199B1B78282B31D19A491CAACE
:10CEB00019A802F090FC05282AD11D9BDDF870808E
:10CEC00043F0FF4949F4E009A3E60A9B0A2707FB60
:10CED0000327A7F130020A92B2E70593C4E76E2A4E
:10CEE000D7E78E4919A802F061FC00283FF468AE2C
:10CEF000199B8B49013B19A8199302F057FC10B9F3
:10CF0000199B01331993DFF828924FF0000880E64F
:10CF1000844801F015FB59EC108B7AE6DDE9053207
:10CF20000E989B1ABBF1000F08BFA346102C0A9362
:10CF30002646A8BF1026F7F7DDFA092C8046894659
:10CF400013DC0A9B002B3FF464AE0A9B6FDD162BAB
:10CF500056DC754901EBC301D1E9000142464B465D
:10CF6000F7F742FB8046894653E66F4B03EBC60357
:10CF700053E91223F7F738FB804650468946F7F706
:10CF8000B9FA02460B4640464946F7F777F90F2CA7
:10CF900080468946D5DD0A9BA4EB060A9A44BAF17D
:10CFA000000F40F392802AF00F061AF00F0A4DD1BD
:10CFB000B6F59A7F5ADC4946DFF870913611404643
:10CFC0000027012E76D1A1F15479584901EBC70110
:10CFD00002464B46D1E90001F7F706FB544B0A46DF
:10CFE0000B4054498B42804640D8A1F580118B42BA
:10CFF00086BFDFF844914FF0FF3802F1547932E0F8
:10D000000A9AC4F125039342C5DB474DC4F10F04CE
:10D0100005EBC40142464B46D1E90001F7F7E4FABB
:10D020000A9B1C1B05EBC405D5E9002398E71633C2
:10D03000B1DBDDE905239A1A3B4B03EBC203D3E9CD
:10D04000002340464946F7F7F9FB8BE7364901EBE9
:10D05000CA0142464B46D1E90001F7F7C5FA8046BE
:10D060008946002EA4D1002307939BE00024059459
:10D070000E940694049ADFF8B890222313604FF0C0
:10D0800000080E9B002B3FF4C4AD1A99049802F0DF
:10D0900041FD0699049802F03DFDDDE9040102F02E
:10D0A00039FD0E99049802F035FD0498214602F0EE
:10D0B00031FDAEE5F20703D5D9E90023F7F794FA7D
:10D0C0000137761009F108097BE7CCD0CAF1000AD4
:10D0D0004FEA2A161AF00F0A0DD11F2E2EDD00245A
:10D0E00005940E940694049A22234FF000084FF002
:10D0F00000091360C5E70C4B03EBCA0340464946E1
:10D10000D3E90023F7F79AFB80468946002EAAD080
:10D11000E3E700BF29250108F026010821250108C1
:10D120005B250108ED260108782801085028010830
:10D130000000F07F0000A07CFFFFEF7F16F01003DF
:10D1400018BF6A23754F079340464946F30703D536
:10D15000D7E90023F7F748FA761007F10807F5D169
:10D16000079B80468946ABB1C1F30A52C2F16B03FB
:10D17000002B0F460EDD1F2B55DD342BDEBF4FF08D
:10D18000FF33C2F14B029340B046CCBF4FF05C7905
:10D1900003EA01090022002340464946F7F78CFCC8
:10D1A00000289CD10E9B0093049823465A4629469A
:10D1B00002F018FD0E9000283FF458AFDDE905237A
:10D1C0009B1A0A9A002AA8BF00231493002422EA7B
:10D1D000E273169305940E9B0498596802F05CFC68
:10D1E000069000283FF446AF0E9B1A69023203F105
:10D1F0000C0192000C3001F094F949EC108B04986A
:10D200001CAA1BA9CDE90C8903F040F81A9000284C
:10D210003FF430AF0498012102F07AFD05900346F7
:10D2200040B9059326E74FF0FF3202FA03F303EA11
:10D230000008AFE71B9D079A002DABBF149B169B00
:10D24000169E149FACBFEF185E1B1C9BAD1A1D44AD
:10D25000334A013D9542C3F1360354DA3149521B3A
:10D260008D42A3EB02034FF0010140DB01FA02FA09
:10D27000002507EB030B1E44079B5F451E443B46FE
:10D28000A8BF5B46B342A8BF3346002BC2BFABEB7F
:10D29000030BF61AFF1A149B002B18DD1A46DDE962
:10D2A000040102F001FE059003460028B9D00146B2
:10D2B0001A9A049802F042FD034600283FF4DAAEC1
:10D2C0001A9904980F9302F025FC0F9B1A93BBF157
:10D2D000000F1ADC0A9B002B26DD169A069904988B
:10D2E00002F0E2FD06900346F0B90693C2E6C5F1EE
:10D2F0007F4505F57F0505F57B45E23501FA05F526
:10D300004FF0010AB5E70025FAE71A9904985A4642
:10D3100002F026FE1A900028DCD1ABE6182701089F
:10D3200002FCFFFFE3FBFFFF002E08DD06990498D7
:10D33000324602F015FE069003460028D5D0002F95
:10D3400008DDDDE904013A4602F00AFE05900028F6
:10D350003FF490AE069A1A99049802F08FFE0446A4
:10D3600000283FF487AEC3680F9300230599C3607C
:10D3700002F068FE00283CDA0F9B53EA08035FD1F5
:10D38000C9F313034E46002B5AD129F000431B0D5D
:10D390001B05B3F1D66F53D9636913B92369012B08
:10D3A0004EDD21460122049802F0DAFD059904467B
:10D3B00002F048FE002843DDAD4B079A3340002AB7
:10D3C0005DD0B3F1D66F5AD8B3F15C7F7FF68BAEE8
:10D3D000A84B404649460022F7F706F9A44B0B40FC
:10D3E00080468946002B7FF450AE049A22231360B6
:10D3F0004BE64E4660D10F9AC9F313034AB39E4AD7
:10D40000934229D1079B4146F3B1994B09EA0303A3
:10D41000B3F1D46F4FF0FF3219D81B0DC3F16B037A
:10D4200002FA03F3994217D1944B9E4202D1013183
:10D430003FF420AE8E4B334003F580194FF00008C7
:10D44000079B002BC4D120E64FF0FF33EAE71346D9
:10D45000E8E753EA0803AFD0D5B13542F0D00F9BCF
:10D46000079A40464946B3B1FFF762FBDDE90C017C
:10D4700053EC102BF6F702FF80468946E0E7A3F550
:10D4800080136FEA13596FEA09594FF0FF38D7E755
:10D490001AEA080FE2E7FFF74BFBDDE90C0153EC5A
:10D4A000102BF6F7E9FE0022002380468946F7F7A5
:10D4B00003FB0028C4D016E60599204602F03EFF83
:10D4C0005BEC10AB00224FF0804350465946F7F713
:10D4D00007FB002872D00F9B002B7DD1B8F1000F05
:10D4E00058D1C9F31303002B5AD1654B0022504683
:10D4F0005946F7F7EBFA00285BD150465946614B85
:10D500000022F7F771F882468B460BF10043CDF805
:10D5100020A00993DDE90823554DCDE9102306EA43
:10D5200005031593584B06EA05029A4240F0B08075
:10D53000A6F1547949EC108B02F038FEDDE908239E
:10D5400051EC100BF7F750F842464B46F6F796FEB3
:10D550004E4A0D409542804645D90D9A474B9A4216
:10D5600003D10C9B01333FF485ADDFF810914FF0F0
:10D57000FF381A99049802F0CDFA0699049802F03F
:10D58000C9FADDE9040102F0C5FA0498214602F067
:10D59000C1FA20E6B8F1010F02D1002E3FF4A3AD8D
:10D5A0009FED2B7BDFF8D8B08DED087B4FF0000AA4
:10D5B000B0E7DFF8D0B04FF0000AA6E7314B504695
:10D5C00059460022F7F710F80F9B82468B46002B36
:10D5D0009BD0CDE908AB9DE79FED1F7B8DED087BD0
:10D5E0005BEC17AB96E701F15479079B002BC0D198
:10D5F000159A29F000431B0DB2EB035FB9D15046D9
:10D60000594603F08FFCF6F7C1FF02460B46504621
:10D610005946F6F731FE0F9AC9F3130343EA08039C
:10D62000134306460F4672D00DA3D3E90023F7F744
:10D630004DFA00287FF429AD0BA3D3E9002330462F
:10D640003946F7F761FA002893D01EE5AFF3008062
:10D65000000000000000F0BF000000000000F03FEC
:10D660009535A094FFFFDF3F35E5AF350000E03F83
:10D670000000F07F00005039FFFF0F00FFFFEF7F39
:10D680000000F03F0000E03F0000E07FFFFF9F7CD4
:10D69000079B33B3159BB3F1D46F22D828A3D3E9EA
:10D6A000002350465946F7F71BFAA0B15946504699
:10D6B000F7F772FA012838BF0120F6F71BFF0F9B1E
:10D6C00082468B4603BB01F1004312901393DDE9C0
:10D6D0001223CDE91023119B159A03F1D6639B1AEF
:10D6E00011939DED0C0BDDE9106702F05FFD3046F4
:10D6F00053EC102B3946F6F777FFDDE90C23F6F7EC
:10D70000BDFD8046894670E7CDE912ABDFE70EA389
:10D71000D3E90023F7F7DAF995E700230B93179A7B
:10D72000199B1360FFF779BA652A3FF464AB452A69
:10D730003FF461AB0121FFF79FBB00BFAFF3008057
:10D740000000C0FFFFFFDF419535A094FFFFCF3FF2
:10D750000A4601460248034B0068FFF709BA00BFBA
:10D760008401002018000020242B2DE9F047884672
:10D7700001D8012B06D100F0A7FE1623036000207C
:10D78000BDE8F087344E0D46294615F8014B375D4C
:10D7900017F00807F8D12D2C10D12C7801278D1CFB
:10D7A00033F0100115D1302C0DD1297801F0DF01B3
:10D7B000582908D16C78023510230AE02B2C04BFBD
:10D7C0002C788D1CECE7002BF6D1302C14BF0A23EB
:10D7D000082307F1004E0EF1FF3E0021BEFBF3F9D6
:10D7E0000E4603FB19EAA4F1300CBCF1090F10D866
:10D7F0006446A3421EDDB1F1FF3F07D0B14516D309
:10D8000001D1A24513DB06FB0346012115F8014BAC
:10D81000E9E7A4F1410CBCF1190F01D8373CE8E766
:10D82000A4F1610CBCF1190F04D8573CE1E74FF0AB
:10D83000FF31EBE74B1C05D122230360764632B95A
:10D8400030469DE707B17642002AF9D009B105F1CB
:10D85000FF38C2F80080F3E74127010813460A4663
:10D86000014602480068FFF77FBF00BF8401002027
:10D870002DE9FF4757EC106B002F0C469146DDF861
:10D8800030A019464FF0000203DA07F100431F46AB
:10D890002D220D9D0A7025F02005462D04D0452D22
:10D8A00000D10134022100E0032103AB019302AB5C
:10D8B000009347EC106B5346224600F0D1FE472DF3
:10D8C00080461AD119F0010F0ED000EB0409002296
:10D8D000002330463946F7F7EFF808B1CDF80C9041
:10D8E0003022039B4B451ED3039B0E9AA3EB0803E8
:10D8F0004046136004B0BDE8F087462D00EB0409F4
:10D90000E5D10378302B0AD1002200233046394676
:10D91000F7F7D2F818B9C4F10104CAF80040DAF8F0
:10D9200000309944D3E7591C03911A70D9E7F7B531
:10D930000029BABF49422D232B23092902704370C5
:10D940002ADD0DF10704871CA6460A26A446B1FB72
:10D95000F6F506FB15123032632904F1FF340CF89A
:10D96000012C2946F2DC3031ACF1020204F8011C32
:10D97000411C144672450AD30DF10903A3EB0C03B5
:10D98000A64538BF00233B44181A03B0F0BD12F877
:10D99000013B01F8013FEDE7302330318370C17066
:10D9A000031DF1E72DE9F04F8FB00C46DDF86080E4
:10D9B00016461F46054600F03DFD036807931846CE
:10D9C000F6F74EFC00230C93D8F8003094F818A01A
:10D9D000D4F800B00890073323F00703B3EC027BC0
:10D9E0008DED047BC8F80030DDE9048323F00049A5
:10D9F00084ED127B9A4B4FF0FF3240464946F7F7D1
:10DA00008DF870BB964B4FF0FF3240464946F7F712
:10DA100067F830BBDDE9040100220023F7F756F870
:10DA200010B12D2384F843308E4A8F4BBAF1470F43
:10DA30008CBF90469846032323612BF00403236098
:10DA40004FF00009009733460DAA2146284600F002
:10DA5000CDF9013040F08C804FF0FF300FB0BDE8C1
:10DA6000F08FDDE9042310461946F7F757F840B167
:10DA7000059B7E4A002BBCBF2D2384F843307C4B92
:10DA8000D4E763685A1C0AF0DF093BD106236360C0
:10DA90004BF480620023226003930CABCDE901A319
:10DAA0000BAB009361689DED040B0DF12B03284631
:10DAB000FFF7DEFEB9F1470F0B99804629D1C81C4C
:10DAC00002DB63688B4241DAAAF1020A5FFA8AFA42
:10DAD0000139524604F150000B91FFF728FF0C9AD0
:10DAE0001318012A8146236102DC2268D20701D57E
:10DAF000013323619DF82B30002BA3D02D2384F814
:10DB000043309FE7B9F1470FC2D1002BC0D10123A9
:10DB1000BDE7BAF1650FDBD9BAF1660F18D100295C
:10DB200063680BDD216113B92268D00702D5013388
:10DB30000B442361A1654FF00009DBE713B92268AC
:10DB4000D20701D50233F4E70123F2E74FF0670A69
:10DB50000C9B8B4205DC23682161D807EAD54B1C5E
:10DB6000E7E70029D4BFC1F1020201221344E0E734
:10DB700023685A0507D42369424631462846B847E8
:10DB8000013028D168E7BAF1650F40F2DB80D4E9B3
:10DB9000120100220023F6F78FFF90B3354A0123CC
:10DBA00031462846B84701303FF456AFDDE90B381F
:10DBB000434502DB2368D8070DD5DDE9072331464D
:10DBC0002846B84701303FF447AF4FF0000908F14D
:10DBD000FF38C84509DC23689B0700F10481E06831
:10DBE0000D9B9842B8BF184638E7012304F11A028A
:10DBF00031462846B84701303FF42EAF09F10109FC
:10DC0000E7E70B9B834237DC1A4A0123314628465B
:10DC1000B84701303FF420AFDDE90B3959EA03037F
:10DC200002D12368D907D6D5DDE907233146284636
:10DC3000B84701303FF410AF4FF0000A0B9B5B4236
:10DC4000534501DC4B4697E7012304F11A023146A4
:10DC50002846B84701303FF4FFAE0AF1010AEDE76C
:10DC6000FFFFEF7F202501081C250108282501085A
:10DC7000242501082C250108A36DDDF830B05B4593
:10DC8000A8BF5B46002B049337DC4FF0000904F17A
:10DC90001A02049BD4F858A0002BACBFAAEB0303D4
:10DCA00053464B4531DC0B9B9B453ADC2368DA0736
:10DCB00037D40B9BABEB0309ABEB0A039945A8BF29
:10DCC0009946B9F1000F34DC4FF000080B9BB9F115
:10DCD000000FABEB0303A8BFA3EB090343457FF79A
:10DCE0007AAF012304F11A0231462846B8470130C1
:10DCF0003FF4B2AE08F10108E8E7049B4246314622
:10DD00002846B8470130C0D1A6E60123314628464F
:10DD10000992B84701303FF49FAE099A09F1010911
:10DD2000B7E7DDE9072331462846B8470130C0D1BF
:10DD300092E64B4608EB0A0231462846B8470130C6
:10DD4000C2D189E6DDF830A0BAF1010F01DCDB07B2
:10DD500035D50123424631462846B84701303FF4C5
:10DD60007BAEDDE9072331462846B84701303FF452
:10DD700073AED4E91201002200230AF1FF3AF6F74C
:10DD80009BFEC8B9534608F1010231462846B84700
:10DD900001300DD160E6012304F11A023146284614
:10DDA000B84701303FF458AE08F10108D045F2DB26
:10DDB0004B4604F15002E0E64FF00008F6E701237D
:10DDC0004246E2E7012304F1190231462846B847EA
:10DDD00001303FF441AE08F10108E3680D995B1A88
:10DDE0004345EFDCFBE64FF00008F6E72DE9F0478E
:10DDF000914698468A680B69089E9342B8BF1346BD
:10DE0000C9F8003091F8432007460C4612B101339F
:10DE1000C9F800302368990642BFD9F800300233B0
:10DE2000C9F80030256815F0060507D104F1190A74
:10DE3000E368D9F800209B1AAB4229DC94F8433000
:10DE40002268003B18BF012392062ED404F143023E
:10DE500041463846B047013021D02368A168226985
:10DE600003F00603042B01BFE568D9F80030ED1A72
:10DE700025EAE57518BF00258B1A2B449142C8BFCF
:10DE80001D464FF000091A344D451AD1002008E014
:10DE90000123524641463846B047013003D14FF086
:10DEA000FF30BDE8F0870135C2E7E1185A1C302089
:10DEB00081F84300224494F8451082F8431002335D
:10DEC000C4E70123224641463846B0470130E6D038
:10DED00009F10109D8E700002DE9F04398460B7ECF
:10DEE00085B0782B174606460C9A0C4609D8622B4B
:10DEF00001F1430108D8002B00F0DC80582B00F022
:10DF0000BD8004F1420539E0A3F163001528F8D87B
:10DF100001A555F820F000BF71DF000885DF00087B
:10DF200003DF000803DF000803DF000803DF000849
:10DF300085DF000803DF000803DF000803DF0008B7
:10DF400003DF000895E00008B1DF000843E00008A7
:10DF500003DF000803DF0008BDE0000803DF00085E
:10DF6000B1DF000803DF000803DF00084BE0000812
:10DF70001368191D1B68116004F1420584F84230D2
:10DF80000123A8E013682568181D1060280601D534
:10DF90001B6803E06A06FBD5B3F90030002B03DAF7
:10DFA0002D225B4284F84320DFF878C10A2213E077
:10DFB0002568106815F0800F50F8043B02D16D06FB
:10DFC00048BF9BB21060227EDFF858C16F2A5DD136
:10DFD0000822002084F843006568A560002D05DB59
:10DFE00020681D4320F00400206051D00D46B3FB93
:10DFF000F2F002FB103E9A421CF80EE005F801ED2B
:10E000000346F4D9082A0BD12368DA0708D5236917
:10E0100062689A42DEBF302305F8013C05F1FF3506
:10E02000491B2161CDF800803B4603AA21463046BA
:10E03000FFF7DCFE013053D14FF0FF3005B0BDE8F3
:10E04000F083236843F020032360DFF8DCC07823EB
:10E0500084F845302068156810F0800F55F8043BAF
:10E0600003D110F0400F18BF9BB21560C50744BF25
:10E0700040F02000206023B11022AAE7DFF8A4C0FE
:10E08000E6E7226822F020022260F5E70A22A0E7F4
:10E090000D46B7E71368D4F800C060691D1D156010
:10E0A0001CF0800F1B6801D0186003E01CF0400FCB
:10E0B000FAD01880002323610D46B3E71368191DB9
:10E0C00011601D68626800212846F6F779F808B1EA
:10E0D000401B606063682361002384F84330A1E73C
:10E0E00023692A4639463046C0470130A4D0236808
:10E0F0009B0714D4E068039B9842B8BF18469DE77D
:10E10000012304F1190239463046C047013093D04B
:10E110000135E36803995B1AAB42F1DCEAE70025BD
:10E12000F7E700BF2E2501083F250108002310B5A1
:10E130000446C0E90033C0E904338360818143664B
:10E14000C2818361194608225C3000F046F90D4B0C
:10E1500063620D4BA3620D4BE3620D4B23630D4BCA
:10E1600024629C4206D003F16802944202D0D0336C
:10E170009C4205D104F15800BDE8104000F0CEB932
:10E1800010BD00BFB3E20008D5E200080DE30008AF
:10E1900033E30008687C0020024A0349034800F08A
:10E1A0006BB800BF0C000020F107010888010020B7
:10E1B00041680C4B994210B5044601D002F018FB9F
:10E1C000A168094B994202D0204602F011FBE16898
:10E1D000064B994204D02046BDE8104002F008BB2F
:10E1E00010BD00BF687C0020D07C0020387D00205E
:10E1F00010B50A4B0A4A1A600A4800220421FFF7A8
:10E2000095FF094801220921FFF790FFBDE8104062
:10E21000064802221221FFF789BF00BFA07D00201F
:10E2200099E10008687C0020D07C0020387D002027
:10E23000014800F074B900BFA97D0020014800F03A
:10E240006FB900BFA97D002010B50446FFF7F0FFAD
:10E25000236A1BB1BDE81040FFF7F0BF044B2362F7
:10E26000044B1B68002BF5D1FFF7C2FFF2E700BF9C
:10E27000B1E10008A07D00202DE9F84380468946E1
:10E2800014460026D4E90175013F05D52468002C09
:10E29000F8D13046BDE8F883AB89012B07D9B5F931
:10E2A0000E30013303D029464046C847064368353F
:10E2B000EAE710B50C46B1F90E1000F0E1F80028BD
:10E2C000ABBF636DA3891B1823F48053ACBF636598
:10E2D000A38110BD2DE9F0411F468B89DB05054662
:10E2E0000C46164605D5B1F90E100223002200F0A7
:10E2F000B5F8A389B4F90E1023F48053A3813246F4
:10E300003B462846BDE8F04100F0CCB810B50C46BD
:10E31000B1F90E1000F0A2F8B4F90C30421C0BBF9A
:10E3200023F4805343F48053A381A38118BF606515
:10E3300010BDB1F90E1000F081B8000030B5141E08
:10E340009BB005461A4605DA8B2303604FF0FF3079
:10E350001BB030BD4FF00003199318BF0123E31A1F
:10E3600002930593084B00910491039369461E9B09
:10E3700002F0C6F8431CBCBF8B232B60002CE7D0F7
:10E38000009B00221A70E3E70802FFFF07B5009325
:10E3900013460A46014603480068FFF7CFFF03B063
:10E3A00000BD00BF84010020884210B501EB0204CB
:10E3B00002D98442234607D8431EA14207D011F850
:10E3C000012B03F8012FF8E70244824200D110BD6F
:10E3D00013F8011D02F8011DF7E7024403469342BA
:10E3E00000D1704703F8011BF9E710B56AB1013994
:10E3F0008418027811F8013F9A4204D10130A042FA
:10E4000001D0002AF5D1D01A10BD1046FCE710B596
:10E410000139034632B111F8014F03F8014B013ABB
:10E42000002CF7D11A440021934200D110BD03F80B
:10E43000011BF9E7004870470801002038B5064C79
:10E44000002305460846236002F01CFD431C02D150
:10E45000236803B12B6038BDA47D002038B5074C7C
:10E46000054608461146002222601A4602F032FD97
:10E47000431C02D1236803B12B6038BDA47D00206A
:10E4800038B5074C054608461146002222601A4658
:10E4900002F028FD431C02D1236803B12B6038BD74
:10E4A000A47D002038B5074C0546084611460022D9
:10E4B00022601A4602F02CFD431C02D1236803B1EE
:10E4C0002B6038BDA47D0020014B1868704700BF49
:10E4D0008401002070B50D4B0D4C00261D1BB6EBC2
:10E4E000A50F09D102F0E4FE0A4C0B4B00261D1BC0
:10E4F000B6EBA50F05D170BD54F8043B9847013623
:10E50000EDE754F8043B98470136F1E74829010844
:10E5100048290108482901084C290108704770471B
:10E5200070470A44914200F1FF3300D1704710B5A3
:10E5300011F8014B03F8014F9142F9D110BD0000D1
:10E540009FED010B704700BF000000000000F87F46
:10E550002DE9F74F03690C69A34280467EDB013C3D
:10E5600001F11407A30000F11405009305EB8403E7
:10E57000019357F8243055F8242001339A4207EBD1
:10E580008409B2FBF3F62ED34FF0000ABC46AE4628
:10E59000D3465CF8043B98B206FB00A0020C1B0CAF
:10E5A00006FB0323DEF8002080B292B2121A5A440E
:10E5B000DEF800004FEA134A9BB2C3EB224303EBA1
:10E5C000104392B242EA0342E1454EF8042B4FEA6F
:10E5D000234BDED2009BEB582BB9019B1A1F9542AF
:10E5E00030D3C8F81040404601F02CFD002825DB50
:10E5F00001362946002057F8042BD1F800C01FFA35
:10E6000082FE1FFA8CF3A3EB0E030344120CC2EB41
:10E61000234202EB1C429BB243EA0243B94541F854
:10E62000043B4FEA2240E6D255F8242005EB840350
:10E6300022B9043B9D420BD3C8F81040304603B0CA
:10E64000BDE8F08F1368002BCBD1043A013CC6E73C
:10E650001A68002AF0D1043B013CEBE70020EEE70A
:10E660002DE9F04F99B08DED0E0B0C92C269229CF2
:10E670000A9157EC106B8146139382B9102001F078
:10E6800047F90246C9F81C0020B9A94BEF21A94857
:10E6900002F0E6F80023C0E901330360C3601168AB
:10E6A00059B152684A60012393408B60484601F09B
:10E6B00031FAD9F81C3000221A60B7F10008B5BF52
:10E6C00001230023236023609B4BBCBF28F000483C
:10E6D000CDF83C8033EA08031AD1139AC8F3130823
:10E6E00042F20F7358EA0608136000F06185239B1D
:10E6F00053B9924B21E0924B00930833239A136055
:10E70000009819B0BDE8F08F8C4B00930333F5E708
:10E710009DED0E7B002251EC170B00238DED067B47
:10E72000F6F7CAF9824650B1139A01231360239B6E
:10E7300013B1239A834B1360834B0093E0E79DED65
:10E74000060B16AA17A9484601F0A0FD5FEA185467
:10E75000169D019079D0079BCDF850A0C3F3130309
:10E76000DDE9060143F07F5343F44013A4F2FF3484
:10E7700019460022754BF5F77FFD67A3D3E9002307
:10E78000F5F732FF66A3D3E90023F5F777FD0646D8
:10E7900020460F46F5F7BEFE63A3D3E90023F5F745
:10E7A00023FF02460B4630463946F5F767FD06461D
:10E7B0000F46F6F7C9F90022804600233046394655
:10E7C000F6F784F948B14046F5F7A4FE32463B46D9
:10E7D000F6F772F908B908F1FF38B8F1160F51D8F9
:10E7E0005B4B03EBC803D3E90023DDE90601F6F731
:10E7F0006DF9002848D008F1FF38002312932D1B33
:10E800006B1E089343BF0023C5F10107089300273F
:10E81000B8F1000F3ADB089BCDF8348043440893ED
:10E82000002309930A9B092B62D8052BC4BF043B24
:10E830000A930A9BA3F10203CCBF00240124032BFB
:10E8400062D8DFE803F05153362B179C2C4404F2B6
:10E850003243202BC1BFC3F1400308FA03F804F28E
:10E86000124326FA03F3D6BFC3F1200348EA03009C
:10E8700006FA03F0F5F73EFE0122A1F1F873013C20
:10E88000149275E70123B9E71290B8E7C8F10003C5
:10E8900009930023A7EB08070D93C3E701230B930C
:10E8A0000C9B434405930133012B0493B8BF012310
:10E8B00006E001230B930C9B002B28DDCDE90433EC
:10E8C000D9F81C000021042202F114059D4243D90D
:10E8D0004160484601F0E0F8009000283FD11D4B10
:10E8E000024640F2AF11D2E60023E3E70023D6E769
:10E8F00001240023CDE90A344FF0FF330022CDE993
:10E9000004330C921223DBE701230B93F4E701237A
:10E91000CDE904330C93D3E761436F63A787D23FFC
:10E92000B3C8608B288AC63FFB799F501344D33FFE
:10E93000652501087C2501080000F07F612501089C
:10E94000582501082D2501082C2501080000F83F55
:10E9500078280108D525010801315200B4E7D9F81B
:10E960001C30009A1A60049B0E2B75D8002C73D0B3
:10E97000B8F1000F40F3C4809F4B08F00F0203EB87
:10E98000C20318F4807FD3E900AB4FEA281500F0EA
:10E99000A3809A4BDDE90601D3E90823F5F74EFF82
:10E9A000CDE9020105F00F050324944E002D40F03F
:10E9B000998052465B46DDE90201F5F73FFF82464A
:10E9C0008B46129B002B00F0C3808D4B00225046DB
:10E9D0005946F6F77BF8002800F0BA80049B002B1C
:10E9E00000F0B680059B002B36DD08F1FF33029363
:10E9F00050465946834B0022F5F7F6FD059E8246A8
:10EA00008B4601342046F5F785FD52465B46F5F707
:10EA1000EBFD7D4B0022F5F731FC0446A1F150756A
:10EA2000CDE91045002E40F09780784B00225046EB
:10EA30005946F5F721FC22462B4682468B46F6F7CF
:10EA400063F8002840F0BD82224605F1004350469D
:10EA50005946F6F73BF820BB179B002BC0F28D817F
:10EA6000B8F10E0F00F38981634B03EBC803D3E9C0
:10EA700000AB0C9B002B80F21B81049B002B00F34E
:10EA800017810ED1614B002250465946F5F7ACFD77
:10EA900002460B46DDE90601F6F722F8002800F0F1
:10EAA000938200252C460C9B009EDB430293274655
:10EAB00000242946484601F02DF8002F00F0EE8092
:10EAC0002CB1BC4203D02146484601F023F8394618
:10EAD000484601F01FF8E1E09DED067B02248DED34
:10EAE000027B62E7E90708D550465946D6E900237C
:10EAF000F5F77AFD013482468B466D10083655E7EE
:10EB000022D0C8F100053C4B3C4E05F00F0203EB50
:10EB1000C203D3E90023DDE90601F5F765FD2D11F8
:10EB200082468B460224002D3FF44BAFEA0708D5FE
:10EB300050465946D6E90023F5F756FD0134824682
:10EB40008B466D100836EEE7DDE906AB022438E7A8
:10EB5000049ECDF8088055E7274B03EBC60353E925
:10EB600002010B9B002B55D002460B460020284982
:10EB7000F5F764FEDDE91023F5F77EFB009BCDE998
:10EB800010019D191E4659465046F5F7DDFF00F16C
:10EB90003004F5F7BFFC02460B4650465946F5F7E0
:10EBA0006BFBDDE9102306F8014B82468B46F5F737
:10EBB0008DFF002872D152465B4611490020F5F7BF
:10EBC0005BFBDDE91023F5F781FF002840F0B680FC
:10EBD000AE423FF441AFDDE910010A4B0022F5F7E8
:10EBE00003FD084BCDE91001002250465946F5F7C8
:10EBF000FBFC82468B46C6E77828010850280108AE
:10EC00000000F03F0000244000001C4000001440C1
:10EC10000000E03FDDE91023F5F7E6FC009B009CD7
:10EC2000CDE910013344159359465046F5F78CFF52
:10EC300000F13005F5F76EFC0B460246594650468A
:10EC4000F5F71AFB04F8015B159B9C4282468B4644
:10EC500027D1009B0022DDE910011E44AA4BF5F7E5
:10EC60000DFB02460B4650465946F5F74DFF00286E
:10EC700064D1DDE91023A4490020F5F7FDFA02462E
:10EC80000B4650465946F5F721FF00283FF4E4AE05
:10EC9000334616F8012D302AFAD01E46DDF80880DA
:10ECA0003AE09A4B0022F5F79FFC82468B46BBE781
:10ECB000009E52465B46DDE90601F5F7BFFDF5F71C
:10ECC00043FF0746F5F726FC52465B46F5F78CFCFA
:10ECD00002460B46DDE90601F5F7CEFA07F1300CE6
:10ECE000009C06F801CBA6EB040C049C644502468C
:10ECF0000B4633D1F5F7C2FA52465B4604460D4641
:10ED0000F5F702FFC0B952465B4620462946F5F7A3
:10ED1000D3FE08B1FB070FD40199484600F0FAFE74
:10ED20000023139A337008F101031360239B002B17
:10ED30003FF4E6AC1E60E3E4CDF8088033461E469F
:10ED400013F8012D392A06D1009A9A42F7D1029A76
:10ED500001320292302201321A709FE76B4B00227F
:10ED6000F5F742FC02460B46CDE9062300220023BC
:10ED7000F5F7A2FE00289CD0CEE70B9A002A00F0FF
:10ED8000DF800A9A012A00F3C380149A002A00F057
:10ED9000B78003F23343099D3E46089A01211A4485
:10EDA00048461F44089200F0B3FF044656B1089B42
:10EDB000002B07DDB342089AA8BF3346FF1AF61AA4
:10EDC000D31A0893099B0BB30B9B002B00F0BF8059
:10EDD000002D00F0B98021462A46484601F064F82B
:10EDE000019A01460446484600F0A8FF0199824670
:10EDF000484600F08FFE099B5B1B099300F0AA8038
:10EE0000099A5146484601F04FF8019001214846C1
:10EE100000F07EFF0D9B0546002B00F0D0811A46C6
:10EE20000146484601F040F80A9B012B054600F3D5
:10EE300099800E9B002B40F090800F9BC3F313032F
:10EE4000002B40F08A800F9B23F000431B0D1B0515
:10EE5000002B00F08580089B0133013708934FF0A9
:10EE6000010A0D9B002B00F0B0812B6905EB830399
:10EE7000186900F001FFC0F12000089B184410F051
:10EE80001F0076D01B2870DCC0F11C00074406442C
:10EE900003440893002F05DD01993A46484601F0E6
:10EEA0005FF80190089B002B05DD29461A4648466D
:10EEB00001F056F80546129B002B5FD001982946B9
:10EEC00001F0C0F8002859DA08F1FF3302930199E4
:10EED00000230A22484600F03FFE0B9B0190002BC6
:10EEE00000F07581002321460A22484600F034FED6
:10EEF000059B002B044671DC0A9B022B47DC6DE06E
:10EF0000169BC3F1360346E70000E03F00002440B3
:10EF1000049B5D1E099BAB4208DB5D1B049B002B21
:10EF2000BFF63AAF049BFE1A002336E7099B0D9A01
:10EF30000995EB1A1A440D92049B3E4600252CE7D6
:10EF4000099D0B9C3E4631E7DDF804A058E7099A7D
:10EF5000019957E7CDF804A058E74FF0000A80E781
:10EF60009A467EE74FF0000A7FE71C2892D0C0F156
:10EF700020001C30089B0744064489E7049BCDF819
:10EF80000880002B24DC05930A9B022B22DD059BC5
:10EF9000002B7FF488AD2946059B0522484600F0EA
:10EFA000DBFD01460546019801F04CF800287FF78B
:10EFB0007AAD009E312306F8013B029B0133029398
:10EFC00075E535462C46F4E7049DCDF80880F9E751
:10EFD000049B05930B9B002B00F0FD80002E05DDAC
:10EFE00021463246484600F0BBFF0446BAF1000F06
:10EFF00058D06168484600F04FFD064628B9814B5D
:10F00000024640F2EF21FFF742BB22690232920032
:10F0100004F10C010C30FFF784FA01223146484616
:10F0200000F09EFF0746009B009A03F10108059B34
:10F03000134406930E9B03F001030893294601989D
:10F04000FFF786FA2146049000F1300B019800F09A
:10F05000F9FF3A4605902946484601F00FF8C26884
:10F0600008F1FF3A0646FAB90146019800F0EAFFB6
:10F07000024631464846099200F04CFDDDE909237D
:10F0800042EA0301089B194346460FD1BBF1390FF1
:10F0900028D0059B002B02DD049B03F1310B8AF87D
:10F0A00000B006E52746BEE70122E2E7059B002BFC
:10F0B00004DB0A990B4308990B4320D1002AEEDDAB
:10F0C00001990122484600F04BFF2946019000F0CB
:10F0D000B9FF002803DCE2D11BF0010FDFD0BBF148
:10F0E000390FD9D139238AF8003033461E46013B07
:10F0F00016F8012C392A52D001321A70D9E4002AAC
:10F1000007DDBBF1390FEDD00BF101038AF80030B8
:10F11000CFE4069B08F801BC43452AD0019900239F
:10F120000A22484600F018FDBC4201904FF000034F
:10F130004FF00A022146484606D100F00DFD044674
:10F14000074608F1010879E700F006FD3946044654
:10F1500000230A22484600F0FFFC0746F1E7059B22
:10F160005E1E002B009BD8BF00265A1C2746164463
:10F17000002401990122484600F0F2FE2946019040
:10F1800000F060FF0028B0DC02D11BF0010FACD111
:10F1900033461E4613F8012D302AFAD089E4009A2E
:10F1A0009A42A3D1029B013302933123137080E46E
:10F1B000239B002B7FF49FAA134BFFF7BEBA0A9B39
:10F1C000012B7FF736AEDDF834A0012055E6059B14
:10F1D000002B7FF7D9AE009E01982946FFF7B8F9BA
:10F1E00000F1300B009B06F801BBF21A059B93421D
:10F1F000B5DD019900230A22484600F0ADFC0190DC
:10F20000EAE700BFD52501085825010837B50029D0
:10F2100044D051F8043C0190002BA1F10404B8BF84
:10F22000E41800F02DFC1E4A0198136833B963609E
:10F23000146003B0BDE8304000F028BCA34208D9F8
:10F24000256861198B4201BF19685B684919216003
:10F25000EDE71A465B680BB1A342FAD9116855185D
:10F26000A5420BD1246821445418A3421160E0D177
:10F270001C685B6853600C441460DAE702D90C2305
:10F280000360D6E7256861198B4204BF19685B6883
:10F29000636004BF491921605460CAE703B030BD00
:10F2A000B07D00200369B3EB611F2DE9F0434FEA05
:10F2B000611200F1140443DD11F01F0104EB830C13
:10F2C00004EB82050CD100F110062946614532D3CA
:10F2D0009B1A9B00033DAC4538BF0023234414E038
:10F2E00054F82260C1F12008CE4005F1040EA14679
:10F2F000F44515D89A1A9200043A0135AC4538BF46
:10F300000022A318A65006B104331A1BA3424FEAE9
:10F31000A20208BF0023026108BF4361BDE8F08379
:10F32000DEF8007007FA08F7374349F8047B5EF807
:10F33000046BCE40DCE751F8047B46F8047FC5E758
:10F340002346E2E7A0F13003092B02D82038C0B2EF
:10F350007047A0F16103052B01D84738F7E7A0F10A
:10F360004103052B01D82738F1E700207047000042
:10F370002DE9F04F85B00F4602930B68019091463E
:10F380009C1C20783028A04604F10104F9D0A8EB99
:10F390000303A3F1020BFFF7D5FF8246002838D103
:10F3A0009F4901224046FFF720F80546002863D117
:10F3B00098F801002646FFF7C5FF00285ED02078A8
:10F3C0003028A04604F10104F9D0FFF7BBFFB0FAE2
:10F3D00080F4640935464FF0010BC24656460AF1E7
:10F3E000010A3078FFF7AEFF0028F7D18C490122DF
:10F3F0003046FEF7FAFF78B945B9554656460AF148
:10F40000010A3078FFF79EFF0028F7D1AD1BAD0051
:10F4100004E000242546E0E7002DF7D1337803F01F
:10F42000DF03502B37D173782B2B29D02D2B2BD0EA
:10F43000711C4FF0000A0878FFF784FF431EDBB20F
:10F44000182B28D8A0F1100211F8010FFFF77AFF4E
:10F45000431EDBB2182B1AD9BAF1000F00D052426A
:10F4600015443960CCB1BBF1000F0CBF0627002753
:10F47000384605B0BDE8F08F464655460124CDE735
:10F480004FF0000AB11CD6E74FF0010AFAE70A2351
:10F4900003FB0200D6E73146E3E7A6EB0803013B96
:10F4A0002146072B0ADC019800F0F6FA044640B921
:10F4B0005C4B0246E4215C4801F0D2F901315B105B
:10F4C000EFE700F1140A002357469B46B04537D3B7
:10F4D00047F804BBA7EB0A07BB102361584600F0AE
:10F4E000CBFBD9F80060C0EBC707B74254DDBF1BA8
:10F4F0003946204600F076FF804678B17B1E5911D0
:10F5000003F01F025AF821104FF0010808FA02F226
:10F510000A4203D0434536DC4FF002083946204604
:10F52000FFF7C0FE3D44D9F80830AB4242DA0198FB
:10F53000214600F0EFFA0E9A00231360A32797E705
:10F5400016F8012D2E2A12D0202B04D147F804BB27
:10F550004FF0000B5B4630780393FFF7F3FE039BFD
:10F5600000F00F0098404BEA000B0433AEE7B045C3
:10F57000EAD82B49039301223046FEF736FF039B5E
:10F580000028E1D1A2E7B91E204600F02BFF002899
:10F59000C2D04FF00308C1E709DAF71B21460198F2
:10F5A0003A4600F0DDFCED1B044600F1140A4FF072
:10F5B0000008B8E7D9F80430AB426FDD5D1BAE42FE
:10F5C00034DCD9F80C30022B22D0032B24D0012BB1
:10F5D00015D1AE4213D1012E0BD1029AD9F80430C5
:10F5E000136001232361CAF800300E9B62271C6060
:10F5F0003EE7711E204600F0F5FE0028EDD101988F
:10F60000214600F087FA0E9A0023136050272FE757
:10F610000F9B002BF3D1E0E70F9B002BDDD1EEE732
:10F620001A250108D5250108E62501086F1EB8F145
:10F63000000F30D127B13946204600F0D3FE804676
:10F640007A1101235AF8222007F01F07BB4013420A
:10F650002946204618BF48F00208761BFFF722FE15
:10F66000D9F804500227B8F1000F42D0D9F80C3075
:10F67000022B15D0032B17D0012B09D118F0020F44
:10F6800006D0DAF8003048EA030818F0010F0ED16E
:10F6900047F010072DE04FF00108D1E70127E2E71E
:10F6A0000F9BC3F101030F930F9B002BF0D0D4F8F5
:10F6B00010A004F1140303EB8A0100201A68B2F1D0
:10F6C000FF3F1BD001321A60022F04F114033CD11A
:10F6D000D9F80020013AB24209D17111012253F840
:10F6E000213006F01F0602FA06F61E423AD147F014
:10F6F00020070E9B1C60029B1D60B9E643F8040BBB
:10F700009942DBD8A3689A4517DB616801980131FB
:10F7100000F0C2F9804618B91A4B02468421CAE6A5
:10F720002269023204F10C0192000C30FEF7F9FE5E
:10F730002146019800F0EEF9444623695A1C04EB77
:10F740008303226101225A61BEE7226952450BDD23
:10F7500001212046FFF7A6FDD9F808300135AB425C
:10F76000FFF6E5AE0127C2E716F01F06FAD003EB5D
:10F770008A03C6F1200653F8040C00F07DFAB0426B
:10F78000E6DBEFE7D5250108C2F10802920070B56B
:10F79000C2F120064368046803FA06F52C43D340FF
:10F7A000046040F8043F8842F4D370BD30B503686C
:10F7B0000139013311F8014F14B90360012030BD44
:10F7C00013F8012BA2F14105192D98BF2032A24256
:10F7D000F0D00020F3E72DE9F04F0B6887B05E1101
:10F7E000029013F01F0302EB86060193029B18BFE1
:10F7F00004360025371F196846F8045C9046B94660
:10F800003C46AB46AA464A784B1C039332B310469B
:10F8100005910492FFF796FD002851D1049A0599AD
:10F82000202A16D8DA4512DD4C4506D2072D04DC15
:10F830002A4649462046FFF7A7FF444553D90023EF
:10F84000A4F1040944F8043CD3464C461D460399F0
:10F85000D9E7292A59D1029B02311960BAF1000F68
:10F8600053D04C4506D2072D04DC2A464946204693
:10F87000FFF78AFF444538D9A8F10402234653F81C
:10F88000041B42F8041F9F42F9D23B1B23F00303E1
:10F890000134033EB44288BF002308F1040213443C
:10F8A00000211A4604339F421160FAD23B681BB90B
:10F8B000474528D101233B60052007B0BDE8F08F04
:10F8C0000135082D0AF1010A06DD4445BFD90023A0
:10F8D00044F8043C0125043C226800F00F0040EA93
:10F8E00002102060B3E70825B1E7019B002BDDD0B3
:10F8F000C3F120034FF0FF32DA4056F8043C1340C6
:10F9000046F8043CD2E7043FD0E70420D5E70000E6
:10F91000024B0146186800F025B800BF84010020A2
:10F9200070B50F4C0E462168054611B900F088FFEE
:10F9300020603146284600F083FF431C03D14FF07E
:10F94000FF34204670BDC41C24F00304A042F8D04C
:10F95000211A284600F074FF0130F2D1EFE700BF12
:10F96000AC7D00202DE9F843CD1C25F003050835BA
:10F970000C2D38BF0C25002D064601DBA94204D909
:10F980000C2333600020BDE8F883334F00F078F893
:10F990003B681C463CBB29463046FFF7C1FF431C71
:10F9A000044656D13C68A046B8F1000F40D1002C67
:10F9B00049D023684146304604EB030900F040FF7C
:10F9C000814540D121686D1A29463046FFF7A8FFCE
:10F9D000013038D023682B4423603B685A685ABBF7
:10F9E000C7F800800EE02268521B1ED40B2A16D9DD
:10F9F0006119A342256018BF5960636808BF396068
:10FA000062514B60304600F041F804F10B00231DB9
:10FA100020F00700C21A1CBF1B1AA350B3E762688C
:10FA2000A3420CBF3A605A60ECE723466468B1E732
:10FA30004446D8F80480B7E71A465B68A342FBD176
:10FA400000235360DEE70C233360304600F01EF8DD
:10FA500098E70560D6E700BFB07D002082B001B90D
:10FA600001A942B14BB113780B601278101E18BF78
:10FA7000012002B070471046FBE76FF00100F8E785
:10FA80000148FEF74CBD00BFA87D00200148FEF7ED
:10FA900047BD00BFA87D002070B5C46905460E466D
:10FAA00084B91020FFF734FF0446E86128B9024604
:10FAB000164B17486B2100F0D3FE0023C0E9013339
:10FAC0000360C360E36853B921220421284600F093
:10FAD000E5FEEB69E060DB680BB9002070BD53F810
:10FAE000260030B1026843F826200023C0E9033322
:10FAF000F4E7012101FA06F4621D9200284600F0A5
:10FB0000CDFE0028E9D0C0E90164EEE765250108D3
:10FB10004726010870B5C46906460D4674B9102021
:10FB2000FFF7F6FE0246F06120B9094B09488F2124
:10FB300000F096FEC0E901440460C4603DB1F36981
:10FB40006A68DB6853F82210296043F8225070BDC0
:10FB500065250108472601082DE9F0410D69074692
:10FB60000C461E4601F1140C0020DCF8003099B25E
:10FB700002FB01611E0C0B0C02FB063389B2013043
:10FB800001EB034185424CF8041B4FEA1346ECDCC1
:10FB90000EB3A368AB4219DC616838460131FFF748
:10FBA0007BFF804628B902460C4B0D48BA2100F075
:10FBB00057FE2269023204F10C0192000C30FEF76C
:10FBC000B0FC21463846FFF7A5FF444604EB850309
:10FBD00001355E6125612046BDE8F081D52501082B
:10FBE000472601082DE9F843884614461F46092296
:10FBF0000833064693FBF2F3002101229A4209DB07
:10FC00003046FFF749FF40B90246194B1948D32146
:10FC100000F026FE52000131F0E7089B4361092CF9
:10FC20004FF00103036108DC08F10A050924641B95
:10FC30002B199F4212DCBDE8F88308F10905A9469B
:10FC4000A04419F8013B0146303B0A223046FFF739
:10FC500083FFC145F5D12544083DE8E715F8013B90
:10FC60000146303B0A223046FFF776FFE0E700BF4F
:10FC7000D525010847260108B0F5803F034636BF69
:10FC8000030400201020B3F1807F3CBF1B0208302A
:10FC9000B3F1805F3CBF1B010430B3F1804F3CBF28
:10FCA0009B000230002B04DB5B0001D50130704764
:10FCB00020207047036813F0070201460BD0DA07D3
:10FCC00022D4980749BF5B089B0801200B605CBFEA
:10FCD0000B600220704798B2A0B91B0C1020DAB25A
:10FCE0000AB908301B0A1A0704BF1B0904309A0717
:10FCF00004BF9B080230DA0702D45B0806D001304B
:10FD00000B6070471046EAE70020704720207047DC
:10FD100010B50C460121FFF7BFFE024628B9054B7E
:10FD2000054840F2451100F09BFD01234461036149
:10FD300010BD00BFD5250108472601082DE9F04F69
:10FD4000D1F81080D2F81090C84585B00E46144600
:10FD500004DB4B460C46C14616469846A3686168CC
:10FD600009EB0807BB42B8BF0131FFF795FE30B978
:10FD700002464B4B4B484FF4B17100F071FD00F15E
:10FD8000140505EB870B2B4600225B4522D306F1B9
:10FD9000140101EB880304F1140C0CEB890C0293A1
:10FDA00004F1150363458CBF002301230093ACEBE2
:10FDB0000403153B9B080193029B03918B420CD8D3
:10FDC000002F03DD5BF8043D002B67D0076105B011
:10FDD000BDE8F08F43F8042BD7E7B1F800A0BAF1E3
:10FDE000000F28D004F11408A9464FF0000E58F86F
:10FDF000042BD9F8003096B29BB20AFB0633D9F82F
:10FE00000060120C360C73440AFB026606EB1346C4
:10FE10009BB243EA0643C44549F8043B4FEA164EF9
:10FE2000E5D8009A019B002A4FEA830308BF00230C
:10FE30002B44C3F804E0039BB3F802E00431BEF1A5
:10FE4000000F29D02B6804F114069846A9464FF0FC
:10FE5000000A32880EFB02A202EB18429BB243EA70
:10FE6000024349F8043B56F8043BD9F800804FEAB6
:10FE7000134A1FFA88F30EFB0A3303EB1243B4450F
:10FE80004FEA134AE5D8009E019A002E4FEA8202FB
:10FE900008BF00222A44536004358DE7013F8FE7F5
:10FEA000D5250108472601082DE9F843174612F029
:10FEB000030280460D4607D0264C013A002354F831
:10FEC0002220FFF749FE0546BF103FD0D8F81C405E
:10FED00094B91020FFF71CFD0446C8F81C0030B987
:10FEE00002461D4B1D4840F2B31100F0B9FC00233F
:10FEF000C0E901330360C360A66846B940F27121CE
:10FF00004046FFF705FF0023A060064603602C462D
:10FF10004FF0000907F001037F1053B12946324624
:10FF20004046FFF70BFF214605464046FFF7F2FD2E
:10FF300067B1306838B9324631464046FFF7FEFEB9
:10FF40003060C0F8009006462C46E3E72846BDE83E
:10FF5000F88300BF442801086525010847260108E9
:10FF60002DE9F84F0C4649682669A36806EB62162E
:10FF7000074691464FEA621A06F1010843450BDB3A
:10FF80003846FFF789FD054648B902462B4B2C48F9
:10FF90004FF4EF7100F064FC01315B00EEE700F11B
:10FFA000140100230A461846534539DB20692AEA22
:10FFB000EA7A01EB8A0104F1140319F01F098C4657
:10FFC00003EB800030D0C9F1200A4FF0000E1A6810
:10FFD000E34602FA09F242EA0E02CBF8002053F897
:10FFE000042B98420CF1040C22FA0AFEEFD8031BF2
:10FFF000153B23F0030304F11502904238BF0023A0
:020000040801F1
:100000001944C1F804E0BEF1000F00D1B0463846F3
:10001000C5F810802146FFF77DFD2846BDE8F88F22
:1000200042F8040B0133BFE753F8041BCCF800106F
:1000300098420CF1040CF7D8E8E700BFD525010879
:100040004726010803690A699B1A30B50ED114309E
:10005000143100EB820401EB820154F8045D51F885
:10006000042D954204D006D24FF0FF33184630BD20
:10007000A042F2D3FAE70123F8E700002DE9F74F99
:100080008A460646114650461446FFF7DBFF051E1A
:1000900012D129463046FFF7FFFC024628B9414BF2
:1000A00040F23721404800F0DBFB0123C0E9043572
:1000B000104603B0BDE8F08FBCBF5346A2463046A1
:1000C000DAF80410BABF1C4601250025FFF7E4FC4E
:1000D000024618B9334B40F24521E3E7DAF81070D5
:1000E0002669C5600AF1140904F1140E00F1140523
:1000F0000AF1100309EB87080EEB86060193AB4665
:100100004FF0000C019B5EF8040B53F804AF019311
:100110001FFA8AF183B2CB1A000C6344C0EB1A4079
:1001200000EB23409BB243EA004376454BF8043B87
:100130004FEA204CE6D8331B153B153423F003035C
:10014000A64238BF0023E8184B441C1D0430264645
:10015000A5EB090546450ED308F10301091B21F063
:1001600003010133984538BF0021014451F8043D93
:10017000ABB117619CE706EB050E56F8041BE2468F
:100180004FEA11491CFA81FC514409EB2C4989B210
:1001900041EA09414FEA294CCEF80010DAE7013F65
:1001A000E4E700BFD52501084726010882B08DEDA0
:1001B000000B019A0F4B1340A3F15073002B08DC86
:1001C0005B42B3F1A07F4FEA235204DA4FF40023DD
:1001D0001341002208E0A2F114031E2BDABF4FF0F6
:1001E0000042DA40012200231946104641EC100B70
:1001F00002B070470000F07FF8B5056900F1140601
:1002000006EB85052F1F55F8044C2046FFF734FDFB
:10021000C0F120030A280B6016DCC0F10B0C24FA95
:100220000CF1BE4241F07F5334BF55F8081C002149
:10023000153004FA00F021FA0CF143F440130143A5
:100240000A4643EC102BF8BDBE423ABF55F8081CD5
:10025000A5F1080700210B3812D0C0F1200521FAC2
:1002600005F384401C43B74244F07F538CBF57F8DA
:10027000044C00248140EC4043F440132143DFE769
:1002800044F07F5343F44013DAE700002DE9F743CD
:100290000F46012159EC108B1646FFF7FDFB054672
:1002A00030B90246234B244840F20F3100F0D8FA0F
:1002B000C9F30A54C9F313030CB143F48013019337
:1002C000B8F1000323D068460093FFF7F3FC0099D0
:1002D000D8B1019AC0F1200302FA03F30B43C240E4
:1002E0006B610192019BAB61002B0CBF01220222CA
:1002F0002A61A4B1A4F2334404443C60C0F1350047
:100300003060284603B0BDE8F0836961EAE701A8E0
:10031000FFF7D0FC019B6B6120300122E8E705EB81
:100320008203A0F2324038601869FFF7A5FCC0EBE9
:100330004210E5E7D525010847260108F7B50E4626
:1003400069460746FFF758FF01A9304655EC104BA8
:10035000B0EE407AF0EE607AFFF74EFF33693A690B
:10036000D21ADDE900369B1B03EB4213002BD4BFEE
:1003700010EE902A17EE902A51EC100BD6BFC3EB6B
:10038000033302EB035502EB03510B4602462946A9
:100390002046F4F753FA41EC100B03B0F0BD0139DD
:1003A00070B549111469013102F1140300EB8101A8
:1003B00003EB8404051FA3420CD3A31A113B23F0C3
:1003C00003031132944238BF0023184400238842AB
:1003D00005D370BD53F8046B45F8046FEBE740F8A4
:1003E000043BF4E700F1140200694B11984210B588
:1003F00011DB0ADD11F01F0107D052F8234024FA67
:1004000001F000FA01F18C420BD102EB830393421D
:1004100003D8002010BD0346F7E753F8041D002958
:10042000F5D00120F6E749B1FF2A85BF8A23036092
:100430000A704FF0FF3098BF0120704708467047A0
:100440002DE9F0478E681F46BE4282460C46904614
:10045000334653D8B1F90C0010F4906F2BD0656976
:100460002368096905EB4505A3EB010905EBD57583
:100470007B1C6D104B44AB422A4684BF1D462A4666
:10048000430527D511465046FFF76CFA064658B388
:1004900021694A46FEF745F8A38923F4906343F0A7
:1004A0008003A381266165614E44A5EB09052660A2
:1004B000A5603E463B461F4620683A464146FDF74A
:1004C00073FFA3689B1BA36023683B442360002049
:1004D000BDE8F087504600F0F5F906460028E1D166
:1004E00021695046FEF792FE0C23CAF80030A3891A
:1004F00043F04003A3814FF0FF30E9E73E46DBE7DE
:100500002DE9F0471F468B891B069CB006460D4619
:10051000144610D50B6973B94021FFF723FA286000
:10052000286130B90C2333604FF0FF301CB0BDE8B8
:10053000F08740236B610023099320238DF8293035
:1005400003973023654F8DF82A304FF0010823467A
:100550001A7899461AB1252A03F10103F8D1B9EBAB
:10056000040A0BD05346224629463046FFF768FF5F
:10057000013000F0A380099A5244099299F80030A2
:10058000002B00F09B8000224FF0FF33CDE90532B5
:1005900009F10109049207928DF853201A924C46F2
:1005A000052214F8011B4D48F3F70AFE049AD0B94E
:1005B000D00644BF20238DF85330110744BF2B23AE
:1005C0008DF8533099F800302A2B13D007994B46F9
:1005D00000204FF00A0C1A78303A092A1C464AD9F2
:1005E000A8B1079113E0C01B08FA00F01043049073
:1005F000A146D4E7039B191D1B680391002BBBBFC9
:100600005B4242F0020207930793B8BF049223783B
:100610002E2B0AD163782A2B32D1039B1A1D1B681B
:10062000039243EAE37302340593DFF8C090217824
:1006300003224846F3F7C4FD38B1049BA0EB090040
:1006400040228240134301340493217824488DF8DA
:1006500028100622F3F7B4FD002835D0214818BB36
:10066000039B073323F0070308330393099B0344D9
:10067000013409936BE701330CFB01210120AAE748
:1006800000230593611C18464FF00A0C0A78303A93
:10069000092A0C4603D9002BC7D00590C5E70131C4
:1006A0000CFB00200123F1E703AB00932A460E4B1D
:1006B00004A93046FDF776F9421CD7D1AB895B0619
:1006C0003FF532AF099831E703AB00932A46064B5A
:1006D00004A93046FDF700FCEEE700BFA1260108A3
:1006E000AB260108A5D9000841040108A726010886
:1006F000B1F90C202DE9F041160705460C4651D4FE
:100700004B68002B02DC0B6C002B49DDE66A002EE7
:1007100046D0002312F480522F682B6031D0626DD6
:10072000A389590705D56368D21A636B0BB1236C93
:10073000D21A0023E66A216A2846B047421CB4F95F
:100740000C3006D129681D2945D8284ACA40D60749
:1007500041D500226260D9042269226004D5421C7E
:1007600001D12B6803B96065616B2F60C1B104F1E1
:100770004403994202D02846FEF748FD00236363F4
:100780000EE0216A01232846B0470246501CC7D11B
:100790002B68002BC4D01D2B01D0162B1AD12F6033
:1007A00000201DE00F69002FFAD093070E6808BFE4
:1007B0004B690F6018BF0023A6EB07088B60B8F1E8
:1007C000000FEDDD216AA66A43463A462846B04747
:1007D000002807DCA38943F04003A3814FF0FF30DA
:1007E000BDE8F0810744A8EB0008E8E701004020DD
:1007F00038B50B6905460C4613B91D46284638BD69
:1008000018B1036A0BB9FDF71FFDB4F90C30002BCA
:10081000F3D0626ED00704D4990502D4A06DFDF721
:100820007EFE28462146FFF763FF636EDA07054622
:10083000E4D4A3899B05E1D4A06DFDF771FEDDE74B
:1008400038B5064C002305460846236000F052FBED
:10085000431C02D1236803B12B6038BDA47D002066
:100860001FB51D46094B1B680646D86852B1084C97
:100870000091CDE90142074933462A4600F050F87D
:1008800000F060F8044C2246F2E700BF840100202B
:10089000B2260108BF260108ED26010870B5A1FBAC
:1008A000026535B93146FFF75DF8044628B92046A0
:1008B00070BD0C2303600024F9E732462946FDF79A
:1008C0008CFDF4E72DE9F041074615460C4621B9A9
:1008D000BDE8F0411146FFF745B82AB9FEF796FC8E
:1008E0002C462046BDE8F08100F033F885420646EC
:1008F00002D8B5EB500FF4D829463846FFF732F846
:10090000804608B94446ECE7B5422A46214628BF4E
:100910003246FDF706FE21463846FEF777FCF1E742
:100920000EB403B5014603AB054853F8042B006829
:10093000019300F03DF802B05DF804EB03B070479E
:100940008401002008B5062000F000FA012000F024
:10095000E7FA51F8043C181F002BBCBF0B58C01815
:1009600070479368013B002B10B4936007DA9469D9
:10097000A34201DB0A2902D110BC00F02DB9136893
:10098000581C10601970084610BC7047F8B5064630
:100990000F461446D518AC4201D1002007E014F8E8
:1009A000011B3A463046FFF7DCFF431CF3D1F8BD8C
:1009B0002DE9F04706469CB00D4614461F4618B177
:1009C000036A0BB9FDF740FC6B6ED90705D4AB8900
:1009D0009A0502D4A86DFDF7A2FDAB891B0701D5CE
:1009E0002B699BB92946304600F034F970B16B6E23
:1009F000DE0704D54FF0FF301CB0BDE8F087AB89AF
:100A00009C05F7D4A86DFDF78BFDF3E70023099350
:100A100020238DF82930039730236A4F8DF82A3030
:100A20004FF0010823461A7899461AB1252A03F196
:100A30000103F8D1B9EB040A0BD0534622462946EC
:100A40003046FFF7A3FF013000F0A380099A52441B
:100A5000099299F80030002B00F09B8000224FF0A3
:100A6000FF33CDE9053209F10109049207928DF8AF
:100A700053201A924C46052214F8011B5148F3F7F3
:100A80009FFB049AD0B9D00644BF20238DF8533081
:100A9000110744BF2B238DF8533099F800302A2BCF
:100AA00013D007994B4600204FF00A0C1A78303AC1
:100AB000092A1C464AD9A8B1079113E0C01B08FABD
:100AC00000F010430490A146D4E7039B191D1B6856
:100AD0000391002BBBBF5B4242F0020207930793D6
:100AE000B8BF049223782E2B0AD163782A2B32D1F7
:100AF000039B1A1D1B68039243EAE37302340593B8
:100B0000DFF8D090217803224846F3F759FB38B13B
:100B1000049BA0EB0900402282401343013404935C
:100B2000217829488DF828100622F3F749FB002880
:100B30003ED0264818BB039B073323F00703083336
:100B40000393099B0344013409936BE701330CFBC6
:100B500001210120AAE700230593611C18464FF0EC
:100B60000A0C0A78303A092A0C4603D9002BC7D060
:100B70000590C5E701310CFB00200123F1E703AB31
:100B800000932A46124B04A93046FCF70BFF431C86
:100B9000D7D16B6ED90705D4AB899A0502D4A86D5D
:100BA000FDF7BEFCAB895B063FF524AF099823E750
:100BB00003AB00932A46064B04A93046FDF78CF997
:100BC000E5E700BFA1260108AB260108A5D900086A
:100BD0008D090108A7260108F8B505460F461446F9
:100BE00018B1036A0BB9FDF72FFBA369A360A389B2
:100BF0001A0701D5236943B92146284600F02AF88F
:100C000018B14FF0FF363046F8BD23692068C01A8E
:100C10006369834205DC21462846FFF7E9FD002889
:100C2000EFD1A368013BA36023685A1C22601F70A8
:100C3000636901308342FEB204D0A389DB07E2D5A9
:100C40000A2EE0D121462846FFF7D2FD0028DAD04F
:100C5000D7E7000038B5284B054618680C4618B190
:100C6000036A0BB9FDF7F0FAB4F90C30190720D478
:100C7000DA0607D409222A6043F04003A3814FF02B
:100C8000FF3031E0580711D5616B41B104F14403E5
:100C9000994202D02846FEF7B9FA00236363002286
:100CA000A38962602269226023F0240343F00803D1
:100CB000A38123694BB9A38903F42073B3F5007FA3
:100CC00003D02146284600F081F8B4F90C3013F027
:100CD00001020AD00022A26062695242A261226926
:100CE00042B913F08000C7D138BD990758BF626977
:100CF000A260F4E70020F7E7840100201F2938B53F
:100D000005460C4604D9162303604FF0FF3038BD6A
:100D1000C26B12B152F821304BB9284600F030F8BE
:100D2000224601462846BDE8384000F017B8012B9E
:100D30000AD0591C03D1162303600120E7E70021E4
:100D400042F82410204698470020E0E7024B014675
:100D50001868FFF7D3BF00BF8401002038B5074CE7
:100D60000023054608461146236000F0ABF8431CFB
:100D700002D1236803B12B6038BD00BFA47D0020E1
:100D800000F090B870B50E46B1F90E10002996B07B
:100D900014461D460ADAB28912F0800213D14FF4CC
:100DA000806100202A60216016B070BD6A4600F0A4
:100DB00047F80028EFDB019A02F47042A2F50053D5
:100DC0005A425A41EBE700224021EAE78B8973B58A
:100DD0009E0705460C4607D504F1470323602361AF
:100DE0000123636102B070BD01AB6A46FFF7CAFF21
:100DF000009E28463146FEF7B5FDB4F90C3038B9EF
:100E00009A05EFD423F0030343F00203A381E3E741
:100E100043F08003A381019B2060C4E90406002BFA
:100E2000E0D0B4F90E10284600F01CF80028D9D004
:100E3000A38923F0030343F00103A381D2E7000059
:100E400038B5074C0023054608461146236000F0DC
:100E500021F8431C02D1236803B12B6038BD00BFC9
:100E6000A47D002038B5064C0023054608462360C3
:100E700000F020F8431C02D1236803B12B6038BD79
:100E8000A47D0020024B58221A604FF0FF307047BB
:100E9000A47D0020024B58221A604FF0FF307047AB
:100EA000A47D0020024B58221A604FF0FF3070479B
:100EB000A47D0020024B58221A600020704700BF1A
:100EC000A47D0020024B58221A604FF0FF3070477B
:100ED000A47D0020024B58221A604FF0FF3070476B
:100EE000A47D0020024B58221A604FF0FF3070475B
:100EF000A47D0020044A05491368002B08BF0B4657
:100F00001844106018467047B47D0020D87D00203A
:100F1000024B58221A604FF0FF307047A47D00202A
:100F2000FEE700BF38B50022002304460D46F3F764
:100F3000CDFD28B920462946BDE8384000F00AB862
:100F4000204605F1004100F005F8404261EB410107
:100F500038BD00BF70B50C4B002204460D46F3F7B8
:100F600043FBF3F719FE0646F3F7C4FA074B0022DA
:100F7000F3F73AFB02460B4620462946F3F77CF985
:100F8000F3F70AFE314670BD0000F03D0000F0416D
:100F90002DE9F04782B00646DDF828E00846B44661
:100FA0000D46002B4ED18A4214466DD9B2FA82F218
:100FB00042B1C2F12003954026FA03F394401D4349
:100FC00006FA02FC260CA7B2B5FBF6F14FEA1C4369
:100FD00006FB115543EA054301FB07F0984209D986
:100FE000E31801F1FF3580F00381984240F200815F
:100FF000023923441B1A1FFA8CFCB3FBF6F006FBE4
:1010000010334CEA034C00FB07F363450AD914EB99
:101010000C0C00F1FF3580F0ED80634540F2EA8072
:10102000A444023840EA0140ACEB030C0021BEF1BD
:10103000000F04D02CFA02F30022CEE9003202B0F5
:10104000BDE8F0878B4209D9BEF1000F01D0CEE98F
:1010500000610021084602B0BDE8F087B3FA83F1D1
:10106000174600294DD1834202D3B24200F20F81CC
:10107000B6EB070C60EB030301201D46BEF1000F29
:10108000DDD0CEE900C5DAE7002A00F098801A46E4
:10109000B4FA84F3002B40F0AF800B1B270CA6B2F0
:1010A0000121B3FBF7F54FEA1C4007FB153340EA7B
:1010B000034306FB05F8984507D9E31805F1FF300F
:1010C00002D2984500F2E8800546A3EB08031FFA18
:1010D0008CFCB3FBF7F007FB10334CEA034C06FB28
:1010E00000F3634508D914EB0C0C00F1FF3602D273
:1010F000634500F2CE803046ACEB030C40EA05407D
:1011000095E7C1F120058B4022FA05FC4CEA030C5F
:1011100000FA01F426FA05F3E84002FA01F943EA7D
:1011200004084FEA1C4206FA01FAB0FBF2F71FFA74
:101130008CF602FB17004FEA184444EA004407FB10
:1011400006F0A0420AD91CEB040407F1FF3380F03B
:101150009C80A04240F29980023F6444241A1FFA06
:1011600088F3B4FBF2F002FB104443EA044300FBB3
:1011700006F69E4209D91CEB030300F1FF3480F010
:1011800082809E427FD90238634440EA0740A0FB38
:1011900009749B1BA3423E46A04664D361D0BEF1B6
:1011A000000F0AD0BAEB060263EB080303FA05F559
:1011B000CA401543CB40CEE9005300213FE77308F6
:1011C00043EAC1734A08190C41EA02414FEAC67C5E
:1011D0009BB2B2FBF4F02646A04627461F2243EA04
:1011E0000143B1FBF4F1A3EB080341EA004158E7E6
:1011F0002946FFE6284615E71A46C3F120019C4020
:1012000026FA01F320FA01F190400343270C06FA75
:1012100002FCB1FBF7F0A6B207FB1015190C41EA6E
:10122000054100FB06F58D423BD9611801D28D4284
:1012300020D8491B0138B1FBF7F5019505FB06F8ED
:10124000019D9BB207FB151143EA0143434526D29A
:10125000E31805F1FF31C6D24345C4D2A91E234489
:10126000C1E7BA459BD2B7EB090664EB0C04013821
:10127000A04694E7651B29440238B1FBF7F50195B8
:1012800005FB06F8DCE720467FE71F4666E70846D1
:10129000F4E6A44402382FE7023D234415E7019900
:1012A000A1E7491BB1FBF7F5019505FB06F8C7E778
:1012B000F8B500BFF8BC08BC9E467047F8B500BF43
:0812C000F8BC08BC9E46704713
:1012C800A4230108A8230108B8230108C0230108A2
:1012D8004853455F4641494C0A0000004150503A86
:1012E800494E49540A0000004150503A4C4F4F5063
:1012F8000A0000000D0A00003D3D3D3D3D20E794F9
:10130800B5E69CBAE9A9B1E58AA8E68C87E4BBA44E
:10131800E58897E8A1A8203D3D3D3D3D000000003F
:10132800E29480E2948020E7B3BBE7BB9FE68C871A
:10133800E4BBA420E29480E29480000020202F687F
:10134800656C7020202020202020202020202020B4
:1013580020202020202020E698BEE7A4BAE69CACF6
:10136800E5B8AEE58AA9000020202F76657273697A
:101378006F6E2020202020202020202020202020C8
:10138800202020E698BEE7A4BAE7A1ACE4BBB62FBC
:10139800E8BDAFE4BBB6E78988E69CAC0000000076
:1013A80020202F7374617475732020202020202042
:1013B8002020202020202020202020E698BEE7A4FE
:1013C800BAE585A8E983A8E9858DE7BDAEE58F82F2
:1013D800E695B00020202F636865636B20202020ED
:1013E800202020202020202020202020202020E62F
:1013F80098BEE7A4BAE5AE9EE697B6E78AB6E68059
:10140800812028E7BC96E7A081E599A82F52504D86
:101418002FE8BE93E587BA2FE8BF90E8A18CE6973E
:10142800B6E997B42900000020202F64657465632D
:101438007420202020202020202020202020202050
:10144800202020E9878DE696B0E6A380E6B58B20BC
:10145800554152543220E5B7A5E4BD9CE6A8A1E564
:10146800BC8F2FE6B3A2E789B9E78E87000000009A
:1014780020202F7361766520202020202020202026
:101488002020202020202020202020E4BF9DE5AD22
:1014980098E9858DE7BDAEE588B020454550524FA7
:1014A8004D00000020202F6C6F6164202020202038
:1014B800202020202020202020202020202020E460
:1014C800BB8E20454550524F4D20E58AA0E8BDBD52
:1014D800E9858DE7BDAE000020202F726573657425
:1014E80020202020202020202020202020202020F4
:1014F800202020E681A2E5A48DE587BAE58E82E862
:10150800AEBEE7BDAE000000E29480E2948020E623
:101518008EA7E588B6E599A8E68C87E4BBA420E207
:101528009480E2948000000020202F737065656429
:101538006374726C203C63683E205B6B70206B693F
:10154800206B64205B696C696D205B6F6C696D2032
:101558005B706572696F64205B70747970655D5D3E
:101568005D5D5D00202020202020202020202020DC
:10157800202020202020202020202020202020E99A
:10158800809FE5BAA6E68EA7E588B6E599A8202843
:101598005049442BE99990E5B9852BE591A8E69C3B
:1015A8009F2BE7B1BBE59E8B2900000020202F7000
:1015B8006F736374726C203C63683E205B6B7020B1
:1015C8006B69206B64205B6F6C696D205B696C696B
:1015D8006D205B706572696F64205B7074797065EB
:1015E8005D5D5D5D5D000000202020202020202022
:1015F80020202020202020202020202020202020E3
:10160800202020E4BD8DE7BDAEE68EA7E588B6E5CF
:1016180099A820285049442BE8BE93E587BAE99950
:1016280090E5B9852BE7A7AFE58886E99990E5B9F4
:10163800852BE591A8E69C9F2BE7B1BBE59E8B2CFB
:1016480020302E31C2B0E7B2BEE5BAA629000000AC
:1016580020202F6D6F6465203C63683E205B6F70AF
:10166800656E7C73706565647C706F735D2020E6C1
:101678008EA7E588B6E6A8A1E5BC8F2028E5BC8042
:10168800E78EAF2FE9809FE5BAA62FE4BD8DE7BDB1
:10169800AE29000020202F637072203C63683E2032
:1016A8005B76616C5D20202020202020202020E710
:1016B800BC96E7A081E599A8E7BABFE695B02028CF
:1016C800435052290000000020202F696E76203CEC
:1016D80063683E205B307C315D2020202020202064
:1016E800202020E794B5E69CBAE696B9E5909120CB
:1016F80028303DE6ADA3E590912C20313DE58F8D56
:10170800E59091290000000020202F706F73616E12
:10171800676C65203C63683E205B76616C5D2020C9
:10172800202020E4BD8DE7BDAEE78EAFE8BDACE478
:10173800B880E59C88E88489E586B2E695B02028DB
:10174800E789A9E79086E7BABFE695B02C20E59B24
:10175800BAE4BBB6E887AAE58AA8C397342C203038
:101768003DE4BDBFE794A8E7BC96E7A081E599A84A
:101778004350522900000000E29480E2948020E760
:10178800BC96E7A081E599A82FE6BBA4E6B3A22002
:10179800E29480E29480000020202F656E637A65D1
:1017A800726F203C63683E202020202020202020CB
:1017B800202020E6B885E99BB6E68C87E5AE9AE955
:1017C800809AE98193E7BC96E7A081E599A8E8AEFD
:1017D800A1E695B00000000020202F66696C7465B2
:1017E80072203C63683E205B747970655D205B778E
:1017F8005D2020E9809FE5BAA6E6BBA4E6B3A2E592
:1018080099A82028303DE697A02C313DE6BB91E50C
:101818008AA8E5B9B3E59D872C323DE4BD8EE98001
:101828009A2C333DE4B8ADE580BC2900E29480E20F
:10183800948020554152543220E9809AE8AEAF2076
:10184800E29480E29480000020202F756172743247
:10185800205B626175645D205B696E765D205B6DFF
:101868006F64655D2020554152543220E9858DE72B
:10187800BDAE2028E6B3A2E789B9E78E872FE69E9A
:1018880081E680A72FE6A8A1E5BC8F29000000000B
:10189800202020202020696E763A20303DE6ADA336
:1018A800E5B8B8E69E81E680A72C20313DE58F8D0E
:1018B800E79BB82028E9BB98E8AEA42030290000AF
:1018C8002020202020206D6F64653A207561727495
:1018D80028E4BA8CE8BF9BE588B6E58D8FE8AEAE04
:1018E8002CE9BB98E8AEA429207C20736275732884
:1018F80053425553E5B8A7E8A7A3E69E90290000F0
:1019080020202F7072696F72697479205B307C3186
:101918005D20202020202020202020E68EA7E5889A
:10192800B6E4BC98E58588E7BAA72028303D55532A
:1019380041525432E4BC98E585882C20313D5553FA
:1019480042E4BC98E58588290000000020202F7417
:10195800696D656F7574205B6D735D202020202094
:1019680020202020202020E68C87E4BBA4E8B68530
:10197800E697B6E4BF9DE68AA42028303DE585B306
:10198800E997AD2900000000E29480E2948020539A
:1019980042555320E58F82E695B020E29480E29488
:1019A8008000000020202F736D6170203C63683E2A
:1019B800205B736275735F63685D2020202020536D
:1019C80042555320E9809AE98193E698A0E5B084CE
:1019D800202863683D317E3420E2869220534255A8
:1019E80053E9809AE98193E58FB7290020202F7366
:1019F800627573706172616D203C63683E205B762E
:101A0800616C5D202020205342555320E69C80E5E0
:101A1800A4A7E8A18CE7A88B2028E9809FE5BAA6AF
:101A2800E6A8A1E5BC8F3DE69C80E5A4A752504DF1
:101A38002C20E4BD8DE7BDAEE6A8A1E5BC8F3DE650
:101A48009C80E5A4A7E8A792E5BAA6302E31C2B0DB
:101A5800E58D95E4BD8D290020202F736275737282
:101A6800616E6765205B307C317C325D20202020F0
:101A78002020205342555320E9809AE98193E88C2D
:101A880083E59BB42028303DE6A087E587862C3186
:101A98003DE689A9E5B1952C323D4672536B79290B
:101AA800000000004552523A206465746563742052
:101AB800616C72656164792072756E6E696E67001B
:101AC800446574656374696E672E2E2E20286E6FC8
:101AD8006E2D626C6F636B696E672C206D6F746F0F
:101AE800722073746F707065642900004F4B202852
:101AF8007772697474656E20746F20454550524F33
:101B08004D2900004552523A20736176652066617E
:101B1800696C6564000000004F4B20286C6F61649D
:101B280065642066726F6D20454550524F4D2900FF
:101B38005741524E3A20454550524F4D20696E76D6
:101B4800616C69642C207573696E672064656661D1
:101B5800756C7473000000004F4B20286661637435
:101B68006F727920726573657429000048573A20AE
:101B78007625642E25642E2564202053573A207636
:101B880025642E25642E2564000000005342555319
:101B9800000000005541525400000000E58F8DE719
:101BA8009BB80000E6ADA3E5B8B800005541525413
:101BB8003200000055534200E58F8D00E6ADA300CA
:101BC800E6A087E587860000E689A9E5B1950000CB
:101BD8004672536B790000005359533A20555342CB
:101BE8003D32303030303030205553415254323D40
:101BF800256C7520257320E69E81E680A73D257318
:101C080020E4BC98E585883D257320E8B685E697ED
:101C1800B63D25756D7300004D25633A2025732068
:101C28004350523D257520257320205370643A2077
:101C38002573204B703D252E3366204B693D252E9C
:101C48003366204B643D252E3366204F6C696D3D0D
:101C5800252E306620543D25756D732025730000B0
:101C680020202020506F733A202573204B703D258B
:101C78002E3366204B693D252E3366204B643D2567
:101C88002E3366204F6C696D3D252E306620496CD9
:101C9800696D3D252E316620543D25756D732043B1
:101CA80050523D2575000000534255533A20413D9E
:101CB800636825752825752920423D6368257528A0
:101CC80025752920433D63682575282575292044F5
:101CD8003D636825752825752920E88C83E59BB424
:101CE8003D257300454E433A205B25366C6420251C
:101CF800366C642025366C642025366C645D0000E3
:101D080052504D3A205B25366C642025366C642091
:101D180025366C642025366C645D00004F55543AB6
:101D2800205B253664202536642025366420253638
:101D3800645D0000555054494D453A20256C752086
:101D48006D730000E5A29EE9878FE5BC8F00000057
:101D5800E4BD8DE7BDAEE5BC8F000000504F5300D9
:101D680053504545440000004F50454E00000000C8
:101D78005553415254320000205BE5BD93E5898DEF
:101D8800E6A8A1E5BC8F3DE9809FE5BAA62C20E630
:101D9800ADA4E580BC3DE69C80E5A4A752504D5D0E
:101DA80000000000205BE5BD93E5898DE6A8A1E56C
:101DB800BC8F3DE4BD8DE7BDAE2C20E6ADA4E5802B
:101DC800BC3D333630C2B0E88489E586B2E695B0CA
:101DD8005D000000205BE5BD93E5898DE6A8A1E5DF
:101DE800BC8F3DE5BC80E78EAF2C20E6ADA4E58036
:101DF800BCE4B88DE7949FE695885D0073706565CF
:101E0800646374726C000000E794A8E6B3953A2006
:101E18002F73706565646374726C203C63683E2040
:101E28005B6B70206B69206B64205B696C696D204B
:101E38005B6F6C696D205B706572696F64205B70A5
:101E4800747970655D5D5D5D5D0000004552523AD4
:101E580020636820312D340043482564204B703DB1
:101E6800252E3366204B693D252E3366204B643D75
:101E7800252E336620496C696D3D252E3166204F2D
:101E88006C696D3D252E316620506572696F643D21
:101E980025756D7320547970653D25730000000029
:101EA800E794A8E6B3953A202F7370656564637468
:101EB800726C203C63683E203C6B703E203C6B6932
:101EC8003E203C6B643E205B2E2E2E5D0000000001
:101ED8004F4B202852414D206F6E6C79290000002D
:101EE800706F736374726C00E794A8E6B3953A2038
:101EF8002F706F736374726C203C63683E205B6B59
:101F080070206B69206B64205B6F6C696D205B6966
:101F18006C696D205B706572696F64205B707479A1
:101F280070655D5D5D5D5D004348256420706F737D
:101F3800204B703D252E3366204B693D252E336698
:101F4800204B643D252E3366204F6C696D3D252E50
:101F5800316652504D20496C696D3D252E31662001
:101F6800506572696F643D25756D73205049443D15
:101F780025730000E794A8E6B3953A202F706F7395
:101F88006374726C203C63683E203C6B703E203C5E
:101F98006B693E203C6B643E205B2E2E2E5D00005C
:101FA80063707200E794A8E6B3953A202F637072C5
:101FB800203C63683E205B76616C5D004348256485
:101FC800204350523D257500696E7600E794A8E6D7
:101FD800B3953A202F696E76203C63683E205B30CB
:101FE8007C315D004348256420696E766572743DD6
:101FF800257500006D6F646500000000E794A8E691
:10200800B3953A202F6D6F6465203C63683E205B72
:102018006F70656E7C73706565647C706F735D004E
:1020280043482564206D6F64653D257300000000FA
:102038006F70656E000000007370656564000000D5
:102048004552523A206F70656E2F73706565642F24
:10205800706F7300756172743200000042617564BC
:102068003D256C7520496E763D25752825732920F8
:102078004D6F64653D2573004552523A206465747E
:102088006563742072756E6E696E672C2074727940
:10209800206C6174657200004552523A2062617585
:1020A8006420313230302D34303030303030000060
:1020B800736275730000000075617274000000009F
:1020C8004552523A206D6F646520736275732F759F
:1020D800617274004F4B2028E5B7B2E5BA94E794D3
:1020E800A8290000736D617000000000E794A8E65D
:1020F800B3953A202F736D6170203C63683E205B76
:10210800736275735F63685D00000000434825646F
:1021180020534255535F43483D25750074696D65EA
:102128006F7574002575206D730000007072696FFB
:1021380072697479000000007362757372616E676A
:102148006500000025752028257329004552523A5C
:1021580020303DE6A087E58786283139327E313741
:1021680039322920313DE689A9E5B19528307E32FA
:102178003034372920323D4672536B792831373253
:102188007E31383131290000736275737061726174
:102198006D000000E794A8E6B3953A202F736275A6
:1021A80073706172616D203C63683E205B76616C80
:1021B8005D00000043482564207362757370617286
:1021C800616D3D25752573004F4B202852414D20E8
:1021D8006F6E6C7929257300656E637A65726F007E
:1021E800E794A8E6B3953A202F656E637A65726F17
:1021F800203C63683E0000004F4B000066696C7429
:1022080065720000434825642066696C7465723DF8
:1022180025732077696E646F773D2575000000008F
:102228004552523A207479706520302D3320283079
:102238003DE697A02C313DE6BB91E58AA8E5B9B308
:10224800E59D872C323DE4BD8EE9809A2C333DE430
:10225800B8ADE580BC2900004552523A204C5046A2
:102268002077696E646F7720312D393900000000BE
:102278004552523A204D412FE4B8ADE580BC207755
:10228800696E646F7720312D333200004F4B204345
:102298004825642066696C7465723D2573207769EA
:1022A8006E646F773D2575202852414D206F6E6C06
:1022B80079290000706F73616E676C65000000001B
:1022C800E794A8E6B3953A202F706F73616E676C38
:1022D80065203C63683E205B76616C5D0000000011
:1022E8004348256420706F735F616E676C655F6338
:1022F80070723D25750000004552523A2076616C97
:1023080020302D36353533350000000068656C7097
:102318000000000076657273696F6E0073746174F3
:1023280075730000636865636B000000646574651D
:102338006374000073617665000000006C6F61646F
:10234800000000007265736574000000556E6B6EC6
:102358006F776E20636F6D6D616E6420272F257314
:1023680027000000556E6B6E6F776E20636F6D6D82
:10237800616E642E2054797065202F68656C70201A
:10238800666F7220617661696C61626C6520636F4B
:102398006D6D616E64732E003E200000E697A0000C
:1023A800E6BB91E58AA8E5B9B3E59D870000000082
:1023B800E4BD8EE9809A0000E4B8ADE580BC000079
:1023C800E5BC80E78EAF0000E9809FE5BAA6000073
:1023D800E4BD8DE7BDAE00005741524E3A2064651A
:1023E800746563742D73617665206661696C6564D4
:1023F8002C2066616C6C6261636B2066756C6C2066
:10240800736176650A0000005741524E3A2066759E
:102418006C6C2073617665206661696C65640A007E
:1024280044657465637465643A20257320402025EB
:102438006C752062707300000006101600061016F6
:10244800000000000102030400000000000000007A
:1024580001020304060708090008024000100000F2
:1024680000080240000800000400000000000240CC
:1024780000100000000802400002000000000000F8
:102488000000024000800000000802400004000034
:10249800080000000004024010000000000C024088
:1024A800040000000C0000000001010024030020CB
:1024B800940200206C030020DC020020A423010801
:1024C800A8230108B8230108C0230108581D0108E2
:1024D8004C1D0108C8230108D0230108D82301088E
:1024E800C000000720030000FF070004AC0013072A
:1024F8003403000000C2010080250000009600009F
:1025080000E10000004B00000084030090D00300AD
:1025180001002E00494E4600696E66004E414E008D
:102528006E616E0030003031323334353637383929
:10253800414243444546003031323334353637382A
:1025480039616263646566004300504F534958001F
:10255800496E66696E697479004E614E0052454550
:102568004E54206D616C6C6F632073756363656591
:10257800646564002F646174612F6A656E6B696EAF
:10258800732F776F726B73706163652F474E552D8C
:10259800746F6F6C636861696E2F61726D2D313570
:1025A8002F7372632F6E65776C69622D6379677715
:1025B800696E2F6E65776C69622F6C6962632F7321
:1025C80074646C69622F64746F612E630042616C7D
:1025D8006C6F6320737563636565646564002F645D
:1025E8006174612F6A656E6B696E732F776F726B9A
:1025F80073706163652F474E552D746F6F6C6368F8
:1026080061696E2F61726D2D31352F7372632F6E74
:1026180065776C69622D63796777696E2F6E657768
:102628006C69622F6C6962632F7374646C69622FC2
:102638006764746F612D6765746865782E63002F11
:10264800646174612F6A656E6B696E732F776F7240
:102658006B73706163652F474E552D746F6F6C6394
:102668006861696E2F61726D2D31352F7372632F1A
:102678006E65776C69622D63796777696E2F6E6511
:10268800776C69622F6C6962632F7374646C69621A
:102698002F6D707265632E6300232D302B20006828
:1026A8006C4C00656667454647002C2066756E636E
:1026B80074696F6E3A2000617373657274696F6E26
:1026C8002022257322206661696C65643A20666958
:1026D8006C6520222573222C206C696E6520256488
:1026E800257325730A00000034000000CEFBFFFFAD
:1026F800CB030000010000000000000035000000CE
:10270800CEFBFFFFCB03000001000000000000002B
:10271800BC89D897B2D29C3C33A7A8D523F64939AF
:102728003DA7F444FD0FA5329D978CCF08BA5B25D1
:10273800436FAC6428066811002020202020202048
:102748002020282828282820202020202020202059
:102758002020202020202020208810101010101069
:1027680010101010101010101004040404040404B5
:10277800040404101010101010104141414141414F
:102788000101010101010101010101010101010131
:102798000101010110101010101042424242424241
:1027A8000202020202020202020202020202020201
:1027B80002020202101010102000000000000000A9
:1027C8000000000000000000000000000000000001
:1027D80000000000000000000000000000000000F1
:1027E80000000000000000000000000000000000E1
:1027F80000000000000000000000000000000000D1
:1028080000000000000000000000000000000000C0
:1028180000000000000000000000000000000000B0
:1028280000000000000000000000000000000000A0
:10283800000000000000000000000000050000008B
:10284800190000007D0000000080E03779C3414393
:10285800176E05B5B5B89346F5F93FE9034F384DFE
:10286800321D30F94877825A3CBF737FDD4F1575AA
:10287800000000000000F03F0000000000002440BD
:1028880000000000000059400000000000408F4098
:10289800000000000088C34000000000006AF84003
:1028A8000000000080842E4100000000D012634127
:1028B8000000000084D797410000000065CDCD419D
:1028C800000000205FA00242000000E8764837427E
:1028D800000000A2941A6D42000040E59C30A2421C
:1028E8000000901EC4BCD64200003426F56B0C4391
:1028F8000080E03779C3414300A0D8855734764338
:1029080000C84E676DC1AB43003D9160E458E14398
:10291800408CB5781DAF154450EFE2D6E41A4B440D
:1029280092D54D06CFF08044F64AE1C7022DB54452
:08293800B49DD9794378EA440B
:082940006018FF7F0100000098
:04294800B54D000881
:04294C008D4D0008A5
:1029500001000000100000000024F400000000004E
:1029600003000000687C002043000000000000001D
:102970000000000000000000000000000000000057
:102980000000000000000000430000000000000004
:102990000000000000000000000000000000000037
:1029A00000000000000000004300000000000000E4
:1029B0000000000000000000000000000000000017
:1029C00000000000000000004300000000000000C4
:1029D00000000000000000000000000000000000F7
:1029E00000000000000000004300000000000000A4
:1029F00000000000000000000000000000000000D7
:102A00000000000000000000430000000000000083
:102A100000000000000000000000000000000000B6
:102A20000000000000000000430000000000000063
:102A30000000000000000000000000000000000096
:102A40000000000000000000270401085DFA0008F3
:102A500000000000402701081A250108ED260108A2
:102A6000ED260108ED260108ED260108ED260108F6
:102A7000ED260108ED260108ED260108ED260108E6
:102A8000FFFFFFFFFFFFFFFFFFFFFFFFFFFF000054
:102A900001004153434949000000000000000000CC
:102AA0000000000000000000000000000000000026
:102AB00000004153434949000000000000000000AD
:102AC0000000000000000000000000000000000006
:102AD000000000008801002000000000687C002049
:102AE000D07C0020387D00200000000000000000A5
:102AF00000000000000000000000000000000000D6
:102B000000000000000000000000000000000000C5
:102B100000000000000000000000000000000000B5
:042B200000000000B1
:040000050800CAD154
:00000001FF
