:020000040800F2
:10400000000001208DF400083D5600083F560008CE
:104010004D5600085B560008695600080000000075
:1040200000000000000000000000000077560008BB
:1040300079560008000000007B5600087D560008F5
:10404000DDF40008DDF40008DDF40008DDF400080C
:10405000DDF40008DDF4000885560008DDF40008F2
:10406000DDF40008DDF40008DDF40008DDF40008EC
:10407000DDF40008DDF40008DDF40008DDF40008DC
:10408000DDF40008DDF40008DDF4000800000000A5
:10409000000000000000000000000000DDF4000847
:1040A0001D9A0008DDF40008DDF40008DDF40008C6
:1040B000DDF40008DDF40008DDF40008DDF400089C
:1040C000DDF40008DDF40008DDF40008DDF400088C
:1040D000DDF40008DDF4000891560008000000003F
:1040E000DDF40008DDF40008DDF400080000000045
:1040F000000000000000000000000000DDF40008E7
:1041000000000000DDF40008DDF40008DDF4000824
:10411000000000000000000000000000000000009F
:10412000DDF40008DDF40008DDF40008DDF400082B
:10413000DDF40008000000000000000000000000A6
:10414000000000000000000000000000DDF4000896
:10415000DDF4000825F40008DDF40008A15600088D
:10416000DDF40008DDF4000800000000000000009D
:10417000000000000000000000000000000000003F
:1041800000000000DDF40008000000000000000056
:04419000DDF4000852
:1041A00010F8012B11F8013B012A28BF9A42F7D0E1
:1041B000D01A70470000000000000000000000005E
:1041C00001F0FF01102A2BDB10F0070F08D010F8C8
:1041D000013B013A8B422DD010F0070F42B3F6D1CC
:1041E000F0B441EA012141EA014122F007047FF0E5
:1041F00000070023F0E80256083C85EA010586EA3C
:10420000010685FA47F5A3FA87F586FA47F6A5FA77
:1042100087F68EB9EED1F0BC01F0FF0102F0070283
:1042200032B110F8013B013A83EA010313B1F8D12E
:104230000020704701387047002D06BF354603380F
:10424000073815F0010F07D1013015F4807F02BF48
:10425000013015F4C03F0130F0BC0138704700BF99
:10426000034613F8012B002AFBD1181A01387047B6
:1042700081F0004102E000BF83F0004330B54FEA17
:1042800041044FEA430594EA050F08BF90EA020F84
:104290001FBF54EA000C55EA020C7FEA645C7FEA17
:1042A000655C00F0E2804FEA5454D4EB5555B8BF3A
:1042B0006D420CDD2C4480EA020281EA030382EAAB
:1042C000000083EA010180EA020281EA0303362D3D
:1042D00088BF30BD11F0004F4FEA01314FF4801C10
:1042E0004CEA113102D0404261EB410113F0004F22
:1042F0004FEA03334CEA133302D0524263EB4303D9
:1043000094EA050F00F0A780A4F10104D5F1200E76
:104310000DDB02FA0EFC22FA05F2801841F10001D1
:1043200003FA0EF2801843FA05F359410EE0A5F1A5
:1043300020050EF1200E012A03FA0EFC28BF4CF0D6
:10434000020C43FA05F3C01851EBE37101F000458C
:1043500007D54FF0000EDCF1000C7EEB00006EEB99
:104360000101B1F5801F1BD3B1F5001F0CD3490823
:104370005FEA30004FEA3C0C04F101044FEA44527A
:1043800012F5800F80F09A80BCF1004F08BF5FEA01
:10439000500C50F1000041EB045141EA050130BDE1
:1043A0005FEA4C0C404141EB0101013C28BFB1F5F3
:1043B000801FE9D291F0000F04BF01460020B1FA3E
:1043C00081F308BF2033A3F10B03B3F120020CDA11
:1043D0000C3208DD02F1140CC2F10C0201FA0CF0EF
:1043E00021FA02F10CE002F11402D8BFC2F1200C54
:1043F00001FA02F120FA0CFCDCBF41EA0C0190400A
:10440000E41AA2BF01EB0451294330BD6FEA040452
:104410001F3C1CDA0C340EDC04F11404C4F120023D
:1044200020FA04F001FA02F340EA030021FA04F34F
:1044300045EA030130BDC4F10C04C4F1200220FAA6
:1044400002F001FA04F340EA0300294630BD21FAE4
:1044500004F0294630BD94F0000F83F4801306BFAA
:1044600081F480110134013D4EE77FEA645C18BF9E
:104470007FEA655C29D094EA050F08BF90EA020F35
:1044800005D054EA000C04BF1946104630BD91EA2D
:10449000030F1EBF0021002030BD5FEA545C05D130
:1044A0004000494128BF41F0004130BD14F580046F
:1044B0003CBF01F5801130BD01F0004545F0FE41E3
:1044C00041F470014FF0000030BD7FEA645C1ABF18
:1044D000194610467FEA655C1CBF0B46024650EA4F
:1044E000013406BF52EA033591EA030F41F400217B
:1044F00030BD00BF90F0000F04BF0021704730B501
:104500004FF4806404F132044FF000054FF00001D5
:1045100050E700BF90F0000F04BF0021704730B596
:104520004FF4806404F1320410F0004548BF40426B
:104530004FF000013EE700BF42004FEAE2014FEAC0
:1045400031014FEA02701FBF12F07F4393F07F4F9B
:1045500081F06051704732F07F4208BF704793F09E
:104560007F4F04BF41F40021704730B54FF46074B1
:1045700001F0004521F000411CE700BF50EA0102B4
:1045800008BF704730B54FF000050AE050EA01025D
:1045900008BF704730B511F0004502D5404261EBCD
:1045A00041014FF4806404F132045FEA915C3FF40E
:1045B000D8AE4FF003025FEADC0C18BF03325FEAAB
:1045C000DC0C18BF033202EBDC02C2F1200300FA5C
:1045D00003FC20FA02F001FA03FE40EA0E0021FA81
:1045E00002F11444BDE600BF70B54FF0FF0C4CF46F
:1045F000E06C1CEA11541DBF1CEA135594EA0C0F21
:1046000095EA0C0F00F0DEF82C4481EA030621EA5B
:104610004C5123EA4C5350EA013518BF52EA033596
:1046200041F4801143F4801338D0A0FB02CE4FF048
:104630000005E1FB02E506F00042E0FB03E54FF078
:104640000006E1FB03569CF0000F18BF4EF0010E70
:10465000A4F1FF04B6F5007F64F5407404D25FEA6C
:104660004E0E6D4146EB060642EAC62141EA55511F
:104670004FEAC52040EA5E504FEACE2EB4F1FD0C61
:1046800088BFBCF5E06F1ED8BEF1004F08BF5FEADF
:10469000500E50F1000041EB045170BD06F0004691
:1046A00046EA010140EA020081EA0301B4EB5C043E
:1046B000C2BFD4EB0C0541EA045170BD41F4801136
:1046C0004FF0000E013C00F3AB8014F1360FDEBF5B
:1046D000002001F0004170BDC4F10004203C35DA37
:1046E0000C341BDC04F11404C4F1200500FA05F3BA
:1046F00020FA04F001FA05F240EA020001F000425B
:1047000021F0004110EBD37021FA04F642EB0601D0
:104710005EEA430E08BF20EAD37070BDC4F10C04FA
:10472000C4F1200500FA04F320FA05F001FA04F2BE
:1047300040EA020001F0004110EBD37041F10001AA
:104740005EEA430E08BF20EAD37070BDC4F12005B5
:1047500000FA05F24EEA020E20FA04F301FA05F21D
:1047600043EA020321FA04F001F0004121FA04F2C5
:1047700020EA020000EBD3705EEA430E08BF20EA95
:10478000D37070BD94F0000F0FD101F000464000CF
:1047900041EB010111F4801F08BF013CF7D041EA51
:1047A000060195F0000F18BF704703F00046520055
:1047B00043EB030313F4801F08BF013DF7D043EA26
:1047C0000603704794EA0C0F0CEA135518BF95EADC
:1047D0000C0F0CD050EA410618BF52EA4306D1D163
:1047E00081EA030101F000414FF0000070BD50EA82
:1047F000410606BF1046194652EA430619D094EA0C
:104800000C0F02D150EA013613D195EA0C0F05D1F5
:1048100052EA03361CBF104619460AD181EA030149
:1048200001F0004141F0FE4141F470014FF0000001
:1048300070BD41F0FE4141F4780170BD70B54FF09C
:10484000FF0C4CF4E06C1CEA11541DBF1CEA13551C
:1048500094EA0C0F95EA0C0F00F0A7F8A4EB0504FE
:1048600081EA030E52EA03354FEA013100F08880F5
:104870004FEA03334FF0805545EA131343EA1263BE
:104880004FEA022245EA111545EA10654FEA002673
:104890000EF000419D4208BF964244F1FD0404F52C
:1048A000407402D25B084FEA3202B61A65EB030588
:1048B0005B084FEA32024FF480104FF4002CB6EB45
:1048C000020E75EB030E22BFB61A754640EA0C00C5
:1048D0005B084FEA3202B6EB020E75EB030E22BF05
:1048E000B61A754640EA5C005B084FEA3202B6EB46
:1048F000020E75EB030E22BFB61A754640EA9C0005
:104900005B084FEA3202B6EB020E75EB030E22BFD4
:10491000B61A754640EADC0055EA060E18D04FEA92
:10492000051545EA16754FEA06164FEAC30343EA32
:1049300052734FEAC2025FEA1C1CC0D111F4801FFF
:104940000BD141EA00014FF000004FF0004CB6E7F8
:1049500011F4801F04BF01430020B4F1FD0C88BF97
:10496000BCF5E06F3FF6AFAEB5EB030C04BFB6EBA2
:10497000020C5FEA500C50F1000041EB045170BD95
:104980000EF0004E4EEA113114EB5C04C2BFD4EBC2
:104990000C0541EA045170BD41F480114FF0000E46
:1049A000013C90E645EA060E8DE60CEA135594EAC2
:1049B0000C0F08BF95EA0C0F3FF43BAF94EA0C0FC5
:1049C0000AD150EA01347FF434AF95EA0C0F7FF43A
:1049D00025AF104619462CE795EA0C0F06D152EA8E
:1049E00003353FF4FDAE1046194622E750EA410672
:1049F00018BF52EA43067FF4C5AE50EA41047FF483
:104A00000DAF52EA43057FF4EBAE12E74FF0FF3CE7
:104A100006E000BF4FF0010C02E000BF4FF0010CB8
:104A20004DF804CD4FEA410C7FEA6C5C4FEA430C31
:104A300018BF7FEA6C5C1BD001B050EA410C0CBF80
:104A400052EA430C91EA030F02BF90EA020F0020E2
:104A5000704710F1000F91EA030F58BF994208BF49
:104A600090422CBFD8176FEAE37040F00100704706
:104A70004FEA410C7FEA6C5C02D150EA013C07D15D
:104A80004FEA430C7FEA6C5CD6D152EA033CD3D0A8
:104A90005DF8040B704700BF8446104662468C46A2
:104AA0001946634600E000BF01B5FFF7B7FF0028D5
:104AB00048BF10F1000F01BD4DF808EDFFF7F4FFFE
:104AC0000CBF012000205DF808FB00BF4DF808ED89
:104AD000FFF7EAFF34BF012000205DF808FB00BFAC
:104AE0004DF808EDFFF7E0FF94BF012000205DF8CE
:104AF00008FB00BF4DF808EDFFF7CEFF94BF012083
:104B000000205DF808FB00BF4DF808EDFFF7C4FF7B
:104B100034BF012000205DF808FB00BF4FEA410CC4
:104B20007FEA6C5C02D150EA013C0AD14FEA430CA7
:104B30007FEA6C5C02D152EA033C02D14FF00000E4
:104B400070474FF0010070474FEA410212F5001222
:104B500015D211D56FF47873B3EB625212D94FEAC4
:104B6000C12343F0004343EA505311F0004F23FAAE
:104B700002F018BF404270474FF00000704750EA03
:104B8000013005D111F0004008BF6FF000407047C0
:104B90004FF00000704700BF4A0011D212F500121A
:104BA00011D20DD56FF47873B3EB62520ED44FEA85
:104BB000C12343F0004343EA505323FA02F0704705
:104BC0004FF00000704750EA013002D14FF0FF3043
:104BD00070474FF0000070474FEA4102B2F1E043E6
:104BE00024BFB3F5001CDCF1FE5C0DD901F0004CD4
:104BF0004FEAC0024CEA5070B2F1004F40EB830024
:104C000008BF20F00100704711F0804F21D113F14F
:104C10003872BCBF01F00040704741F480114FEA88
:104C20005252C2F11802C2F1200C10FA0CF320FA11
:104C300002F018BF40F001004FEAC1234FEAD3232E
:104C400003FA0CFC40EA0C0023FA02F34FEA430398
:104C5000CCE77FEA625307D150EA01331EBF4FF021
:104C6000FE4040F44000704701F0004040F0FE403C
:104C700040F40000704700BF7BB972B90029BEBF85
:104C800000204FF0004106E008BF00281CBF6FF075
:104C900000414FF0FF3000F057B8ADF1080C6DE95E
:104CA00004CE002909DB002B1ADB0FF003FDDDF831
:104CB00004E0DDE9022304B07047404261EB4101AA
:104CC000002B1BDB0FF0F6FCDDF804E0DDE902232E
:104CD00004B0404261EB4101524263EB4303704731
:104CE000524263EB43030FF0E5FCDDF804E0DDE93D
:104CF000022304B0404261EB41017047524263EB32
:104D000043030FF0D7FCDDF804E0DDE9022304B033
:104D1000524263EB4303704753B94AB9002908BFB5
:104D200000281CBF4FF0FF314FF0FF3000F00CB8EF
:104D3000ADF1080C6DE904CE0FF0BCFCDDF804E029
:104D4000DDE9022304B07047704700BF0348044BFD
:104D5000834202D0034B03B118477047DC010020A7
:104D6000DC010020000000000548064B1B1AD90F8B
:104D700001EBA301491002D0034B03B11847704760
:104D8000DC010020DC0100200000000010B5064C12
:104D9000237843B9FFF7DAFF044B13B10448AFF3AC
:104DA00000800123237010BDDC0100200000000002
:104DB000D449010808B5054B1BB105490548AFF3B7
:104DC0000080BDE80840FFF7CFBF00BF0000000033
:104DD000E0010020D44901082DE9F04F8BB005AD6A
:104DE0000024059406940794089409940094524B67
:104DF0001A6B42F080021A631A6B02F08002009272
:104E0000009A01941A6B42F004021A631A6B02F0C2
:104E100004020192019A02941A6B42F001021A6391
:104E20001A6B02F001020292029A03941A6B42F08A
:104E300008021A631A6B02F008020392039A0494A0
:104E40001A6B42F002021A631B6B03F00203049315
:104E5000049B3A4F224649F21001384602F086F888
:104E6000DFF8DC80224643F62061404602F07EF8FF
:104E7000DFF8D0B022460421584602F077F8DFF878
:104E8000C8A022461021504602F070F8012605966F
:104E90004FF40413069307942946404601F0EEFEB2
:104EA00049F210030593069607940894294638465C
:104EB00001F0E4FE082305934FF00209CDF81890A5
:104EC000079403230893072309932946384601F0E2
:104ED000D5FE43F620630593069607940894294669
:104EE000404601F0CBFE4FF00408CDF81480069642
:104EF000079408942946584601F0C0FE10230593F4
:104F00000696079408942946504601F0B7FE2246BB
:104F10000521062002F02AFB062002F037FBCDF81F
:104F200014800694CDF81C9008942946384601F068
:104F3000A5FE0BB0BDE8F08F003802400000024033
:104F400000080240000C0240000402400268194BB5
:104F50009A422DD070470133032BFBDC164A52F8DE
:104F60002310013142F8231052F82310134A1A4437
:104F7000127F914206D3104A002142F82310104AB2
:104F80000121D1540F4A52F82310013142F8231065
:104F900052F82310094A1A4492F86A209142DAD34F
:104FA000084A002142F82310074A0121D154D2E7D0
:104FB0000023D1E70040014084080020740700204E
:104FC00080080020700800206C08002000B583B025
:104FD00072B61021064801F0CFFF00230193019A19
:104FE000044B9A42F5D8019B01330193F7E700BFC8
:104FF000000002407F841E0008B50A480A4B036087
:105000000A4B436000238360C3604FF48042026117
:1050100043618361C361036200F0B0FF00B908BD62
:10502000FFF7D4FF0404002000540040A0860100D4
:1050300010B592B000241094119409940A940B9422
:105040000C940D940E940F942022214601A80BF08D
:10505000D6FE2C482C4B03600323436084604FF43E
:105060007A73C36004614461846102F00BFD00281F
:105070003AD11090119010A9224802F01DFF00288B
:1050800034D16023099302460A900B900C900D9046
:105090000E900F9009A91B4802F0B0FD40BB0422FE
:1050A00009A9184802F0AAFD20BB082209A9154841
:1050B00002F0A4FD00BB0C2209A9124802F09EFDDB
:1050C000E0B9019002900390049005904FF40052D3
:1050D0000692089001A90B4802F02CFF80B90948FC
:1050E00000F028FC12B010BDFFF770FFFFF76EFF55
:1050F000FFF76CFFFFF76AFFFFF768FFFFF766FF38
:10510000FFF764FFBC0300200000014010B58CB025
:1051100003AC2422002120460BF071FE00230193F2
:10512000029312484FF080420260436083604FF068
:10513000FF32C2600361836103230393012205925E
:105140000423079309920B93214602F0C7FC40B950
:105150000190029001A9054802F0AEFE18B90CB00A
:1051600010BDFFF733FFFFF731FF00BF74030020CE
:1051700010B58CB003AC2422002120460BF03FFE7A
:105180000023019302931148114A02604360836037
:105190004FF6FF72C2600361836103230393012210
:1051A00005920423079309920B93214602F096FC83
:1051B00040B90190029001A9044802F07DFE18B99F
:1051C0000CB010BDFFF702FFFFF700FF2C0300201B
:1051D0000004004010B58CB003AC2422002120460E
:1051E0000BF00DFE0023019302931148114A026057
:1051F000436083604FF6FF72C260036183610323E3
:105200000393012205920423079309920B932146ED
:1052100002F064FC40B90190029001A9044802F038
:105220004BFE18B90CB010BDFFF7D0FEFFF7CEFE55
:10523000E40200200008004010B58CB003AC24222A
:10524000002120460BF0DBFD00230193029311485F
:10525000114A0260436083604FF0FF32C260036115
:105260008361032303930122059204230793099288
:105270000B93214602F032FC40B90190029001A943
:10528000044802F019FE18B90CB010BDFFF79EFEDD
:10529000FFF79CFE9C020020000C004008B50A4865
:1052A0000A4B03604FF4E133436000238360C36023
:1052B0000361042242618361C36102F09DFF00B972
:1052C00008BDFFF783FE00BF5402002000440040E9
:1052D00008B50948094B0360094B4360002383600C
:1052E000C36003610C2242618361C36102F084FFE9
:1052F00000B908BDFFF76AFE0C020020001401404F
:1053000080841E0010B594B03022002108A80BF054
:1053100076FD00230393049305930693079301936B
:105320003A4A116C41F080511164116C01F08051C6
:1053300001910199029336490B6823F4404343F4E9
:1053400000430B600B6803F440430293029B936895
:1053500003F00C03082B42D0012308934FF4803351
:10536000099302230E934FF480030F9308231093A5
:105370004FF4A8731193042312930723139308A8DF
:1053800001F038F9E0B1234B4FF001021A7008AC7C
:105390003022002120460BF032FD02220892012328
:1053A0000B9310230C930E9210934FF4A873119348
:1053B0000423129307231393204601F01BF908BB23
:1053C0000F2303930221049105904FF4805206921B
:1053D000079003A801F07CFBB0B914B010BD93682E
:1053E00023F00303936002F039F90446074B9B68EE
:1053F00013F00C0FB0D002F031F9001B6428F5D97E
:10540000FFF7E4FDFFF7E2FDFFF7E0FD00380240A3
:1054100000700040FC01002008B502F0F9F84A4B8A
:105420004A4A9A60BFF34F8FBFF36F8F62B6FFF7A0
:1054300069FF4748474B0360042343604FF4FA7306
:10544000836003F079FA08B1FFF7C0FD424A936820
:1054500043F480539360FFF7BFFCFFF7CDFDFFF7E8
:10546000E7FDFFF753FEFFF783FEFFF7B3FEFFF7FD
:10547000E3FEFFF713FFFFF72BFF08F0DDFF09F056
:1054800039FC364B1B7833BB04F022F903F092FA57
:1054900003F0B6FC03F03CFE04F058FA07F0C8FA3B
:1054A00008F046F908F03CFE09212D4809F0C2FF3A
:1054B0002C4B1B7813F0010F14D12B4B5B7C03F0AA
:1054C0000F03012B16D0032009F02EFC09212748D9
:1054D00009F0B0FF26E0642309222549254802F09F
:1054E000BBFED1E72A21244809F0A4FF0A2009F0D5
:1054F0001BFCEBE7022009F017FCE7E70A2009F0A4
:1055000013FC17E004F0F4FA04F020FB18E030BFBD
:1055100002F0A4F8194B1B689842F8D002F09EF8EC
:10552000164B18600A4803F035FA0E4B1B7813F03F
:10553000010FE3D109F018FC09F0D6FB0028E1D0F7
:1055400009F03EFAE4E700BF00ED00E0004000088B
:105550000002002000300040002004E0FC01002098
:105560001C4A01087007002074070020544A0108F3
:10557000104A01080C020020284A0108F801002006
:10558000104B114A1A6058604FF0E022D2F8281DE3
:105590009960D2F82C1DD960D2F8341D1961D2F867
:1055A000382D5A61734613F0040F07D0EFF30982C8
:1055B0009169044B99615269DA617047EFF308828F
:1055C000F6E700BFE87E0020FAADDE0030B585B01A
:1055D000054672B626E0019B01330193019A144BF4
:1055E0009A42F8D901221021124801F0BFFC002391
:1055F000029302E0029B01330293029A0C4B9A42FF
:10560000F8D90134AC4207DA00221021094801F030
:10561000ADFC00230193E1E700230393039A064BBB
:105620009A4201D90024EDE7039B01330393F5E788
:105630003F0D0300000002407F841E00FEE708B516
:105640000020FFF79DFF0120FFF7C0FF08B50120F4
:10565000FFF796FF0220FFF7B9FF08B50220FFF71A
:105660008FFF0320FFF7B2FF08B50320FFF788FF85
:105670000420FFF7ABFF70477047704708B501F093
:10568000E1FF08BD08B5012001F080FC08BD000065
:1056900008B5024802F03AFF08BD00BF54020020DE
:1056A00008B5024802F032FF08BD00BF0C0200201E
:1056B00082B0002100910B4B5A6C42F480425A6434
:1056C0005A6C02F480420092009A01911A6C42F0E6
:1056D00080521A641B6C03F080530193019B02B04B
:1056E000704700BF0038024030B589B000230393F3
:1056F00004930593069307930268144B9A4201D0D2
:1057000009B030BD00250195114C236B43F0020315
:105710002363236B03F002030193019B4FF4407357
:10572000039312230493032306930423079303A9EB
:10573000084801F0A3FA0295236C43F40013236494
:10574000236C03F400130293029BD9E7005400403A
:10575000003802400004024008B50268094B9A4232
:1057600000D008BD084A136C23F4001313644FF4EF
:105770008071064801F072FB4FF40071034801F09C
:105780006DFBEEE700540040003802400004024088
:105790000268094B9A4200D0704782B000230193FF
:1057A000064B5A6C42F001025A645B6C03F0010331
:1057B0000193019B02B07047000001400038024095
:1057C00070B58EB0002309930A930B930C930D933D
:1057D0000368B3F1804F0AD0504A93423DD0504AFB
:1057E00093425AD04F4A934277D00EB070BD0024F6
:1057F000009403F50E331A6C42F001021A641A6C1D
:1058000002F001020092009A01941A6B42F0010228
:105810001A631A6B02F001020192019A02941A6B48
:1058200042F002021A631B6B03F002030293029B15
:105830002023099302250A9501260D9609A93A48C5
:1058400001F01CFA082309930A950B940C940D9609
:1058500009A9364801F012FAC7E700210391344B39
:105860001A6C42F002021A641A6C02F002020392ED
:10587000039A04911A6B42F001021A631B6B03F046
:1058800001030493049BC023099302230A930D93FD
:1058900009A9254801F0F2F9A7E700210591244B59
:1058A0001A6C42F004021A641A6C02F004020592A7
:1058B000059A06911A6B42F002021A631B6B03F001
:1058C00002030693069BC023099302230A930D93B8
:1058D00009A9164801F0D2F987E700210791144B76
:1058E0001A6C42F008021A641A6C02F0080207925D
:1058F000079A08911A6B42F001021A631B6B03F0BE
:1059000001030893089B0323099302230A930D9331
:1059100009A9054801F0B2F967E700BF000400409B
:1059200000080040000C004000000240000402405B
:105930000038024000B587B000230193029303931F
:105940000493059302680E4B9A4201D007B000BD44
:10595000002300930B4B1A6B42F001021A631B6B7E
:1059600003F001030093009B4FF470630193022343
:1059700002930123059301A9034801F07FF9E5E7AC
:1059800000000140003802400000024010B58AB01B
:10599000044600230593069307930893099302682E
:1059A000354B9A4205D02268344B9A422DD00AB02A
:1059B00010BD0021019103F5FA331A6C42F4003254
:1059C0001A641A6C02F400320192019A02911A6B65
:1059D00042F001021A631B6B03F001030293029B66
:1059E00008230593022306930323089307230993AF
:1059F00005A9234801F042F900220521262001F0E3
:105A0000B5FD262001F0C2FDCDE70024039403F587
:105A100092335A6C42F020025A645A6C02F020020F
:105A20000392039A5A6A42F020025A625A6A22F09A
:105A300020025A6204941A6B42F004021A631B6B30
:105A400003F004030493049BC023059302230693ED
:105A500001230793032308930823099305A9094801
:105A600001F00CF922460521472001F07FFD472077
:105A700001F08CFD9BE700BF004400400014014092
:105A8000000002400008024003685A6912F4806F67
:105A900001D1002070476FF480625A6100230363D4
:105AA000202280F83D2080F83E30026C42F0040253
:105AB000026480F83C30012070472DE9F041064631
:105AC0000C46174698463BE001F0C8FD069BC01AFD
:105AD000404502D8B8F1000F32D1012D18D03368FB
:105AE0009B6924EA03039BB2B3FA83F35B099F42E9
:105AF00026D100233363202286F83D2086F83E30ED
:105B0000326C42F02002326486F83C30012027E0FB
:105B100033685B6924EA03039BB2B3FA83F35B093E
:105B2000E5E733685B6924EA030C1FFA8CFCBCFAD6
:105B30008CFC4FEA5C1C674511D1B8F1FF3FC3D123
:105B4000C4F30745012DECD033689B6924EA030CAC
:105B50001FFA8CFCBCFA8CFC4FEA5C1CEBE70020C3
:105B6000BDE8F0812DE9F04104460D461746984600
:105B700052E01A6842F400721A6023686FF480627F
:105B80005A6100232363202284F83D2084F83E30AC
:105B9000226C42F00402226484F83C30012049E087
:105BA00001F05CFD4346C01AB84201D8002F33D142
:105BB000012E17D023689B6925EA03039BB2003BA3
:105BC00018BF012343B300232363202284F83D2020
:105BD00084F83E30226C42F02002226484F83C308B
:105BE000012027E023685B6925EA03039BB2003BA1
:105BF00018BF0123E6E723689B6925EA03039BB2EC
:105C0000003B18BF0123A3B123685A6912F4806FC7
:105C1000AFD1B7F1FF3FC3D1C5F30746012EEAD19B
:105C200023685B6925EA03039BB2003B18BF01238D
:105C3000E9E71846BDE8F08170B504460D46164602
:105C400023685B6913F0800F21D12046FFF71CFF0A
:105C5000F8B9B5F1FF3FF3D001F000FD801BA84279
:105C600001D8002DECD123685B6913F0800FE7D1D8
:105C700000232363202284F83D2084F83E30226CE8
:105C800042F02002226484F83C30012000E0002031
:105C900070BD0120FCE70000F0B585B004460D465C
:105CA00016461F460368196841F4807119600B9B02
:105CB00000930A9B00224FF00111FFF7FEFE60B92E
:105CC000226805F0FE0313610B9B0A9A23492046C4
:105CD000FFF748FF60B1012008E023681B6813F458
:105CE000807F02D04FF400732364032005B0F0BD21
:105CF000039023685A6903929B690393039B0B9A51
:105D00000A992046FFF798FF28B9012F0ED1236882
:105D1000F2B21A61EAE7236C042B01D00120E5E717
:105D20002268136843F400731360F7E7330A2268AC
:105D300013610B9A0A992046FFF77EFF18B9226873
:105D4000F3B21361D2E7236C042B01D00120CDE71D
:105D50002268136843F400731360F7E70200010040
:105D6000F0B585B004460D4616461F460268136816
:105D700043F4806313600268136843F48073136014
:105D80000B9B00930A9B00224FF00111FFF795FE39
:105D900060B9236805F0FE021A610B9B0A9A40491C
:105DA0002046FFF7DFFE60B1012008E023681B6892
:105DB00013F4807F02D04FF400732364032005B0F6
:105DC000F0BD039023685A6903929B690393039B78
:105DD0000B9A0A992046FFF72FFF80B9012F19D19E
:105DE0002368F2B21A610B9A0A992046FFF724FF42
:105DF00000282DD0236C042B24D00120DFE7236C56
:105E0000042B01D00120DAE72268136843F4007301
:105E10001360F7E7330A226813610B9A0A99204648
:105E2000FFF70AFF18B92268F3B21361DBE7236CAE
:105E3000042B01D00120C2E72268136843F40073E9
:105E40001360F7E72268136843F400731360D4E724
:105E50002268136843F4807313600B9B00930A9BC2
:105E600002464FF001112046FFF727FE70B9226865
:105E700045F00103DBB213610B9B0A9A08492046E7
:105E8000FFF770FE00289AD0012098E723681B686E
:105E900013F4807F02D04FF40073236403208EE755
:105EA0000200010070B504460D46164623685B6982
:105EB00013F0040F21D12046FFF7E6FDF8B9B5F144
:105EC000FF3FF3D001F0CAFB801BA84201D8002D90
:105ED000ECD123685B6913F0040FE7D1002323633F
:105EE000202284F83D2084F83E30226C42F02002CB
:105EF000226484F83C30012000E0002070BD0120C5
:105F0000FCE770B504460D46164614E06FF010022B
:105F10005A6100232363202284F83D2084F83E3018
:105F2000226C226484F83C30012025E023685B6900
:105F300013F0400F10D02368586910F0400F1AD1A9
:105F4000586910F0100FE1D101F088FB801BA842C6
:105F5000ECD8002DEFD1E9E700232363202284F859
:105F60003D2084F83E30226C42F02002226484F806
:105F70003C30012000E0002070BD0000002800F04F
:105F8000DA8038B5044690F83D30002B51D02423F8
:105F900084F83D302268136823F0010313602268FF
:105FA000136843F4004313602268136823F400432A
:105FB000136000F043FE6268614B9A423ED8614B29
:105FC00098428CBF00230123002B40F0B6805E492D
:105FD000A1FB00318B0CD4F800C0DCF8042022F0C7
:105FE0003F0242EA9142CCF8042021680A6A22F07A
:105FF0003F02DFF84CC16568654525D8013313437E
:106000000B622168CA6922F44F4222F0FF02D4F8E1
:1060100004C04B4B9C4522D8431E4FEA4C0CB3FBAB
:10602000FCF3013340F6FC70034254D0C3F30B037E
:1060300052E080F83C30FFF757FBA8E7434B98420B
:106040008CBF00230123BFE74FF4967C0CFB03F3C6
:10605000DFF8FCC0ACFB03C39B090133CFE7D4F8E6
:1060600008E0BEF1000F1AD1431E0CEB4C05B3FB48
:10607000F5F30133C3F30B03B3FA83F35B09002B8E
:1060800057D1BEF1000F19D1431E0CEB4C0CB3FBE2
:10609000FCF30133C3F30B0343F400431CE00CEBAC
:1060A0008C0303EB83031D46431EB3FBF5F301335F
:1060B000C3F30B03B3FA83F35B09E0E7431E0CEB76
:1060C0008C0C0CEB8C0CB3FBFCF30133C3F30B0314
:1060D00043F4404300E004231A43CA6121680B687B
:1060E00023F0C003E269206A024313430B60216876
:1060F0008B6823F4034323F0FF032269E068024323
:1061000013438B602168CB6823F0FF036269A069A9
:1061100002431343CB602268136843F0010313600A
:1061200000202064202384F83D30206384F83E0062
:1061300038BD0123D0E7012070470120F8E700BFF8
:10614000A08601007F841E0083DE1B43FF083D0004
:10615000D34D6210A8B110B50446242380F83D3019
:106160000268136823F001031360FFF7F5FA0020BB
:10617000206484F83D00206384F83E0084F83C00ED
:1061800010BD0120704700002DE9F04182B00446A7
:106190000E461746984601F061FA94F83D20202AF1
:1061A00003D0022002B0BDE8F0810546009019231B
:1061B00001224C492046FFF780FC002840F08B80EC
:1061C00094F83C30012B00F08880012384F83C30A7
:1061D00023681A6812F0010F03D11A6842F0010215
:1061E0001A602268136823F400631360212384F883
:1061F0003D30402384F83E3000232364089B6362D3
:10620000BDF824306385638D2385374BE3620195A8
:106210000A9B009343463A4631462046FFF73CFD31
:1062200000285CD1238D002B36D02A460A992046BF
:10623000FFF702FD002824D1626A236812781A61F0
:10624000626A531C6362218D013989B22185638D95
:106250009BB2013B9BB263852368586910F0040F21
:10626000E0D00029DED052781A61636A013363629C
:10627000238D013B2385638D9BB2013B9BB26385DC
:10628000D0E7236C042B01D001208BE72268136830
:1062900043F400731360F7E72A460A992046FFF794
:1062A00001FE50B1236C042B01D001207AE7226853
:1062B000136843F400731360F7E72268136843F42C
:1062C00000731360202384F83D30002384F83E30AF
:1062D00084F83C3066E7022064E7022062E7012090
:1062E00060E700BF020010000000FFFF2DE9F0434F
:1062F00087B004460F4690469946109E01F0AEF9CD
:1063000094F83D20202A05D002231F46384607B0C6
:10631000BDE8F083054600901923012288492046F4
:10632000FFF7CBFB002840F04D8194F83C30012B67
:1063300000F04B81012384F83C3023681A6812F086
:10634000010F03D11A6842F001021A602268136833
:1063500023F400631360222384F83D30402384F843
:106360003E30002323640E9B6362BDF83C3063859E
:10637000638D2385734BE362019500964B4642463D
:1063800039462046FFF7ECFC0746002840F0208104
:10639000238D5BB9029323685A6902929A6902922B
:1063A000029A1A6842F400721A6075E0012B0AD052
:1063B000022B1AD00023059323685A6905929B6922
:1063C0000593059B68E02268136823F480631360DB
:1063D0000023039323685A6903929A690392039AEC
:1063E0001A6842F400721A6056E02268136823F4B7
:1063F000806313602268136843F400631360002312
:10640000049323685A6904929B690493049B43E0B4
:106410002A4631462046FFF774FD002840F0DB8015
:1064200023681A69636A1A70636A01336362238D91
:10643000013B2385638D9BB2013B9BB263852BE0BF
:1064400000953346002240492046FFF736FB0028DE
:1064500040F0C4802268136843F40073136023681B
:106460001A69636A1A70626A531C6362238D013B66
:106470002385638D9BB2013B9BB2638523681B69B7
:106480005370636A01336362238D013B2385638DFF
:106490009BB2013B9BB26385238D002B00F089806A
:1064A000032B53D8012BB3D0022BC9D00095334610
:1064B000002225492046FFF700FB002840F091808C
:1064C0002268136823F48063136023681A69636A7F
:1064D0001A70636A01336362238D013B2385638DE8
:1064E0009BB2013B9BB26385009533460246164939
:1064F0002046FFF7E2FA002876D12268136843F4B9
:106500000073136023681A69636A1A70626A531C05
:106510006362238D013B2385638D9BB2013B9BB25C
:10652000638523681B695370636A01336362238D3B
:10653000013B2385638D9BB2013B9BB26385ABE737
:10654000020010000000FFFF040001002A4631464F
:106550002046FFF7D6FC002849D123681A69636AF0
:106560001A70636A01336362228D013A92B2228506
:10657000638D9BB2013B9BB263852368596911F01F
:10658000040F89D0032A0FD023681A69636A1A702E
:10659000636A01336362238D013B2385638D9BB264
:1065A000013B9BB2638577E71A6822F480621A6028
:1065B000EAE7202384F83D30002384F83E3084F855
:1065C0003C30A3E602231F46A0E602231F469DE6B9
:1065D00001231F469AE601231F4697E601231F4623
:1065E00094E601231F4691E601231F468EE6012310
:1065F0001F468BE6002800F0E48170B582B00446A7
:10660000036813F0010F3CD09C4B9B6803F00C0314
:10661000042B2DD0994B9B6803F00C03082B22D040
:106620006368B3F5803F50D0B3F5A02F53D0934BA0
:106630001A6822F480321A601A6822F480221A60E2
:106640006368002B51D001F009F805468B4B1B689D
:1066500013F4003F15D101F001F8401BB0F57A7F2B
:10666000F4D90320B4E1854B5B6813F4800FD7D0D5
:10667000824B1B6813F4003F03D06368002B00F0CB
:10668000A281236813F0020F55D07C4B9B6813F056
:106690000C0F3FD0794B9B6803F00C03082B34D0D0
:1066A000E368002B69D0764B01221A6000F0D6FF18
:1066B0000546724B1B6813F0020F55D100F0CEFF58
:1066C000401B0228F5D9032082E16C4A136843F489
:1066D00080331360B4E7694B1A6842F480221A6071
:1066E0001A6842F480321A60AAE700F0B7FF054644
:1066F000624B1B6813F4003FC3D000F0AFFF401B98
:10670000B0F57A7FF4D9032062E15C4B5B6813F447
:10671000800FC5D1594B1B6813F0020F03D0E368FB
:10672000012B40F05281554A136823F0F803216988
:1067300043EAC1031360236813F0080F42D0636972
:106740006BB34F4B0122C3F8802E00F087FF054644
:106750004A4B5B6F13F0020F34D100F07FFF401BF8
:106760000228F5D9032033E1444A136823F0F803E3
:10677000216943EAC1031360DDE7414B00221A603F
:1067800000F06CFF05463D4B1B6813F0020FD2D0A2
:1067900000F064FF401B0228F5D9032018E1384BB4
:1067A0000022C3F8802E00F059FF0546334B5B6F83
:1067B00013F0020F06D000F051FF401B0228F5D95C
:1067C000032005E1236813F0040F79D02B4B1B6CD9
:1067D00013F0805F34D100230193284B1A6C42F0F0
:1067E00080521A641B6C03F080530193019B0123B8
:1067F0001E46244B1B6813F4807F24D0A368012B12
:1068000035D0052B40D01D4B1A6F22F001021A67BC
:106810001A6F22F004021A67A368002B3ED000F022
:106820001DFF0546154B1B6F13F0020F47D100F0FB
:1068300015FF401B41F288339842F3D90320C7E08B
:1068400000231E46D5E70F4A136843F48073136094
:1068500000F004FF05460B4B1B6813F4807FCDD17D
:1068600000F0FCFE401B0228F5D90320B0E0034AEB
:10687000136F43F001031367CEE700BF00380240F7
:106880000000474200700040584B1A6F42F004026B
:106890001A671A6F42F001021A67BDE700F0DEFEC8
:1068A0000546524B1B6F13F0020F08D000F0D6FEC6
:1068B000401B41F288339842F3D9032088E0EEB9B7
:1068C000A369002B00F08380484A926802F00C0212
:1068D000082A51D0022B17D0454B00221A6600F02F
:1068E000BDFE0446414B1B6813F0007F42D000F010
:1068F000B5FE001B0228F5D9032069E03B4A136C62
:1069000023F080531364DBE7394B00221A6600F052
:10691000A5FE0546354B1B6813F0007F06D000F03E
:106920009DFE401B0228F5D9032051E0E369226A4D
:106930001343626A43EA8213A26A5208013A43EAA5
:106940000243E26A43EA0263284A5360284B012269
:106950001A6600F083FE0446244B1B6813F0007F88
:1069600006D100F07BFE001B0228F5D903202FE0A2
:1069700000202DE000202BE0012B2BD01B4B5B686F
:1069800003F48001E269914226D103F03F02216ABB
:106990008A4223D1616A47F6C0721A40B2EB811F66
:1069A0001ED103F44031A26A5208013AB1EB024F02
:1069B00018D103F07063E26AB3EB026F14D10020C8
:1069C00006E001207047012002E0012000E01846A7
:1069D00002B070BD0120FBE70120F9E70120F7E7D5
:1069E0000120F5E70120F3E70120F1E7003802403C
:1069F0000000474208B5334B9B6803F00C03042B9F
:106A00005BD0082B5BD12F4B5A6802F03F025B68CA
:106A100013F4800F2CD02B4B5868C0F388104FEA2A
:106A2000401CBCEB000C6EEB0E0E4FEA8E1343EADB
:106A30009C634FEA8C11B1EB0C0163EB0E03DB009E
:106A400043EA5173C90011EB000C43F100035902F2
:106A500000234FEA4C2041EADC51FEF75DF9194B67
:106A60005B68C3F3014301335B00B0FBF3F008BD87
:106A7000144B5868C0F388104FEA401CBCEB000C64
:106A80006EEB0E0E4FEA8E1343EA9C634FEA8C11B5
:106A9000B1EB0C0163EB0E03DB0043EA5173C90059
:106AA00011EB000C43F10003990200234FEA8C2004
:106AB00041EA9C51FEF730F9D1E70348D7E7034894
:106AC000D5E700BF0038024000127A000024F4002D
:106AD000002800F09B8070B50D4604464F4B1B68A4
:106AE00003F007038B4208D2CBB24C4A13701368F1
:106AF00003F007038B4240F08B80236813F0020FF2
:106B000017D013F0040F04D0454A936843F4E053C0
:106B10009360236813F0080F04D0414A936843F44C
:106B2000604393603E4A936823F0F003A1680B43EF
:106B30009360236813F0010F32D06368012B21D0DA
:106B40009A1E012A25D9364A126812F0020F61D026
:106B500033498A6822F0030213438B6000F07EFD04
:106B600006462F4B9B6803F00C036268B3EB820F61
:106B700016D000F073FD801B41F288339842F0D9A3
:106B8000032042E0264A126812F4003FE0D10120BF
:106B90003BE0234A126812F0007FD9D1012034E093
:106BA0001E4B1B6803F00703AB4207D9EAB21B4B2D
:106BB0001A701B6803F00703AB422DD1236813F052
:106BC000040F06D0164A936823F4E053E1680B43A0
:106BD0009360236813F0080F07D0114A936823F4D9
:106BE0006043216943EAC1039360FFF703FF0C4B45
:106BF0009B68C3F303130B4AD35CD8400A4B18605D
:106C00000A4B186800F0DEFC002070BD01207047C0
:106C10000120FAE70120F8E70120F6E7003C0240F6
:106C200000380240746601080800002004000020BB
:106C3000014B1868704700BF0800002008B5FFF737
:106C4000F7FF044B9B68C3F38223034AD35CD8400D
:106C500008BD00BF003802406C66010808B5FFF7A8
:106C6000E7FF044B9B68C3F34233034AD35CD8402D
:106C700008BD00BF003802406C66010870B582B0E4
:106C80008E46002369E085684FEA430C032101FA30
:106C90000CF125EA0105DEF80C1001FA0CF129438C
:106CA0008160416821EA0201DEF80420C2F300128B
:106CB0009A400A43426064E0D908083150F8212024
:106CC00003F00705AD004FF00F0C0CFA05FC22EAAB
:106CD0000C0CDEF81020AA4042EA0C0240F82120F9
:106CE00066E0042200E0002202FA0CF22A4302319C
:106CF000564D45F82120564A9168E24321EA0405A1
:106D0000DEF8046016F4801F01D044EA0105504902
:106D10008D60C96802EA0105DEF8046016F4001F00
:106D200001D044EA01054A49CD60496802EA0105FB
:106D3000DEF8046016F4003F01D044EA010544493E
:106D40004D6009680A40DEF8045015F4803F01D018
:106D500044EA01023E490A6001330F2B74D8012234
:106D60009A40DEF8001001EA020432EA0101F3D190
:106D7000DEF8041001F0030C0CF1FF3CBCF1010F34
:106D800081D9DEF8042002F00302032A0AD0C16888
:106D90005D000322AA4021EA0201DEF80820AA4091
:106DA0000A43C260DEF8042002F00302022A83D004
:106DB00001684FEA430C032202FA0CF221EA0201B5
:106DC000DEF8042002F0030202FA0CF20A43026029
:106DD000DEF8042012F4403FBED0002201921D4A8A
:106DE000516C41F480415164526C02F48042019232
:106DF000019A99088D1C154A52F8255003F0030C8E
:106E00004FEA8C0C0F2202FA0CF225EA0205124A14
:106E100090423FF468AF02F5806290420ED002F5D6
:106E2000806290420CD002F5806290420AD002F556
:106E3000806290423FF455AF072255E7012253E7A5
:106E4000022251E703224FE702B070BD0038014033
:106E5000003C0140003802400000024000230F2B9C
:106E60007CD8F0B52DE0042500E0002505FA0CF5EE
:106E7000A54257D004685D004FF0030C0CFA05FCE6
:106E800024EA0C0404604FEAD30E0EF1080E50F809
:106E90002E4003F00706B6000F25B54024EA05048E
:106EA00040F82E40C46824EA0C04C460446824EA14
:106EB00002024260826822EA0C02826001330F2BD8
:106EC0004BD801229A4002EA010632EA0104F5D1C8
:106ED0004FEA930E0EF10205214C54F8254003F0C1
:106EE000030C4FEA8C0C0F2505FA0CF73C401D4DA6
:106EF000A842BAD005F58065A8420DD005F5806599
:106F0000A8420BD005F58065A84209D005F580653B
:106F1000A842A8D00725A9E70125A7E70225A5E7EC
:106F20000325A3E7104C256825EA0605256065685A
:106F300025EA06056560E56825EA0605E560A568B9
:106F400025EA0605A560064E0EF1020456F8245007
:106F500025EA070546F824508CE7F0BD704700BFCE
:106F60000038014000000240003C01400AB181614C
:106F70007047090481617047436901EA030221EA0D
:106F8000030141EA024181617047000008B5054BE9
:106F90005B69034200D108BD024B586107F098FAC3
:106FA000F9E700BF003C014010B5D0F800E0DEF882
:106FB00000C02CF4802CCEF800C0046863608368A5
:106FC000402B04D0036899600368DA6010BD036841
:106FD0009A600368D960F9E70368D9B210390A4AA0
:106FE000A2FB01C21209DFF824C01CF80220C2650E
:106FF0005F2905D96FF3090304338365806D7047FA
:107000006FF309038365F9E7ABAAAAAA64660108CE
:10701000836A826992B9012B0AD0022B02D00BB18C
:1070200000207047C36A13F0807F2CD10020704786
:10703000C36AB3F1C07F28D000207047B2F5005F6B
:1070400009D0022B2BD9032B2BD1C36A13F0807FDD
:1070500029D100207047022B19D00AD8CBB1012BBF
:1070600005D1C36A13F0807F15D10020704700203E
:107070007047032B05D1C36AB3F1C07F0DD0002048
:1070800070470020704701207047012070470120A1
:107090007047012070470120704701207047012090
:1070A00070470020704701207047000070B504460B
:1070B00000F0D4FA002C5CD00546022384F8353069
:1070C000002384F834302268136823F0010313602E
:1070D00023681A6812F0010F0AD000F0BFFA431BB0
:1070E000052BF5D920236365032084F8350070BD96
:1070F0001A68214911406268A0680243E0680243AF
:107100002069024360690243A0690243E0690243C7
:10711000206A02430A43616A04291FD01A60236867
:107120001E465D6925F00705636A1D43042B07D1E0
:10713000A36A1D43E36A1BB12046FFF769FF90B9BC
:1071400075612046FFF748FFE26D3F23934083605F
:1071500000206065012384F83530C8E7E16A206BC0
:1071600001430A43DAE740236365012084F83500D0
:10717000BDE70120BBE700BF3F8010F038B50446F3
:10718000806D054694F8340001282AD0012084F847
:10719000340094F83500012804D0002384F83430FA
:1071A000022038BD022084F83500002060652046AA
:1071B000FFF7FAFEE26D3F239340AB60226813684D
:1071C00043F016031360236C23B12268136843F065
:1071D000080313602268136843F001031360002062
:1071E000DFE70220DDE770B50446836D1E4600F040
:1071F00035FA94F83530022B06D0802363650023DE
:1072000084F83430012070BD05462268136823F0ED
:10721000160313602268536923F080035361236CC3
:10722000E3B12268136823F008031360226813682F
:1072300023F00103136023681B6813F0010F11D0C2
:1072400000F00CFA431B052BF5D9202363650320BE
:1072500084F83500002384F83430D4E7A36C002B85
:10726000DFD1E3E7E26D3F239340B360012384F86D
:107270003530002084F83400C5E790F83530022B13
:1072800003D08023436501207047052380F8353003
:107290000268136823F001031360002070470000A8
:1072A000F0B583B0044600230193724B1D68724B06
:1072B000A3FB0535AD0A876D3E68C26D0823934078
:1072C000334210D003681A6812F0040F0BD01A680A
:1072D00022F004021A60C26D08239340BB60436D24
:1072E00043F001034365E26D01239340334209D02B
:1072F0002268526912F0800F04D0BB60636D43F0C6
:1073000002036365E26D04239340334209D022688F
:10731000126812F0020F04D0BB60636D43F00403E7
:107320006365E26D10239340334224D022681268D3
:1073300012F0080F1FD0BB6023681A6812F4802F68
:107340000DD01B6813F4002F04D1236C9BB1204691
:10735000984710E0A36C73B1204698470BE01A6879
:1073600012F4807F03D11A6822F008021A60236C9D
:107370000BB120469847E26D20239340334254D00E
:107380002268126812F0100F4FD0BB6094F83530AD
:10739000052B0ED023681A6812F4802F33D01B6897
:1073A00013F4002F2AD1636C002B3ED0204698475F
:1073B0003BE02268136823F01603136022685369C8
:1073C00023F080035361236CA3B12268136823F078
:1073D00008031360E26D3F239340BB60012384F8F0
:1073E0003530002384F83430236D002B3FD0204605
:1073F00098473CE0A36C002BE7D1EBE7E36BA3B12C
:107400002046984711E01A6812F4807F09D11A6863
:1074100022F010021A60012384F83530002384F82A
:107420003430E36B0BB120469847636DFBB1636D5D
:1074300013F0010F17D0052384F835302268136844
:1074400023F001031360019B01330193AB4204D885
:1074500023681B6813F0010FF5D1012384F8353040
:10746000002384F83430E36C0BB12046984703B016
:10747000F0BD00BF08000020B5814E1B82B0044B58
:1074800001221A62034B1B680193019B02B07047F3
:1074900000000E4200700040002807DB00F01F02D1
:1074A000400901239340024A42F82030704700BF50
:1074B00000E100E000280CDB00F01F02400901237E
:1074C00093402030034A42F82030BFF34F8FBFF380
:1074D0006F8F704700E100E0002808DB0901C9B2A6
:1074E00000F1604000F5614080F80013704700F043
:1074F0000F000901C9B2014B1954704714ED00E0A7
:1075000000B500F00700A0F1030CBCF1040F07D890
:10751000C0F1070E0430062806D84FF0000C03E037
:107520004FF0040E4FF0000C4FF0FF3303FA0EF053
:1075300021EA000101FA0CF103FA0CF322EA03023A
:1075400041EA020000BD0000074AD36823F4E0636B
:107550001B041B0C000200F4E060034343F0BF6314
:1075600043F40033D360704700ED00E010B50446EB
:10757000054BD868C0F30220FFF7C2FF0146204642
:10758000FFF7AAFF10BD00BF00ED00E008B5FFF750
:1075900083FF08BD08B5FFF78DFF08BD0138B0F1C6
:1075A000807F0BD24FF0E0235861054AF02182F82A
:1075B00023100020986107221A617047012070474C
:1075C00000ED00E010B504460E4B18680E4B1A781B
:1075D0004FF47A73B3FBF2F3B0FBF3F0FFF7DEFF87
:1075E00068B90F2C01D901200AE0024621464FF06C
:1075F000FF30FFF7BBFF054B1C60002000E00120BF
:1076000010BD00BF08000020000000200400002082
:1076100008B50B4B1A6842F400721A601A6842F4FB
:1076200080621A601A6842F480721A600320FFF7C1
:107630008BFF0F20FFF7C6FFFEF73AF8002008BDCA
:10764000003C0240034A1168034B1B780B44136053
:10765000704700BF5804002000000020014B18684C
:10766000704700BF5804002038B50446FFF7F6FF06
:107670000546B4F1FF3F02D0044B1B781C44FFF7D2
:10768000EDFF401BA042FAD338BD00BF0000002030
:1076900010B5026A036A23F001030362D0F804E024
:1076A000836923F073030C6844EA030C22F002029E
:1076B0008B6813430E4A90420AD00D4A90420ED076
:1076C000C0F804E0C0F818C04A684263036210BD05
:1076D00023F00803CA681A4322F00403EDE72EF4EE
:1076E000407E4A6942EA0E028C6944EA020EE7E7EC
:1076F0000000014010B5036A026A22F4807202623F
:10770000D0F804C0C26922F073020C6844EA020E89
:1077100023F400738A6843EA02230F4A90420AD096
:107720000D4A90420FD0C0F804C0C0F81CE04A686F
:10773000C263036210BD23F40063CA6843EA0223F4
:1077400023F48063ECE72CF4405C4A694CEA021CA9
:107750008A694CEA021CE6E70000014010B5036AA2
:10776000026A22F480520262D0F804C0C26922F494
:10777000E6420C6842EA042223F400538C6843EA90
:107780000433DFF820E0704506D0C0F804C0C261C1
:107790004A680264036210BD2CF4804C4C694CEAC8
:1077A000841CF2E7000001407047000090F83D3073
:1077B000012B2FD1022380F83D300268D36843F0BB
:1077C0000103D3600368154A934218D0B3F1804F88
:1077D00015D0A2F57C42934211D002F5806293420B
:1077E0000DD002F58062934209D002F59A3293429D
:1077F00005D01A6842F001021A60002070479A68AA
:1078000002F00702062A07D01A6842F001021A6045
:1078100000207047012070470020704700000140A1
:10782000704770477047704770B504460368DE685C
:107830001D6915F0020F10D016F0020F0DD06FF079
:1078400002021A610123037703689B6913F0030F97
:107850005ED0FFF7E6FF0023237715F0040F12D068
:1078600016F0040F0FD023686FF004021A61022390
:10787000237723689B6913F4407F4FD02046FFF79E
:10788000D0FF0023237715F0080F12D016F0080F51
:107890000FD023686FF008021A610423237723684E
:1078A000DB6913F0030F40D02046FFF7BAFF002337
:1078B000237715F0100F12D016F0100F0FD0236899
:1078C0006FF010021A61082323772368DB6913F431
:1078D000407F31D02046FFF7A4FF0023237715F027
:1078E000010F02D016F0010F2DD115F0800F02D03C
:1078F00016F0800F2FD115F0400F02D016F0400F78
:1079000031D115F0200F02D016F0200F33D170BD09
:10791000FFF786FF2046FFF785FF9CE72046FFF72D
:107920007FFF2046FFF77EFFABE72046FFF778FF9B
:107930002046FFF777FFBAE72046FFF771FF2046A2
:10794000FFF770FFC9E723686FF001021A61204654
:10795000FDF7FCFAC9E723686FF080021A61204640
:1079600000F012FBC7E723686FF040021A6120465F
:10797000FFF759FFC5E723686FF020021A61204620
:1079800000F001FBC3E700000368274A90420ED0D5
:10799000B0F1804F0BD0A2F57C42904207D002F5A7
:1079A0008062904203D002F58062904203D123F0BE
:1079B00070034A6813431C4A90421AD0B0F1804FBA
:1079C00017D0A2F57C42904213D002F5806290421B
:1079D0000FD002F5806290420BD002F59A329042AD
:1079E00007D002F58062904203D002F58062904297
:1079F00003D123F44073CA68134323F080034A6918
:107A000013438A68C2620A688262074A904207D0BA
:107A1000026842F004020260012242610360704782
:107A20000A690263F4E700BF0000014040B310B5EB
:107A3000044690F83D30F3B1022384F83D302146EE
:107A400051F8040BFFF7A0FF012384F8463084F8B7
:107A50003E3084F83F3084F8403084F8413084F878
:107A6000423084F8433084F8443084F8453084F858
:107A70003D30002010BD80F83C30FFF795FEDBE77D
:107A80000120704740B310B5044690F83D30F3B183
:107A9000022384F83D30214651F8040BFFF774FFB0
:107AA000012384F8463084F83E3084F83F3084F86F
:107AB000403084F8413084F8423084F8433084F810
:107AC000443084F8453084F83D30002010BD80F803
:107AD0003C30FDF75DFEDBE701207047002855D004
:107AE00070B50D46044690F83D30002B49D0022376
:107AF00084F83D302268936823F4804323F0070321
:107B00009360214651F8040BFFF73EFF21688B6814
:107B10008A69D1F820C02868184322F4407222F004
:107B20000302AB68AE6943EA0623134323F47C43A4
:107B300023F0FC03EA68EE6942EA06221A432B6A44
:107B40001B032E6943EA061313432CF0AA0C6A6840
:107B50006D6942EA051242EA0C02886021688B6175
:107B600023681A62012384F8463084F83E3084F892
:107B70003F3084F8423084F8433084F83D300020B0
:107B800070BD80F83C30FDF71BFEB0E70120704768
:107B900010B5036A026A22F010020262D0F804C033
:107BA000826922F4E6420C6842EA042223F02003B0
:107BB0008C6843EA0413DFF840E070450AD0DFF830
:107BC00038E070450ED0C0F804C082614A68826314
:107BD000036210BD23F08003CC6843EA041323F052
:107BE0004003ECE72CF4406C4C694CEA840C8C6943
:107BF0004CEA840CE7E700BF0000014038B590F87C
:107C00003C30012B69D00446012380F83C30082A1F
:107C10004ED01BD8002A33D0042A15D10D46006857
:107C2000FFF7B6FF2268936943F40063936122680B
:107C3000936923F48063936122689369296943EA15
:107C40000123936100202FE018462DE00C2A15D166
:107C50000D460068FFF782FD2268D36943F4006394
:107C6000D3612268D36923F48063D3612268D36926
:107C7000296943EA0123D361002015E0012013E0C4
:107C80000D460068FFF704FD2268936943F008037E
:107C900093612268936923F00403936122689369D6
:107CA00029690B4393610020002384F83C3038BDE0
:107CB0000D460068FFF71EFD2268D36943F00803F4
:107CC000D3612268D36923F00403D3612268D369A6
:107CD00029690B43D3610020E6E70220E7E701F0C2
:107CE0001F014FF0010C0CFA01FC036A23EA0C039C
:107CF0000362036A8A4013430362704710B5044667
:107D00000846002931D194F83E30013B18BF0123C9
:107D1000002B60D100283ED1022384F83E3001229E
:107D200001462068FFF7DBFF23682D4A934242D0CB
:107D300023682B4A934243D0B3F1804F40D0A2F541
:107D40007C4293423CD002F58062934238D002F5E7
:107D50008062934234D002F59A32934230D01A684E
:107D600042F001021A60002034E0042907D00829FB
:107D70000BD094F84130013B18BF0123C8E794F8B9
:107D80003F30013B18BF0123C2E794F84030013B6C
:107D900018BF0123BCE7042805D0082807D0022318
:107DA00084F84130BBE7022384F83F30B7E7022371
:107DB00084F84030B3E75A6C42F400425A64B7E7A3
:107DC0009A6802F00702062A07D01A6842F00102F8
:107DD0001A60002010BD0120FCE70020FAE700BF78
:107DE0000000014010B5044690F83E00C0B294F87F
:107DF0003F3094F84220D2B294F843C08E46C9B9BD
:107E000001284CD1012A4BD1022384F83E3084F85A
:107E10004230BEF1000F30D0BEF1040F39D0012244
:107E200000212068FFF75BFF012204212068FFF793
:107E300056FF27E0DBB25FFA8CFC042912D0012840
:107E400033D1012B2CD1012A31D1BCF1010F30D11A
:107E5000022384F83E3084F83F3084F8423084F8BE
:107E60004330D6E7012B1CD1BCF1010F1BD10223FB
:107E700084F83F3084F84330CBE701227146206814
:107E8000FFF72DFF2268136843F001031360002001
:107E900006E0012204212068FFF721FFF2E701201C
:107EA00010BD0120FCE71846FAE70120F8E7184664
:107EB000F6E71046F4E7000090F83C20012A35D0A0
:107EC00000B50346012280F83C20022280F83D20C4
:107ED00002685068D2F808E020F0700C086840EAA8
:107EE0000C0050601A681248824212D0B2F1804FE2
:107EF0000FD0A0F57C4082420BD000F5806082421A
:107F000007D000F58060824203D000F59A308242AB
:107F100005D12EF0800E496841EA0E0191600122E0
:107F200083F83D20002083F83C0000BD022070470C
:107F300000000140024690F83C30012B21D0012383
:107F400080F83C30CB6823F440738868034323F403
:107F500080634868034323F400630868034323F401
:107F600080530869034323F400534869034323F40F
:107F70008043C9690B4311684B64002082F83C00C0
:107F800070470220704770477047026802F10C0387
:107F900053E8003F23F0C0030C3242E800310029CF
:107FA000F3D1202380F841307047026802F10C03BE
:107FB00053E8003F23F490730C3242E8003100296B
:107FC000F3D1026802F1140353E8003F23F00103E8
:107FD000143242E800310029F3D1036B012B05D0A4
:107FE000202380F84230002303637047026802F1C7
:107FF0000C0353E8003F23F010030C3242E8003139
:108000000029F3D1ECE790F84130212B01D0022078
:1080100070478368B3F5805F17D0036A5A1C026209
:108020001A7803685A60C38C9BB2013B9BB2C3842D
:108030004BB90268D36823F08003D3600268D36829
:1080400043F04003D360002070470369002BE4D164
:10805000036A1B880268C3F308035360036A023390
:108060000362E0E710B504460268136923F4405345
:10807000C1680B431361836802691A4343691A4359
:10808000C3691A430168CB6823F4164323F00C0339
:108090001343CB600268536923F4407381690B4337
:1080A00053610368314A934206D002F580629342DD
:1080B00002D0FEF7C3FD01E0FEF7D0FDE369B3F5A2
:1080C000004F29D00021031849411B1841F100013C
:1080D000C90041EA5371DB00181863684FEA830254
:1080E0004FEA937341F10001FCF716FE204AA2FB10
:1080F00000314909642303FB11031B013233A2FB46
:1081000003235B0903F0F00202EB011203F00F03FB
:10811000216813448B6010BD0023021843EB030158
:10812000121841F10001C90041EA5271D200101841
:1081300041F10001626892185B41FCF7EDFD0C4AC9
:10814000A2FB00314909642303FB1103DB00323336
:10815000A2FB03235B095A0002F4F87202EB01123E
:1081600003F00703216813448B60D4E7001001403B
:108170001F85EB512DE9F04182B004460D461646AD
:108180009846089F23681B6835EA03030CBF4FF02D
:10819000010C4FF0000CB44526D1B7F1FF3FF1D0F0
:1081A000FFF75CFA4346C01AB84221D817B32368D8
:1081B000DA6812F0040FE5D0802DE3D0402DE1D035
:1081C0001A6812F0080FDDD0002501951A68019297
:1081D0005B680193019B2046FFF7E7FE0823636479
:1081E00084F84050012000E0002002B0BDE8F0819A
:1081F0000320FAE70320F8E760B310B5044690F8CF
:10820000413013B3242384F841302268D36823F427
:108210000053D3602046FFF725FF2268136923F43B
:10822000904313612268536923F02A035361226843
:10823000D36843F40053D36000206064202384F8A3
:10824000413084F84230606310BD80F84030FDF763
:108250009DFBD7E7012070472DE9F04184B01E4611
:1082600090F84130202B57D104460D46002957D0B5
:1082700003920AB9012050E000234364212380F8CF
:108280004130FFF7EBF90746039BA384E384A3681F
:10829000B3F5805F02D00023984616E023693BB314
:1082A0000023984611E0202384F84130032034E075
:1082B000424632F8023B90462268C3F308035360FB
:1082C000E28C92B2013A92B2E284E38C9BB293B117
:1082D00000963B46002280212046FFF74BFF0028F6
:1082E000E1D1002DE4D015F8012B23685A60E7E7AF
:1082F000A8461D46E9E700963B460022402120465D
:10830000FFF738FF18B9202384F8413005E0202317
:1083100084F84130032000E0022004B0BDE8F08181
:108320000120FAE710B5044603685B6990F8412024
:10833000212A09D023685B6903F0400394F84220A6
:10834000222A19D0002010BD03F08003002BF1D0A9
:10835000226802F1140353E8003F23F08003143233
:1083600042E800310029F3D1A06B08B1FEF73BFFD2
:108370002046FFF70AFEDDE7002BE3D0226802F17A
:10838000140353E8003F23F04003143242E8003165
:108390000029F3D1E06B08B1FEF725FF2046FFF777
:1083A00004FECFE7704708B50168CA6822F04002B2
:1083B000CA60202280F84120FFF7F4FF002008BDAA
:1083C00070477047704710B5846B23685B6994F8F9
:1083D0004120212A0FD023685B6903F0400394F801
:1083E0004220222A11D0636C43F0100363642046BC
:1083F000FFF7E8FF10BD03F08003002BEBD0002354
:10840000E3842046FFF7C1FDE5E7002BEBD0002316
:10841000E3852046FFF7C9FDE5E708B5806B00233B
:10842000C385FFF7CFFF08BD704790F84230222B7D
:1084300067D18368B3F5805F4DD0826AB3F5805F02
:1084400004D0002B54D10369002B51D103685B6821
:108450001370836A01338362C38D9BB2013B9BB26D
:10846000C385002B4FD100B583B00268D36823F0D9
:108470002003D3600268D36823F48073D36002685A
:10848000536923F001035361202380F84230002315
:108490004363036B012B31D100230363026802F1B4
:1084A0000C0353E8003F23F010030C3242E8003184
:1084B0000029F3D103681A6812F0100F05D001915A
:1084C0001A6801925B680193019B818DFFF7ACFFF5
:1084D000002003B000BD0269002AAED1826A0368A1
:1084E0005B68C3F308031380836A02338362B3E7D4
:1084F00003685B6803F07F031370AAE7FFF760FF70
:10850000E6E70220704700207047000010B582B0F7
:10851000044602681368D068516913F00F0F09D13F
:1085200013F0200F0CD010F0200F09D02046FFF7D9
:108530007CFF16E011F0010115D110F4907F12D1EB
:10854000216B012979D013F0800F03D010F0800F38
:1085500040F01F8113F0400F03D010F0400F40F0A7
:108560001C8102B010BD13F0010F06D010F4807F03
:1085700003D0626C42F00102626413F0040F04D075
:1085800019B1626C42F00202626413F0020F04D06F
:1085900019B1626C42F00402626413F0080F07D054
:1085A00010F0200F00D119B1626C42F00802626431
:1085B000626C002AD5D013F0200F02D010F0200FEB
:1085C00029D123685B6903F04003626C12F0080F45
:1085D00000D163B32046FFF7E8FC23685B6913F022
:1085E000400F20D0226802F1140353E8003F23F02B
:1085F0004003143242E800310029F3D1E36B73B138
:10860000684A1A65E06BFEF738FE0028A9D0E06BD7
:10861000036D9847A5E72046FFF707FFD1E72046FF
:10862000FFF7D0FE9DE72046FFF7CCFE99E72046F6
:10863000FFF7C8FE0023636493E713F0100F82D0A6
:1086400010F0100F3FF47FAF0023019313680193E4
:1086500053680193019B536913F0400F5ED0E26BA6
:1086600013685B689BB2002B49D0A18D994246D913
:10867000E385D369B3F5807F36D0226802F10C031D
:1086800053E8003F23F480730C3242E800310029A4
:10869000F3D1226802F1140353E8003F23F00103F1
:1086A000143242E800310029F3D1226802F11403A8
:1086B00053E8003F23F04003143242E80031002920
:1086C000F3D1202384F842302163226802F10C03A5
:1086D00053E8003F23F010030C3242E80031002938
:1086E000F3D1E06BFEF77FFD02236363A18DE38D81
:1086F0009BB2C91A89B22046FFF796FE31E7A18DD9
:1087000099427FF42EAFD369B3F5807F7FF429AF10
:10871000022363632046FFF787FE22E7A18DE38DE6
:108720009BB2C91A89B2E38D9BB2002B3FF419AFFB
:1087300000293FF416AF226802F10C0353E8003F12
:1087400023F490730C3242E800300028F3D1226801
:1087500002F1140353E8003F23F00103143242E80E
:1087600000300028F3D1202384F8423020632268AF
:1087700002F10C0353E8003F23F010030C3242E8EF
:1087800000300028F3D1022363632046FFF74CFE3C
:10879000E7E62046FFF737FCE3E62046FFF703FE57
:1087A000DFE600BF1B84000808B5806B012343632C
:1087B000036B012B02D0FFF704FE08BD818D490831
:1087C000FFF732FEF9E708B50346806B1B681B68AC
:1087D00013F4807F2BD10023C385026802F10C03C0
:1087E00053E8003F23F480730C3242E80031002943
:1087F000F3D1026802F1140353E8003F23F00103B0
:10880000143242E800310029F3D1026802F1140366
:1088100053E8003F23F04003143242E800310029BE
:10882000F3D1202380F84230036B012B07D00023C3
:108830004363036B012B0FD0FFF7C2FD08BD026835
:1088400002F10C0353E8003F23F010030C3242E81E
:1088500000310029F3D1EAE7818DFFF7E5FDEDE76F
:1088600030B583B00446134681628285002242649B
:10887000222084F842002448E56BE8632348E56B36
:1088800028642348E56BE864E06B026520680A46CB
:10889000011DE06BFEF772FC00282ED101902368C9
:1088A0001A6801925B680193019B23695BB122689E
:1088B00002F10C0353E8003F43F480730C3242E8AA
:1088C00000310029F3D1226802F1140353E8003F7C
:1088D00043F00103143242E800310029F3D1226849
:1088E00002F1140353E8003F43F04003143242E81E
:1088F00000310029F3D103B030BD1023636420237D
:1089000084F842300120F6E7C7870008A9870008ED
:10891000C783000808B590F84230202B08D149B130
:108920000AB9012008BD00230363FFF799FFF9E7A7
:108930000220F7E70120F5E750B338B50446036895
:108940004CF6CC421A60036845F255521A6003682F
:1089500042685A60036882689A60FEF77FFE0546A7
:108960002368DA6812F0030F0DD0FEF777FE401B84
:1089700041F601039842F3D92368DB6813F0030F33
:10898000EED0032003E04AF6AA221A60002038BD88
:108990000120704703684AF6AA221A600020704737
:1089A000034AD2F8883043F47003C2F88830704725
:1089B00000ED00E010B5094C00212046FFF79EF9BC
:1089C00004212046FFF79AF908212046FFF796F97F
:1089D0000C212046FFF792F910BD00BFBC03002018
:1089E00003285AD8F8B504460D46B1F57A7F04DC61
:1089F00011F57A7F03DA294D01E04FF47A75284B9F
:108A0000DB7C6200134103F001021646002D1DDBE2
:108A1000244B04EB840003EB80010F4682F001023B
:108A2000898853F82000FEF7A1FA3246B989B86860
:108A3000FEF79CFA04EB84041A4B03EB84031B69D6
:108A4000C3B9194B1B68ADB25D63F8BD154B04EBA0
:108A5000840003EB80061746B18853F82000FEF728
:108A600085FA87F00102B189B068FEF77FFA6942A2
:108A70000DB2DFE7042B06D0082B09D00A4B1B6888
:108A8000ADB21D64E1E7084B1B68ADB29D63DCE746
:108A9000054B1B68ADB2DD63D7E7704718FCFFFFDD
:108AA0007407002084660108BC030020224B0344A5
:108AB00093F8CA30002B3BD08446202B25D8012BBD
:108AC00038D910B51D4A12F80CE01D4A12F80C20D6
:108AD000734500D29E469E4503D20EF1010E5FFA09
:108AE0008EFE164800F80CE002EB4C14154840F8D6
:108AF0002410013292FBF3F103FB1122104B03F817
:108B00000C200023184619460BE02023D9E703EB7D
:108B10004C140C4A52F82420101841EBE271013336
:108B2000DBB29E45F3D872460023FCF7A5F810BDD2
:108B300008467047084670477407002090040020DC
:108B400094040020980400200346114A024492F83D
:108B5000CA20C2B1632A0FD8012A16D90D4850F88D
:108B6000230000B951B9091A013291FBF2F108440E
:108B7000084A42F8230070476322EFE7054A42F8AB
:108B8000231008467047084670470846704700BFE4
:108B90007407002080040020374B034493F8CA3048
:108BA000002B64D00246202B22D8012B61D910B5AE
:108BB000A0B0324810F802C03148805C634500D252
:108BC0009C469C4503D20CF1010C5FFA8CFC2B4CAB
:108BD00004F802C000EB421E2A4C44F82E10411C3F
:108BE00091FBF3F003FB1011254B995400230DE08A
:108BF0002023DCE703EB4210224951F8200020A992
:108C000001EB830141F8800C0133DBB29C45F1D8C4
:108C1000002420460CF1FF339C421FDA0134E4B2F9
:108C2000234601E00133DBB29C45F2D920AA02EBD6
:108C3000800252F8802C20A901EB830151F8801C9E
:108C40008A42EFDD0DF1800E0EEB800E4EF8801C97
:108C500020A901EB830141F8802CE3E7CCF3470323
:108C600020AA02EB830353F8800C20B010BD084605
:108C700070470846704700BF74070020900400202A
:108C800094040020980400200346032828D8154A9D
:108C9000125C7AB1144A52F820201268506A134AC2
:108CA000D27C5B00013342FA03F313F0010F18D0BA
:108CB000404270470C4A52F820201268516A89B22B
:108CC0000B4830F813208A1A20F81310094951F87C
:108CD000230000FA82F241F8232051F82300DEE756
:108CE00000207047D4660108D86601087407002088
:108CF000D8060020E0060020032803D8024B53F8D2
:108D000020007047002070479806002003281DD8D7
:108D100008B50F4A00F1080302EB4303998800F1FC
:108D2000600332F8132069B162B10A4B53F8200096
:108D30004FEAE07EA0FB010C002301FB0EC1FBF714
:108D40009BFF02E0034B53F8200008BD0020704752
:108D50007407002098060020032803D8024B53F81C
:108D60002000704700207047A8060020032807D87D
:108D70000023044A1354044A1354044A42F820308E
:108D8000704700BF9404002090040020800400205D
:108D9000032820D80023104A42F820300F4A22F836
:108DA00010300F4A42F820300E4A42F820300E4A66
:108DB00042F820300D4A42F820304FF000010C4AB2
:108DC00011540C4A13540C4A42F820300B4A52F802
:108DD0002020126853627047E0060020D806002069
:108DE000C8060020B8060020A8060020980600202B
:108DF000940400209004002080040020D86601081C
:108E000030B58BB02422002101A807F0F8FF03231E
:108E100001930122039204230593079209930024EE
:108E20002AE00023164A42F82430164A22F8143069
:108E3000154A42F82430154A42F82430144A42F8C0
:108E40002430144A42F824304FF00001124A1155E0
:108E5000124A1355124A42F82430124B53F8245048
:108E600001A92846FEF73AFEE0B2FFF791FF3C2148
:108E70002846FEF7B7FF0134032CD2DD0BB030BD1E
:108E8000E0060020D8060020C8060020B806002012
:108E9000A8060020980600209404002090040020DA
:108EA00080040020D8660108032800D9704770B5F7
:108EB0000446FEF7D3FB05462046FFF7E5FE0646CF
:108EC000774B53F82430E91A002B64D0002971D075
:108ED000744B53F82400301A04F10802724B03EB70
:108EE00042039B88714A125D62B9DFF8C8C14CF831
:108EF0002420DFF8C4C14CF824206C4A4FF0010C48
:108F000002F804C0DFF8ACC15CF8242002444CF83D
:108F10002420DFF8A4C15CF8240008444CF82400A5
:108F20004FEA830C624981FB0CE18910BCF1130FFD
:108F300000DC022103F1FF3C1FFA8CFCBCF1620F44
:108F40005BD9C3B34FEAE27E4FEA4E1C4CEAD26CC7
:108F50005101891A6CEB0E0C4FEA8C0C4CEA917C97
:108F600089008A184EEB0C0E4FEA0E1C4CEA127C5C
:108F70001101891A6CEB0E0C4FEA4C1CA3FB000389
:108F80009B00820043EA907348014CEAD161FBF7F1
:108F900073FE014610E0434B43F82400404B43F876
:108FA00024500023434A42F82430434A42F82430F4
:108FB0003E4A135570BD194600233E4A42F82430FC
:108FC0003D4A42F824303D4B43F82410364BB3F869
:108FD000C830A200134103F00F0213F00C0F54D15C
:108FE000022A44D0032A49D0012A4ED12046FFF755
:108FF0005DFD334B43F824004AE0312805D882EA6E
:10900000E27CACEBE27C8C4542DB4FEAE27E4FEA4D
:109010004E1C4CEAD26C5101891A6CEB0E0C4FEAD3
:109020008C0C4CEA917C89008A184EEB0C014FEABB
:10903000011C4CEA127C4FEA021EBEEB020E6CEBE6
:1090400001014901A3FB00039B00820043EA9073E6
:109050004FEA4E1041EADE61FBF70EFE0146154B6A
:10906000002243F82420144B43F82420ABE7204689
:10907000FFF76AFD124B43F8240009E02046FFF792
:109080008BFD0F4B43F8240002E00D4B43F82410F6
:10909000044B43F82460024B43F824508AE700BF96
:1090A000B8060020C8060020740700205C040020D9
:1090B000676666667004002060040020A806002031
:1090C00098060020002300E00133032B17DC0C4A34
:1090D000D25C002AF8D10B4A52F823201268516A58
:1090E00089B2094830F813208A1A20F8131007496A
:1090F00051F8230000FA82F241F82320E4E7704798
:10910000D4660108D8660108D8060020E0060020D1
:10911000002209E002EB4201054B03EB8103002131
:109120001960596099600132032AF3DD704700BF6E
:1091300040070020032800F2AE8000B5574B03EB38
:109140000012D2F82A1007EE101AD2F82EE0C21C34
:1091500003EB0212D2F802C0D2F8062000F110018F
:1091600003EB4101498807EE901AF8EE677A70EE3A
:10917000600A1B8C81000B4103F00F03012B56D0BA
:1091800000EB4001464B03EB8103D3ED006A76EE22
:10919000A06AC3ED006A06EE102AF4EEC66AF1EE8C
:1091A00010FA03DD3E4B03EB81031A6000EB400134
:1091B0003B4B03EB810393ED006A06EE902AF1EE40
:1091C000666AB4EEE66AF1EE10FA04D5344B03EBAE
:1091D0008103C3ED006A324B00EB400203EB8202D5
:1091E000D2ED016A70EEE66AC2ED010A27EE207A3E
:1091F00092ED006A05EE90EA26EE256A37EE067AD1
:1092000006EE10CA66EE266A37EE267AF4EEC77AC4
:10921000F1EE10FA01D5B0EE677AB1EE670AB4EE5E
:10922000C70AF1EE10FA01DCB0EE470A00BD1C4A95
:1092300000EB400302EB830393ED016A70EEC66A14
:1092400026EE877A06EE90EA66EEA06A37EE267A78
:1092500076EE066A70EEE66AD3ED025A76EEA56AFD
:1092600005EE90CA66EEA56A37EE267A83ED026AAD
:10927000C3ED010AF4EEC77AF1EE10FA01D5B0EEB3
:10928000677AB1EE670AB4EEC70AF1EE10FACDDCE8
:10929000B0EE470ACAE79FED030A70477407002043
:1092A0004007002000000000032808D8044B00EB12
:1092B000400203EB8202002111605160916070470F
:1092C0004007002000230EE0084A02EBC302002101
:1092D0001160516003EB4300054A02EB800211600C
:1092E000516091600133032BEEDD704720070020B1
:1092F000F0060020032800F2DD8000B56F4BC21D90
:10930000110103EB0212595807EE101AD2F804E0CB
:1093100003EB0012916F05EE101A00F12C0153F8C7
:10932000211007EE901AD16FB3F86E204FEA800C2F
:1093300042FA0CF202F00F0200F1600C33F81C301C
:1093400073B900F1080C5D4B03EB4C03B3F804C098
:109350004FEA8C03BCF1000F03D1B7EE006A08E0BE
:109360009B0006EE903AF8EEE66ADFED555A85EE80
:10937000A66A66EE206A30EE660A012A4ED0514B8C
:1093800003EBC003D3ED006A76EE806AC3ED006A9A
:1093900006EE101AF4EEC66AF1EE10FA03DD494B40
:1093A00003EBC0031960474B03EBC00393ED006A66
:1093B00006EE901AF1EE666AB4EEE66AF1EE10FA85
:1093C00004D5404B03EBC003C3ED006A3D4B03EBF8
:1093D000C003D3ED016A70EE666A83ED010A27EEE1
:1093E000007A93ED006A05EE90EA26EE256A37EEE4
:1093F000067A65EE266A37EE267AF4EEC77AF1EE43
:1094000010FA01D5B0EE677AB1EE670AB4EEC70A7A
:10941000F1EE10FA4DDCB0EE470A4AE000EB4002F4
:10942000294B03EB820393ED006A70EE466A26EE49
:10943000877A06EE90EA66EE806A37EE267A76EE56
:10944000066A70EE666AD3ED015A76EEA56A66EE9C
:10945000856A37EE267A83ED016A83ED000AD3ED43
:10946000026A36EE877A83ED027AB4EEE77AF1EE9D
:1094700010FA04DD144B03EB8203C3ED027A00EB18
:109480004002114B03EB820393ED027AB1EE670ABF
:10949000B4EEC07AF1EE10FA04D50B4B03EB820365
:1094A00083ED020A00EB4000074B03EB800090EDD8
:1094B000020A00BD9FED050A704700BF7407002037
:1094C0000000614520070020F00600200000000099
:1094D00003280DD8074A02EBC00200231360536033
:1094E000054A00EB400102EB81010B604B608B6091
:1094F000704700BF20070020F006002000B585B0AF
:10950000642302930192009101230246A0210448A2
:10951000FCF7ECFEB0FA80F0400905B000BD00BFDA
:109520000404002000B585B0C82302930192009185
:1095300001230246A0210648FCF726FE10B10020B8
:1095400005B000BD0620FEF78FF80120F8E700BF48
:109550000404002010B5374CF8220021204607F003
:109560004EFC354B23600223E37101236372122307
:1095700063740023E3726FF03D0222730122627371
:10958000A3733CE02B4A02EB030C0A218CF81C105D
:1095900014218CF86A1002EB031E4FF07E51CEF8B6
:1095A0002A100021CEF82E10D81C02EB0010C0F8B3
:1095B0000210224CC0F8064003F1100002EB4000FC
:1095C0004FF47A744480D81D02EB00101C4C0460E8
:1095D0001C48CEF87C0003F12C0002EB8000174CF5
:1095E000046001208CF8CA0003F1680002EB40021D
:1095F00061F01700D07041F0030111710133032BAA
:10960000C0DD0C4B43F21022A3F8CE2000226FF0F5
:109610003F0183F8DB1083F8DC2083F8DD2007228C
:1096200083F8DE204FF4FA72A3F8F420E42283F8E2
:10963000F62010BD740700200052444D0000FA438C
:109640000000A04000007A4430B5BFB01D4D00249A
:10965000AC72F421281D01F0E3FBA872F72C16D898
:10966000C4F1F80292B2A4F1F0039BB2082B0CD81B
:1096700014492144E0B2FFF755FF054698B112485E
:10968000FFF788F90834A4B2E8E70822F0E7F822E7
:1096900069460020FFF732FF054618B1009A0B4BD0
:1096A0009A4203D0002528463FB030BD9DF80A40BD
:1096B00000238DF80A30F42101A801F0B1FBA0428B
:1096C000F1D0EFE774070020000200200052444D63
:1096D000F8B500242646042C16D8F8224649002066
:1096E000FFF70CFF064678B9444D2846FCF732FDDB
:1096F0002846FCF743FC1420FDF7B6FF4048FFF76F
:1097000049F90134E4B2E6E786B13E4A137803F042
:10971000FE031370384B1A683B4B9A421BD0FFF77D
:1097200019FFFFF791FF00263046F8BD324B1C7938
:109730005D799F79334A137843F001031370FFF783
:1097400009FF0CB905B91FB12B4B1C715D719F71DD
:10975000FFF77AFFE8E7284CA57A0023A372F421EB
:10976000201D01F05DFBA572854222D1224B022211
:10977000DA7100221A7201225A72B3F8DB30632BBD
:1097800007D91D4AB2F8DD20B2F5006F01D293422D
:10979000CAD3194B00226FF03F0183F8DB1083F826
:1097A000DC2083F8DD20072283F8DE20FFF74CFF62
:1097B000BAE7F321201D01F033FBA8420BD10023AF
:1097C00084F8F730A372F421201D01F029FBA07268
:1097D000FFF73AFFCAE7084B1C795D799E79FFF7DE
:1097E000B9FE0CB905B91EB1034B1C715D719E71B8
:1097F000FFF72AFF002697E77407002004040020E3
:1098000000020020700700200052444D30B5FDB02A
:10981000F8220DEB02010020FFF770FE48B13E9ADE
:109820003F4B9A4209D0FFF70FFF054628467DB00F
:1098300030BDFFF709FF0546F8E79DF80241002318
:109840008DF80231F4213FA801F0EAFAA04203D0DA
:10985000FFF7FAFE0546E9E79DF8093103F0E0035A
:1098600030494A7C02F01F0213438DF80931D1F8C8
:109870000B30CDF8033102238DF8FF3000248DF832
:10988000004101238DF801318DF80241F4213FA8F8
:1098900001F0C6FA8DF8020106E008220EE0224827
:1098A000FFF778F80834A4B2F72C10D8C4F1F80206
:1098B00092B2A4F1F0039BB2082BEED83EA921444A
:1098C000E0B2FFF72FFE05460028E8D1AEE7F82208
:1098D00069460020FFF712FE054688B1009A104B3A
:1098E0009A420DD19DF811309DF80921534013F093
:1098F0001F0F05D1DDF80B20DDF803319A4202D0AD
:1099000000231D4692E79DF80A4000228DF80A20A8
:10991000F42101A801F084FAA04287D0F0E700BF4B
:109920000052444D7407002000020020F8B5064C98
:1099300027796679A579FFF70DFE27716671A57104
:10994000FFF782FEF8BD00BF7407002030B583B07A
:10995000002318E0254A02EB830200211160002257
:10996000234921F81320234941F82320224941F8B3
:1099700023204FF000002149C854214941F82320F9
:109980002049CA540133032BE4DD00251E4B1D6022
:109990001E4B1D70FFF7BCFBFFF794FC00F058FE58
:1099A00001951B4B5A6C42F480325A645B6C03F491
:1099B00080330193019B174C174B23605323636043
:1099C000A56040F2E733E360A5612046FEF72EF87C
:1099D0002A460A211820FDF7C9FD1820FDF7D6FDFB
:1099E0002046FDF7E3FE03B030BD00BF0C090020A8
:1099F00004090020E40800208408002080080020DA
:109A0000700800206C080020E0080020DC0800201E
:109A100000380240940800200040014008B5024888
:109A2000FDF702FF08BD00BF94080020032804D8FA
:109A3000024B03EB800383ED000A70470C09002002
:109A4000032805D8044B03EB800393ED000A70470D
:109A50009FED020A704700BF0C09002000000000C3
:109A600080B110B50B4BB3F80F40632C00D86424C1
:109A7000FDF7F4FD084B1B6843B1C01AA04205D89E
:109A8000002006E0054B1870012070470120034BB1
:109A9000187010BD74070020E0080020DC080020CA
:109AA000032800D9704770B5044610EE106A0D46C1
:109AB0000846FFF7D5FF00B970BD094B03EB8403DF
:109AC0001E60FDF7CBFD074B43F82400002DF3D1BA
:109AD000FDF7C4FD044B1860044B00221A70EBE73D
:109AE0000C090020E4080020E0080020DC08002029
:109AF00008B5134BB3F80F304BB1114B93F8DF306F
:109B00001BB9FDF7ABFD002303E000F069FF08BDC2
:109B10000133032BFBDC0B4A52F82320002AF7D039
:109B2000821A0749B1F80F108A42F1D9064A02EBAE
:109B3000830200211160034A002142F82310E7E765
:109B400074070020E40800200C090020F8B52DED72
:109B5000028BFFF7B7FAAC4B93F8DF1011B9084648
:109B60000B469CE000F076FE00240AE009B2A74B09
:109B700023F81410A64B00221A552846FEF730FF92
:109B80000134032C00F39A81E5B2284600F0A0FFCF
:109B9000B0EE408A9F4B00221A559B4B9B7C620083
:109BA000134113F0030F06D004F10802964B03EBA8
:109BB00042039B882BBB944A04F1680302EB4303E6
:109BC000B3F8033007EE903AF8EE677A9FED927A99
:109BD00067EE877A27EE880AFDEEC07A17EE903A94
:109BE00004F1100102EB41025188B1F57A7F01DDE9
:109BF0004FF47A719942B9DB49429942B6DC194671
:109C0000B4E7834B1B5D002BBAD0814B00221A5561
:109C10002846FFF749F92846FFF76EF800EE900A4C
:109C2000F8EEE00AB0EE480A2846FFF783FA764BD2
:109C30001B8CA200134103F00F03012B22D0BDEEB9
:109C4000C00A724B10EE102A23F814206F4B33F920
:109C5000140004F110026C4B03EB42035988B1F578
:109C60007A7F01DD4FF47A71814203DB4942814200
:109C700000DC014609B2654B23F814102846FEF7B4
:109C8000AFFE7DE7614A32F81430BDEEC00A10EE37
:109C9000101A13FA81F322F81430D7E70133032B9B
:109CA00009DC5B4AD25C02B101215A4AD25C002A2B
:109CB000F4D00120F2E7002946D128B30C4630E069
:109CC000564B03EB8403D3ED007AFDEEE77A17EEF3
:109CD000903A19B24D4B23F81410E0B2FEF780FE13
:109CE0000134032C00F3EA80474B9B7C6200134154
:109CF00013F0030FE4D004F10802434B03EB4203DB
:109D00009B88002BECD1DBE70446EAE7404B1B5D68
:109D100033B1E0B2FFF7C8F802E0E0B2FFF7C4F8F1
:109D20000134032C12DC384B9B7C6200134103F09E
:109D30000303012BEAD0364B1B5D002BEDD1354BD5
:109D40001B5D002BECD0E8E70024EAE700247DE06F
:109D5000022D02D02F4B00221A552E4B1B5D0BB14A
:109D6000022D2DD02A4B1B5D002B00F09280284B3A
:109D700000221A55022D3FD0284B03EB8403D3ED6C
:109D8000007AB0EE678AE5B22846FEF7B5FF00EE2E
:109D9000900AF8EEE00AB0EE480A2846FFF7CAF942
:109DA000194B1B8CA200134103F00F03012B39D078
:109DB000BDEEC00A154B10EE102A23F8142068E0FF
:109DC000144B00221A55A600144B03EB840393EDA9
:109DD000008AE3B21F461846FEF756FF00EE900ACF
:109DE000F8EEE00AB0EE480A3846FFF783FA0C4B6B
:109DF000334483ED000AB5E7094B03EB8403D3ED4D
:109E0000007AB0EE678ABEE77407002004090020DC
:109E1000800800206C0800200AD7233C0C09002091
:109E2000F4080020274A32F81430BDEEC00A10EEC4
:109E3000101A13FA81F322F814302AE009B2214BE8
:109E400023F81410E0B2FEF7CBFD0134032C35DC0F
:109E50001D4B9B7C6200134113F0030508D004F1F5
:109E60000802194B03EB42039B88002B7FF470AF71
:109E7000164B03EB8403D3ED007AFDEEE77A114B2A
:109E800017EE902A23F814200023114A1355114A83
:109E900013550C4B33F9140004F110020A4B03EB79
:109EA00042035988B1F57A7F01DD4FF47A7181421E
:109EB000C4DB49428142C1DC0146BFE7BDEC028BF5
:109EC000F8BD00BF04090020740700200C09002021
:109ED000800800206C080020032803D8024B33F9C7
:109EE000100070470020704704090020032800D9A3
:109EF000704708B5034B002223F81020FFF7E8FA5B
:109F000008BD00BF0409002070B5002427E0194BEC
:109F100003EB840300221A600025174B23F814502A
:109F2000164B03EB84031A60154B43F824504FF093
:109F30000002144B1A55144B1D55144B43F8245072
:109F4000134B43F82450E6B23046FFF7ADF93046E4
:109F5000FFF7BEFA29463046FEF742FD0134032CD6
:109F6000D5DD00230B4A13600B4A137000F060FD2F
:109F700070BD00BF0C09002004090020F408002077
:109F8000E4080020800800206C08002084080020DD
:109F900070080020E0080020DC080020B4EEE00A91
:109FA000F1EE10FA05D4B4EEC10AF1EE10FA03DCBA
:109FB0007047B0EE600A7047B0EE410A704700008B
:109FC0000C4A00F1080302EB43039B88603032F82F
:109FD000102063B102B91A4607EE902AB8EE677AEC
:109FE00007EE903AF8EE677A87EE270A7047B7EEE9
:109FF000000A70477407002008B52DED028B194B3D
:10A00000B3F8E03007EE903AF8EE677A9FED167AF3
:10A0100067EE877A9FED157AF4EEC77AF1EE10FAC3
:10A0200001D8DFED137A0F4B93F8F630400043FA76
:10A0300000F09FED107A20EE070A9FED0F7A67EE91
:10A04000877A80EE278A00F00300FFF7B9FF9FEDC3
:10A050000B1ADFED0B0A28EE000AFFF79FFFBDEC9D
:10A06000028B08BD740700206F12833A6F12033A07
:10A070008FC2753D00007042DB0F494000803B46B7
:10A0800000803BC6B5EEC01AF1EE10FA16DDDFED2A
:10A09000107A21EE271A61EE211A70EEC07AF4EEE2
:10A0A000E71AF1EE10FA0CD4B1EE617AB4EEE77A69
:10A0B000F1EE10FA08DCB0EE600A70479FED051A69
:10A0C000E9E731EE800A704730EE610A704700BF61
:10A0D0006F12833A0080BB4430B52DED048B83B002
:10A0E000B0EE409AFDF7BAFA804BB3F8F43033B1D2
:10A0F000054600221AE07E4A0021D1540133032B89
:10A10000F9DD7C4B4FF07E521A6003B0BDEC048B3E
:10A1100030BD764B93F8F63051000B4103F003034A
:10A1200002F10801694401F8043C0132032AF0DD20
:10A130000024B7EE008A03E0F1EE677A2FE00134E5
:10A14000032C3DDC04F108036B4413F8040C00F10C
:10A150000802664B03EB42039B88002BEFD0664B53
:10A1600003EB8403D3ED008AF2EE047AF4EEE78A7F
:10A17000F1EE10FA06DCFAEE047AF4EEE78AF1EE7C
:10A1800010FADCD5FEF7B8FD07EE100AB8EEC77A74
:10A19000C7EE287AF5EEC07AF1EE10FACCD4B7EE1D
:10A1A000007AF4EEC77AF1EE10FA01DDF0EE477AAC
:10A1B000B4EEE78AF1EE10FAC1DDB0EE678ABEE7D1
:10A1C000DFED4E7AB4EEE78AF1EE10FA01D5B0EE8B
:10A1D000678ADFED4B7A79EE277A89EE277A454B4D
:10A1E000D3ED007A38EE678A28EE078A77EE887A10
:10A1F000C3ED007A9FED417AF4EEC77AF1EE10FAE2
:10A2000001D583ED007A3B4B93ED007AF7EE007AAF
:10A21000B4EEE77AF1EE10FA01DDC3ED007A002426
:10A2200050E0354B03EB840393ED008AFEF764FDA9
:10A2300007EE900AF8EEE77A77EEC87AF5EEC07A84
:10A24000F1EE10FA2ED4B5EEC08AF1EE10FA2CD44D
:10A25000B0EE487A264B1B5D53B3DFED2A6A27EE3A
:10A26000267AF2EE046AB4EEE68AF1EE10FA06DC23
:10A27000FAEE046AB4EEE68AF1EE10FA1BD5F4EEBB
:10A28000C77AF1EE10FA16DDDBB91F4B53F8243014
:10A29000EB1A164AB2F8F420934212D3144B01225F
:10A2A0001A550EE0F1EE677ACDE7B1EE487AD1E7C4
:10A2B000DFED166AD3E70E4B00221A55124B43F816
:10A2C00024500134032C3FF720AF04F108036B4402
:10A2D00013F8040C00F10802044B03EB42039B88C3
:10A2E000002B9ED1024B00221A55EAE7740700208A
:10A2F000400900201000002054090020CDCCCC3DA6
:10A30000CDCC4C3E9A99193E300900209A99993E3D
:10A3100030B52DED068B85B0F0EE408AB0EE608A48
:10A32000B0EE41AABB4B93F8DF40002305E0BA4AE8
:10A3300002EB8302002111600133032BF7DD042CB3
:10A3400000F0D2803BD9052C00F02281062C40F091
:10A350008880B04BB3F8E23007EE903AF8EE677AB7
:10A360009FEDAE7A67EE877AF4EEC77AF1EE10FAD7
:10A3700001D8DFEDAB7A9FEDAB7A67EE877A27EEF7
:10A380008A9A002039EE080AFFF736FEA24C84EDC7
:10A39000000A012039EE280AFFF72EFE84ED010A9B
:10A3A000022038EEC90AFFF727FE84ED020A0320D7
:10A3B00038EE490AFFF720FE84ED030A51E0022C33
:10A3C00053D9032C4DD1934BB3F8E22007EE902ADA
:10A3D000F8EE677ADFED916A67EEA67AB3F8E430BB
:10A3E00007EE103AB8EE477A27EE267AF4EEE67AD0
:10A3F000F1EE10FA01D8DFED8A7ADFED886AB4EE6B
:10A40000E67AF1EE10FA01D89FED857AF6EE006A51
:10A4100067EEA67A27EE267A78EE289A77EE877A84
:10A4200027EE8A9A002039EEC90AFFF7E5FD7A4C3B
:10A4300084ED000A38EEC88A012039EE080AFFF7D9
:10A44000DBFD84ED010A022038EE490AFFF7D4FD56
:10A4500084ED020A032039EE890AFFF7CDFD84ED71
:10A46000030A05B0BDEC068B30BD63B2002BF8D0FB
:10A47000684BB3F8E23007EE903AF8EE677A9FED5A
:10A48000677A67EE877AF4EEC77AF1EE10FA01D8B0
:10A49000DFED637A67EE8A7AB6EE007A67EE877A46
:10A4A00038EEE78A77EEA88A0020B0EE480AFFF778
:10A4B000A3FD594D85ED000A0120B0EE680AFFF7B3
:10A4C0009BFD85ED010A022CCBD10220B0EE480A9B
:10A4D000FFF792FD85ED020A0320B0EE680AFFF750
:10A4E0008BFD85ED030ABCE74A4BB3F8E22007EE8B
:10A4F000902AF8EE677A9FED497A27EE876AF0EEA8
:10A5000046AAB3F8E43007EE903AF8EE677ADFED4A
:10A51000466A67EEA67AB4EEC76AF1EE10FA03D87F
:10A520009FED427AF0EE47AACDED007A9FED407A9A
:10A5300037EE877A8DED017A9FED3E7A77EE877A56
:10A54000CDED027A0024022C8BDCA50004AB03EBDA
:10A55000840313ED049AB0EE490A09F0DFF9F1EE35
:10A56000687A67EE809AB0EE490A09F09FF920EE0A
:10A57000080A79EE807A2AEE8A0AE0B237EE800A7B
:10A58000FFF73AFD244B2B4483ED000A0134DAE750
:10A59000204BB3F8E23007EE903AF8EE677A9FED81
:10A5A0001F7A67EE877AF0EE67AAF4EEC77AF1EECB
:10A5B00010FA03D8DFED1A7AF0EE67AA1E4B0FCB24
:10A5C00004AC04E90F00002421E0A50004AB03EB78
:10A5D000840313ED049AB0EE490A09F09FF9F1EEF5
:10A5E000687A67EE809AB0EE490A09F05FF920EECA
:10A5F000080A79EE807A2AEE8A0AE0B237EE800AFB
:10A60000FFF7FAFC044B2B4483ED000A0134032CC2
:10A61000DBDD26E774070020540900206F12833A1F
:10A62000CDCC4C3EF304353F8FC3E43A9A99193EA2
:10A63000920A0640920A8640F0490108032803D88E
:10A6400008B5FFF7BDFC08BDB7EE000A7047000073
:10A650000023194A1360194A1360194A1360194AF2
:10A660001360194A1360194A136000230FE0184A57
:10A6700002EB830200211160164A02EB8302116093
:10A6800000221549CA54154941F823200133032BF0
:10A69000EDDD134B4FF07E521A600023114A136018
:10A6A000114A1370114A1360114BFF221A70114B9B
:10A6B00000221A60704700BF700900207409002052
:10A6C0007809002064090020680900206C09002036
:10A6D00054090020440900204009002030090020CE
:10A6E000100000202C090020280900202409002047
:10A6F0000C0000202009002010B52DED068BB0EED7
:10A70000409AF0EE609AB0EE41AA0446FFF7A8F92D
:10A7100000284ED02D4BB3F8E82001EE102AF8EEB9
:10A72000417A9FED2B7A27EE871AB3F8EA2008EEDC
:10A73000902AF8EE688A68EE878AB3F8EC3008EE63
:10A74000103AB8EE488A28EE078AB5EEC01AF1EE44
:10A7500010FA31DDF1EE410AB0EE490AFFF71EFCB6
:10A760001C4B83ED000AF5EEC08AF1EE10FA26DDEF
:10A77000B0EE681AF1EE680AB0EE690AFFF70EFC57
:10A78000154B83ED000AB5EEC08AF1EE10FA19DD23
:10A79000B0EE481AF1EE480AB0EE4A0AFFF7FEFBA7
:10A7A0000E4B83ED000AFCF759FF0D4B18600D4B63
:10A7B0001C70BDEC068B10BD9FED0B0AD0E79FED22
:10A7C0000A0ADDE79FED080AEAE700BF74070020E8
:10A7D0006F12833A78090020740900207009002064
:10A7E0002C090020280900200000000010B52DEDE4
:10A7F000028B0446B0EE408A0846FFF731F948B1B3
:10A80000032C04D8B5EE408AF1EE10FA05D10C4BBA
:10A81000FF221A70BDEC028B10BD094B1C709FED1E
:10A82000091ADFED090AB0EE480AFFF7B7FB074B3C
:10A8300083ED000AFCF712FF054B1860EAE700BF42
:10A840000C00002000803B4600803BC62009002011
:10A850001C09002070B52DED048BFCF7FFFE0446AB
:10A860004F4B1B6863B1C31A5A1E632A5ED807EEAA
:10A87000903AF8EE677A9FED4B7A87EE879A01E07F
:10A880009FED499A464B1C60B0EE490AFFF724FC45
:10A89000464BD3ED009A464DB5F8EE3001EE103A36
:10A8A000444BD3ED000A444EF0EE491AB8EE411A7B
:10A8B00069EEA00A96ED000AFFF7E4FBB0EE408ACD
:10A8C00086ED000AB5F8F03001EE103A3B4BD3EDBF
:10A8D000000A3B4EF0EE491AB8EE411A69EEA00AA2
:10A8E00096ED000AFFF7CEFBF0EE408A86ED000AF7
:10A8F000B5F8F23001EE103A324BD3ED000A324D8A
:10A90000F0EE491AB8EE411A69EEA00A95ED000A78
:10A91000FFF7B8FBB0EE401A85ED000AF0EE680ACA
:10A92000B0EE480AFFF7F4FC002212E09FED1E9AF9
:10A93000A8E71F4B93F8F63051000B4103F00303D7
:10A94000224901EB82010868214901EB8303186069
:10A950000132032AEDDD1F4B1B78032B08D81E4A5A
:10A960001268A41AB4F5C87F04D91A4BFF221A70D2
:10A9700000240FE0164A02EB8303184A12681A609B
:10A98000F6E7134B03EB840393ED000AE0B2FFF705
:10A990004DF80134032CF4DDBDEC048B70BD00BF19
:10A9A0002409002000007A440AD7233C100000202C
:10A9B00074070020780900206C0900207409002029
:10A9C0006809002070090020640900205409002053
:10A9D000440900200C0000201C0900202009002050
:10A9E00008B50E4BB3F80F3013B10D4B1B6803B90C
:10A9F00008BDFCF733FE0A4B1B68C01A074BB3F8BF
:10AA00000F309842F4D90023064A1360064A1360B7
:10AA1000064A1360024B00221A60E9E7740700201F
:10AA20002C090020700900207409002078090020FA
:10AA30000023184A1360184A1360184A1360184A12
:10AA40001360184A1360184A136000230FE0174A76
:10AA500002EB830200211160154A02EB83021160B0
:10AA600000221449CA54144941F823200133032B0E
:10AA7000EDDD124B4FF07E521A600023104A136036
:10AA8000104A1360104BFF221A70104B00221A60FC
:10AA9000704700BF70090020740900207809002069
:10AAA00064090020680900206C0900205409002076
:10AAB0004409002040090020300900201000002037
:10AAC0002C090020240900200C000020200900206F
:10AAD000032805D8044B03EB800393ED000A70476D
:10AAE0009FED020A704700BF4409002000000000EB
:10AAF000074B93F900005A7840EA420040B29A7836
:10AB000040EA820040B2DB7840EAC300C0B270473E
:10AB100040090020014B93ED000A7047100000200F
:10AB2000034610B105480068186011B1044B1B685A
:10AB30000B6012B1034B1B68136070476C09002057
:10AB400068090020640900200346002800F0938073
:10AB500002780F2A40F08C80027E002A40F08A8022
:10AB60004278807842EA0022C2F30A020A8098788A
:10AB7000DA78520142EAD002C2F30A024A80D87857
:10AB80001A79920042EA9012587942EA8022C2F37E
:10AB90000A028A8058799A79D20142EA5002C2F3B5
:10ABA0000A02CA809879DA79120142EA1012C2F3D5
:10ABB0000A020A81D8791A7A520042EAD012587AE7
:10ABC00042EA4022C2F30A024A81587A9A7A9201F2
:10ABD00042EA9002C2F30A028A81987ADA7AD200B3
:10ABE00042EA5012CA811A7B587B42EA0022C2F321
:10ABF0000A020A82587B9A7B520142EAD002C2F3CF
:10AC00000A024A82987BDA7B920042EA9012187C10
:10AC100042EA8022C2F30A028A82187C5A7CD2015C
:10AC200042EA5002C2F30A02CA82587C9A7C12019C
:10AC300042EA1012C2F30A020A83987CDA7C5200BC
:10AC400042EAD012187D42EA4022C2F30A024A8345
:10AC5000187D5A7D920142EA9002C2F30A028A8369
:10AC60005A7D9B7DDB0043EA5213CB830120704762
:10AC7000002070470020704703780F2B01D0002080
:10AC80007047037E0BB10020704701207047844657
:10AC9000002210460EE04000C0B280F0D500013323
:10ACA000072B05DC10F0800FF5D14000C0B2F6E7AD
:10ACB000013292B28A4204D21CF80230584000237A
:10ACC000EEE77047D0B10378C82B11D14378182B29
:10ACD00010D110B504468378162B0DD11721023000
:10ACE000FFF7D5FF637E984214BF0020012010BDFE
:10ACF00000207047002070470020F8E7704738B503
:10AD000004460D46FFF7DEFF0246002800F086806D
:10AD1000E378217943EA0123C3F30A032B802179E5
:10AD200063795B0143EAD103C3F30A036B80617962
:10AD3000A3799B0043EA9113E17943EA8123C3F3AA
:10AD40000A03AB80E179237ADB0143EA5103C3F3C1
:10AD50000A03EB80217A637A1B0143EA1113C3F3E0
:10AD60000A032B81617AA37A5B0043EAD113E17A6B
:10AD700043EA4123C3F30A036B81E17A237B9B01FE
:10AD800043EA9103C3F30A03AB81217B637BDB00BE
:10AD900043EA5113EB81A37BE17B43EA0123C3F335
:10ADA0000A032B82E17B237C5B0143EAD103C3F3DB
:10ADB0000A036B82217C637C9B0043EA9113A17C94
:10ADC00043EA8123C3F30A03AB82A17CE37CDB016A
:10ADD00043EA5103C3F30A03EB82E17C237D1B01A9
:10ADE00043EA1113C3F30A032B83217D637D5B00C8
:10ADF00043EAD113A17D43EA4123C3F30A036B83E2
:10AE0000A17DE37D9B0143EA9103C3F30A03AB8376
:10AE1000E17D237EDB0043EA5113EB83104638BD0E
:10AE200000B586468C460023184606E01EF803202F
:10AE300042400349885C01339BB26345F6D300BDB1
:10AE4000E866010800B503469646002013E001338A
:10AE50001A78202AFBD092B100F1010C41F8203081
:10AE600000E00133187808B12028FAD110B100228F
:10AE700003F8012B60461A780AB17045E8DB00BD83
:10AE800010B50446F9F7ECF981B2204604F0D2FA85
:10AE90000221024804F0CEFA10BD00BF604A01084A
:10AEA00010B55048FFF7ECFF4F4C2046FFF7E8FF86
:10AEB0004E48FFF7E5FF4E48FFF7E2FF4D48FFF72A
:10AEC000DFFF4D48FFF7DCFF4C48FFF7D9FF4C4848
:10AED000FFF7D6FF4B48FFF7D3FF4B48FFF7D0FFF4
:10AEE0004A48FFF7CDFF2046FFF7CAFF4848FFF763
:10AEF000C7FF4848FFF7C4FF4748FFF7C1FF47486F
:10AF0000FFF7BEFF4648FFF7BBFF4648FFF7B8FF15
:10AF10004548FFF7B5FF4548FFF7B2FF4448FFF744
:10AF2000AFFF4448FFF7ACFF2046FFF7A9FF4248B8
:10AF3000FFF7A6FF4148FFF7A3FF4148FFF7A0FF37
:10AF40002046FFF79DFF3F48FFF79AFF3E48FFF777
:10AF500097FF3E48FFF794FF3D48FFF791FF3D48BC
:10AF6000FFF78EFF3C48FFF78BFF2046FFF788FF77
:10AF70003A48FFF785FF3A48FFF782FF3948FFF765
:10AF80007FFF3948FFF77CFF3848FFF779FF3848E3
:10AF9000FFF776FF3748FFF773FF2046FFF770FF94
:10AFA0003548FFF76DFF3548FFF76AFF3448FFF774
:10AFB00067FF3448FFF764FF3348FFF761FF33480A
:10AFC000FFF75EFF3248FFF75BFF3248FFF758FF9D
:10AFD0003148FFF755FF3148FFF752FF04F0DAF927
:10AFE00010BD00BF644A0108F85A01088C4A0108E4
:10AFF000A84A0108D44A01080C4B0108404B01083B
:10B00000944B0108DC4B0108104C0108444C01082A
:10B01000744C0108944C0108D04C0108184D0108EB
:10B02000544D0108BC4D0108004E0108344E010882
:10B03000744E0108CC4E01083C4F01085C4F0108DA
:10B040009C4F0108F04F01080C50010854500108B2
:10B0500084500108DC50010828510108645101089E
:10B0600080510108D051010824520108745201088E
:10B07000EC5201085C530108C0530108DC5301087D
:10B08000405401088C540108E05401080855010897
:10B090007C550108BC550108FC55010844560108BF
:10B0A00008B503F021FE28B90448FFF7E9FE03F0D4
:10B0B00045FC08BD0248FFF7E3FEFAE79856010891
:10B0C0007C56010808B5FEF7BFFA18B10348FFF730
:10B0D000D7FE08BD0248FFF7D3FEFAE7C4560108C1
:10B0E000DC56010808B5FEF7F3FA18B10348FFF77C
:10B0F000C7FE08BD0248FFF7C3FEFAE7F056010895
:10B100000857010808B5FEF711FC0248FFF7B8FE22
:10B1100008BD00BF305701080FB410B5A2B024AB72
:10B1200053F8042B019302AC8021204605F040FE29
:10B130002046FFF7A5FE22B0BDE8104004B07047DE
:10B1400000B585B00749CB790A7A029201930123B1
:10B1500000938B794A7909790348FFF7DDFF05B041
:10B1600000BD00BF74070020445701082DE9F04FCF
:10B170002DED048B91B0A84BD3F80B10587C00F048
:10B180000F03012B16D0032B12D0A44A10F0100F7E
:10B1900012D0A34B10F0200F10D1A2489E4CB4F84F
:10B1A0000F4001940090A048FFF7B6FF002623E06F
:10B1B0009E4AEBE79E4AE9E79E4BEBE79E48EDE7A8
:10B1C000002325E000222DE09C4B0F933FE000235D
:10B1D00045E0002389E0099308928DED067B8DED13
:10B1E000049B8DED028BCDE900AB42464B462946D0
:10B1F0009348FFF791FF0136032E00F3AE80864B94
:10B200009B7C71000B4103F00302022AD8DC134639
:10B21000814AB2F8C820B5002A4112F00C0FD1D1F2
:10B2200002F00F0206F141000D90864850F82330DD
:10B230000E93794806F1080300EB4303B3F804804A
:10B24000C37C0B4113F0010FBED07F4B0F93724BA9
:10B250001B8C2B4113F00E0FB9D103F00F037B4968
:10B2600051F823706C4C04EB0613D3F82A90D3F8F2
:10B270002EA0F31C04EB0313D3F802B006F1100365
:10B2800004EB43035888A3191B7F714951F822200E
:10B290000B920A9307EE900AF8EE677A17EE900A7F
:10B2A000F9F74AF9CDE908015846F9F745F9CDE92A
:10B2B00006015046F9F740F9CDE904014846F9F78F
:10B2C0003BF9CDE9020101970F9B009343460E9A8B
:10B2D0000D996048FFF720FFB4F86E302B4113F052
:10B2E0000E0F7FF476AF03F00F03584A52F8235045
:10B2F000494CF31D1A0104EB0317A058F9F71CF988
:10B30000804689467868F9F717F982468B4604EB40
:10B31000061303F17807986FF9F70EF941EC180B53
:10B3200006F12C0354F82300F9F706F941EC190B48
:10B330007868F9F701F941EC170BA31993F86A2023
:10B3400006F1600334F81330002B7FF444AF06F1AC
:10B35000080104EB41039B883DE72F48B0F8CE205D
:10B3600002F00F01C2F30313B0F8D550C2F3032467
:10B37000B0F8D760120BB0F8D970B0F8DBC0B0F8F5
:10B38000DDE0CDF818E0CDF814C004970132039247
:10B3900002960134019400950133B0F8D3200131B5
:10B3A0002D48FFF7B9FE002114E02C4A1EE0234B84
:10B3B00024E02B4D1848B0F8D000890040FA01F184
:10B3C00001F00F0101310191009521462548FFF759
:10B3D000A3FE2146032918DC4C1C0F4B93F8D20026
:10B3E00040FA01F313F0010FDFD01F4A0A4B93F824
:10B3F000F7300B4113F0010FD9D0134B0D1D28412D
:10B4000010F0010FD5D0194DD4E703F0C3FF11B0F0
:10B41000BDEC048BBDE8F08F740700206457010871
:10B420007C5701088C570108C4570108745701085C
:10B430006C57010884570108945701089C5701086C
:10B440004C58010824680108985701081C68010835
:10B450000C6801080458010894580108AC57010809
:10B46000C0570108D4580108A0570108BC5701086B
:10B470002DE9F04F8DB00020FDF706FC06460120B7
:10B48000FDF702FC05460220FDF7FEFB0446032003
:10B49000FDF7FAFB009023462A4631464648FFF75F
:10B4A0003BFE0020FDF728FC06460120FDF724FCAA
:10B4B00005460220FDF720FC04460320FDF71CFC96
:10B4C000009023462A4631463C48FFF725FE0020DF
:10B4D000FDF71CFC06460120FDF718FC054602207E
:10B4E000FDF714FC04460320FDF710FC00902346F2
:10B4F0002A4631463248FFF70FFE0020FEF7ECFCEB
:10B5000006460120FEF7E8FC05460220FEF7E4FCB3
:10B5100004460320FEF7E0FC009023462A4631460D
:10B520002848FFF7F9FD284B1B7813F0010F10D0C6
:10B5300026492748FFF7F0FD264B93F8DF3053B933
:10B54000FCF78CF801462448FFF7E6FD0DB0BDE896
:10B55000F08F2249EDE70BAA0AA909A8FFF7E0FA44
:10B560000998F8F7E9FF04460D460A98F8F7E4FF52
:10B5700082468B460B98F8F7DFFF80468946FFF737
:10B58000C9FA10EE100AF8F7D7FF06460F46FFF784
:10B59000AFFA069047EC176B8DED047B49EC178BE7
:10B5A0008DED027B4BEC17AB8DED007B22462B46DD
:10B5B0000B48FFF7B1FDC3E7205901083C590108CA
:10B5C00058590108745901087007002004590108EE
:10B5D0008C59010874070020C8590108185901083E
:10B5E000945901082DE9F04F2DED068BC5B0041ECE
:10B5F0001CDD0D460E68B9493046F8F7D1FD00282C
:10B6000040F0DF80012C0EDD686803F06BFF82469E
:10B61000461E032E0FD8022C11D0042C59DCB04842
:10B62000FFF72EFC02E0AF48FFF72AFC45B0BDEC67
:10B63000068BBDE8F08FAC48FFF722FCF6E7AB4B7A
:10B640001B8CB200134103F00F03012B3ED0A84B1B
:10B650009B46A64B03EB0612D2F82A00D2F82E40E6
:10B66000F21C03EB0212D2F80250D2F806209146E7
:10B6700006F1100203EB4202528807EE902AB8EE60
:10B68000678A33441E7FF8F757FF07468846CDF890
:10B6900024B0089618EE100AF8F74EFFCDE906011F
:10B6A0004846F8F749FFCDE904012846F8F744FF7A
:10B6B000CDE902012046F8F73FFFCDE900013A4607
:10B6C000434651468B48FFF727FDAFE78A4B9B4621
:10B6D000BFE7A86803F003FF51EC100BF9F77CFA01
:10B6E000824B03EB0617C7F82A00E86803F0F7FE61
:10B6F00051EC100BF9F770FAC7F82E00286903F027
:10B70000EEFE51EC100BF9F767FAF31C774A02EBE7
:10B710000313C3F80200052C0CDC072C2FDCF6B257
:10B720003046FDF7C1FD3046FEF7E0FB7348FFF7FA
:10B73000A7FB7BE7686903F0D2FE51EC100BF9F729
:10B740004BFAF21C694B03EB0213C3F80600062CFC
:10B75000E5DDA86903F0C6FE81B206F11002634B75
:10B7600003EB42035880B1F57A7FD6D95F4B03EBE8
:10B7700042036FF017029A700322DA70CDE7E8698E
:10B7800003F0B0FE80B2012803D9FF2802D9FF20C0
:10B7900000E00220554B33441877082CBFDD286A9F
:10B7A00003F0A0FE0128BAD850490B8CB4000F2238
:10B7B000A24023EA020200F00F03A34013430B84CC
:10B7C000ADE74F493046F8F7EBFC002840F0DF804A
:10B7D000012C0EDD686803F085FE8346461E032EAD
:10B7E0000BD8022C0DD0042C4EDC4648FFF748FB4A
:10B7F0001CE74548FFF744FB18E73B48FFF740FBD1
:10B8000014E73A4BB3F86E30B200134113F00F0F48
:10B8100037D1374B0B93354BF21D110103EB02125D
:10B820005858546803EB0612956F06F12C0153F833
:10B8300021108A46D26F9146334493F86A60F8F734
:10B840007BFE074688460B9B099308964846F8F707
:10B8500073FECDE906015046F8F76EFECDE904010E
:10B860002846F8F769FECDE902012046F8F764FEA4
:10B87000CDE900013A46434659462448FFF74CFCBF
:10B88000D4E61D4B0B93C6E7A86803F028FE51ECE5
:10B89000100BF9F7A1F9F31D1A01144F07EB03136D
:10B8A0000B93B850E86803F01AFE51EC100BF9F74F
:10B8B00093F90B9B5860286903F011FE51EC100BB3
:10B8C000F9F78AF907EB06139867052C20DCF0B22C
:10B8D000FDF7FEFD0948FFF7D3FAA7E61C5B010858
:10B8E000C05B0108285B01086C5B0108740700203D
:10B8F000E4590108785B0108D8590108F05B010898
:10B90000005C0108945C0108085C0108485C0108BF
:10B91000686903F0E4FD51EC100BF9F75DF906F1ED
:10B920002C0347F82300062CD1DDA86903F0D7FDCE
:10B9300051EC100BF9F750F907EB0613D867072CF9
:10B94000C5DDE86903F0CEFD83B2012B03D9FF2BDF
:10B9500002D9FF2300E00223A64A324482F86A306B
:10B96000082CB4DD286A03F0BDFD03460128AED8DB
:10B97000A048B0F86E20B4000F21A14022EA0102D5
:10B9800003F00F03A3401343A0F86E309FE79A49DA
:10B990003046F8F705FC78BB012C1BDD686803F026
:10B9A000A1FD461E032E19D8022C1BD0A86803F057
:10B9B00099FD06F108028F4B03EB42039880F6B223
:10B9C0003046FDF771FC3046FEF790FA8B48FFF7E2
:10B9D00057FA2BE68A48FFF753FA27E68948FFF71C
:10B9E0004FFA23E60836834B03EB46039A88014659
:10B9F0008548FFF791FB19E684493046F8F7D0FBFC
:10BA000000283BD1012C24DD686803F06BFD461E45
:10BA1000032E22D8022C24D0764BDC7C73001A46ED
:10BA20001F460123934024EA0304A86803F05AFD4B
:10BA300010B30123BB401C436E4BDC74F6B230469E
:10BA4000FDF732FC3046FEF751FA6C48FFF718FA62
:10BA5000ECE56F48FFF714FAE8E56A48FFF710FADB
:10BA6000E4E5644BDA7C7600324102F001020146E3
:10BA70006848FFF751FBD9E50346DBE766493046E6
:10BA8000F8F78EFB002840D1012C28DD686803F010
:10BA900029FD461E032E26D8022C28D0554BDC7CCF
:10BAA000730001331A461F460123934024EA03041E
:10BAB000A86803F017FD30B30123BB401C434D4B76
:10BAC000DC74F6B23046FDF763F93046FDF7ECFB67
:10BAD0003046FEF70BFA4948FFF7D2F9A6E54F4882
:10BAE000FFF7CEF9A2E54748FFF7CAF99EE5414BBB
:10BAF000DA7C730001331A4102F001020146484822
:10BB0000FFF70AFB92E50346D7E746493046F8F7C8
:10BB100047FB002840F09A80012C29DD686803F07B
:10BB2000E1FC461E032E27D8022C29D0AC683E49E2
:10BB30002046F8F735FB002836D03C492046F8F778
:10BB40002FFB002846D03A492046F8F729FB002869
:10BB50004CD128498B7C70000322824023EA0203E7
:10BB60000222824013438B74F0B2FDF711F923E0F7
:10BB70003048FFF785F959E52248FFF781F955E587
:10BB80001C4B9B7C7600334103F00303022B09D04E
:10BB9000012B05D0284A01462848FFF7BDFA45E5A4
:10BBA000274AF8E7274AF6E712498B7C7000032200
:10BBB000824023EA02038B74F6B23046FDF774FB31
:10BBC0003046FDF785FC3046FEF790F90B48FFF74D
:10BBD00057F92BE507498B7C70000322824023EA4A
:10BBE00002030122824013438B74E5E71648FFF7F6
:10BBF00047F91BE574070020C05C0108F05B0108F1
:10BC0000C45C01086C5B0108DC5C0108E85C0108AD
:10BC1000EC5C0108045D0108145D01081C5D01086D
:10BC2000385D01084C5D0108885D0108905D0108E0
:10BC3000A85D0108545D0108FC590108785D010800
:10BC4000F4590108F0590108985D0108B2493046DD
:10BC5000F8F7A6FA00287FD1012C42D003F044F86F
:10BC60000746002859D1686803F03CFCA0F59662AD
:10BC7000AA4B9A4255D8AA4BC3F80B00022C5ADDA6
:10BC80005E7C06F0EF06A86803F02CFC08B11023D8
:10BC90001F463E43F6B2A24B5E74032C4BDDEC68AC
:10BCA000A0492046F8F77CFA00283ED09E4920465D
:10BCB000F8F776FA002844D09C492046F8F770FA45
:10BCC000002845D1964A26F00F0343F0030353742E
:10BCD0006FF05F03D372682313730623537390735B
:10BCE00029E08F4BD3F80B10587CC0F3001210F0F2
:10BCF000100F0CD08E4B00F00F0001280BD0032842
:10BD000007D08C4800908C48FFF706FA8EE48B4BE6
:10BD1000F1E78B48F6E78B48F4E78B48FFF7B0F87C
:10BD200084E48A48FFF7ACF880E426F00F0343F080
:10BD300001037B4A537402F0F3F98548FFF7A0F83A
:10BD400074E426F00F0343F00203754A5374F2E7DC
:10BD50008048FFF795F869E47F493046F8F720FA04
:10BD6000002840D1012C13DD686803F0BBFB0646B8
:10BD7000431E032B10D8022C12D0A86803F0B2FB8C
:10BD80000246431E0F2B19D97448FFF779F84DE48A
:10BD90007348FFF775F849E47248FFF771F845E416
:10BDA0005F4BB3F8CE20431E9B001A4102F00F02F6
:10BDB000013201466C48FFF7AFF937E4584CB4F84C
:10BDC000CE10731E9B000F20984021EA0001013A1B
:10BDD00002F00F0202FA03F30B43A4F8CE306348DB
:10BDE000FFF74EF822E462493046F8F7D9F9002807
:10BDF0003ED1012C12DD686803F074FB0146461E3B
:10BE0000032E0FD8022C12D0A86803F06BFB034658
:10BE100001281BD95748FFF733F807E45648FFF7C6
:10BE20002FF803E44F48FFF72BF8FFF7FFBB3C4B1D
:10BE300093F8D230334113F0010205D04F4B5048F4
:10BE4000FFF76AF9FFF7F2BB4E4BF8E7344890F87A
:10BE5000D2200121B14022EA010203F00103B340E4
:10BE6000134380F8D2304148FFF70AF8FFF7DEBBF2
:10BE700045493046F8F794F9002840F0B080012C8D
:10BE800027DD686803F02EFB0746461E032E25D8E3
:10BE9000022C28D0022C17DDA86803F023FB0346F0
:10BEA00001287BD8DFF878C09CF8D2103A460332DC
:10BEB0000120904021EA000103F0010393400B436D
:10BEC0008CF8D230032C6EDC2848FEF7D9FFFFF740
:10BED000ADBB2E48FEF7D4FFFFF7A8BB2148FEF705
:10BEE000CFFFFFF7A3BB0E4B93F8D23002460332CD
:10BEF000134113F0010F4FD0254A094BB3F8D0304E
:10BF0000B600334103F00F03013339462148FFF7F0
:10BF100003F9FFF78BBB00BFAC5D010850043D0087
:10BF200074070020085E0108105E01082C5E0108FD
:10BF30007C57010864570108B45D01088457010863
:10BF4000745701086C570108D05D0108F05D0108C5
:10BF5000345E0108185E0108445E01087C5E010839
:10BF60004C5E01086C5B01086C5E0108F05B010827
:10BF7000905E0108CC5E0108985E0108045A010831
:10BF8000B45E0108185A0108EC5E0108F45E01086D
:10BF9000BC570108245F0108AF4AAEE7AF48FEF77F
:10BFA0006FFFFFF743BBE86803F09CFA0346421EAD
:10BFB0000F2A0FD8AA48B0F8D020B6000F21B14000
:10BFC00022EA0102013B03F00F03B3401343A0F840
:10BFD000D03079E7A348FEF753FFFFF727BBA2490C
:10BFE0003046F8F7DDF8002840D1012C13DD6868F1
:10BFF00003F078FA0146461E032E11D8022C14D005
:10C00000A86803F06FFA034601281DD99748FEF788
:10C0100037FFFFF70BBB9648FEF732FFFFF706BB73
:10C020009448FEF72DFFFFF701BB8D4B93F8F730D7
:10C03000334113F0010F05D08F4A9048FFF76CF899
:10C04000FFF7F4BA844AF8E7854890F8F720012111
:10C05000B14022EA010203F00103B340134380F828
:10C06000F7308748FEF70CFFFFF7E0BA8549304606
:10C07000F8F796F8A0B9012C0AD0686803F032FAF4
:10C08000774BA3F80F007E48FEF7FAFEFFF7CEBA13
:10C09000734BB3F80F107C48FFF73EF8FFF7C6BAB2
:10C0A0007A493046F8F77CF808BB012C0CD16C4B70
:10C0B0005B7C13F0200F05D075497648FFF72CF80C
:10C0C000FFF7B4BA7449F8E7654B5C7C04F0DF0411
:10C0D000686803F007FA40B120231C43604B5C748E
:10C0E0006748FEF7CDFEFFF7A1BA0346F5E76B49B7
:10C0F0003046F8F755F888BB012C14D0022C1EDD11
:10C10000686803F0EFF90446A86803F0EBF9632CC4
:10C1100004D9B0F5006F01D2844215D36048FEF710
:10C12000AFFEFFF783BA4E4BB3F8DB10B3F8DD2058
:10C130008B185B105B48FEF7EFFFFFF777BA5A48A2
:10C14000FEF79EFEFFF772BA454AA2F8DB40A2F85E
:10C15000DD004B48FEF794FEFFF768BA53493046BE
:10C16000F8F71EF800284CD1012C1EDD686803F09A
:10C17000B9F90146461E032E1CD8022C23D1384B98
:10C180009B7C7200134103F00303012B19D0022B97
:10C1900015D0474B6836324A02EB4602B2F803200C
:10C1A0004448FEF7B9FFFFF741BA4348FEF768FE7F
:10C1B000FFF73CBA2F48FEF763FEFFF737BA3F4B55
:10C1C000E8E73F4BE6E7A86803F08CF9244A06F15C
:10C1D000680302EB4303A3F80300927C730042FA66
:10C1E00003F303F00303012B09D0022B05D03049E0
:10C1F0003448FEF791FFFFF719BA3049F8E73049A4
:10C20000F6E731493046F7F7CBFF002862D1012C21
:10C210000ADD686803F066F9441E032C09D9154845
:10C22000FEF72EFEFFF702BA2848FEF729FEFFF7B9
:10C23000FDB9E4B22046FCF7ABFD2046FDF734F82B
:10C240002046FDF745F92046FDF750FE2048FEF751
:10C2500017FEFFF7EBB900BFC0570108405F0108A8
:10C2600074070020505F0108645F0108985F0108AF
:10C270006C5F01086C5B0108305A0108885F010897
:10C28000F05B0108B05F0108B85F0108C05F0108FA
:10C2900094570108485801083C5A0108CC5F01082E
:10C2A00034600108D85F0108F45F0108606001088C
:10C2B000A45A01088C6001086C600108705A0108DA
:10C2C000445A0108A0600108B0600108B860010884
:10C2D000D060010891493046F7F762FF8446002894
:10C2E00040F0A380012C42DD686803F0FBF8804633
:10C2F000461E032E62D8022C65D0022C7FF796A929
:10C30000A86803F0EFF8074603287CD88449B1F801
:10C31000C830B0000F22824023EA020307F00F0268
:10C3200082401343A1F8C830032C0CDDE86803F009
:10C33000D9F80346022F6BD0421E1F2A70D8784AC4
:10C34000324482F8CA30774B0CAC0FCB84E80F0034
:10C35000734B334444A901EB870693F8CA3056F86F
:10C36000E02C41467048FEF7D7FEFFF75FB96D4BF2
:10C370000CAC0FCB84E80F0010E000230CF101049B
:10C380006749614444AA02EB830291F8CA3052F82B
:10C39000E02C21466548FEF7BFFEA446BCF1030F22
:10C3A0003FF744A95E4BB3F8C8304FEA8C02134103
:10C3B00013F00C0FE1D103F00F03DFE75C48FEF749
:10C3C0005FFDFFF733B9574B0CAC0FCB84E80F0080
:10C3D000534BB3F8C830B200134113F00C0F10D117
:10C3E00003F00F034E49314444AA02EB830291F853
:10C3F000CA3052F8E02C41464C48FEF78DFEFFF75C
:10C4000015B90023EEE74B48FEF73AFDFFF70EB9EA
:10C41000421E622A93D94848FEF732FDFFF706B95B
:10C420004648FEF72DFDFFF701B945493046F7F7BD
:10C43000B7FE88BB012C13DD686803F053F8014692
:10C44000461E032E11D8022C14D0A86803F04AF817
:10C45000B0F5803F17D33B48FEF712FDFFF7E6B873
:10C460003948FEF70DFDFFF7E1B83148FEF708FD4A
:10C47000FFF7DCB860362A4B33F816203348FEF756
:10C480004BFEFFF7D3B86036254A22F81600304835
:10C49000FEF7F6FCFFF7CAB82E493046F7F780FEE4
:10C4A000834600287FF4C2A8012C5FD06E682A4919
:10C4B0003046F7F775FE002800F0B381022C40F3F8
:10C4C000B78126493046F7F76BFE0746002800F093
:10C4D000B48123493046F7F763FE002800F0FB8162
:10C4E00020493046F7F75CFE002840F01882032C04
:10C4F00040F30682A86802F0F5FF0446E86802F0FF
:10C50000F5FF022C05D8002803DBB0F5803FC0F210
:10C51000FC811548FEF7B4FCFFF788B8D460010829
:10C5200074070020004A010864610108DC6001080A
:10C530006C5B0108F860010830610108486101087E
:10C540008C610108D061010898610108B861010897
:10C55000F05B0108E4610108946401084463010888
:10C560005C6301087C630108A4630108BE4B93F877
:10C57000DF30082B00F2CE80BC4A52F82360BA4D5F
:10C58000B5F8E00007EE900AF8EE677A17EE900A29
:10C59000F7F7D2FF02460B463146B548FEF7BCFD21
:10C5A000B5F8E20007EE900AF8EE677A17EE900A07
:10C5B000F7F7C2FF06460F4695F8DF30042B00F070
:10C5C000AB80A94BB3F8E43007EE903AF8EE677A07
:10C5D000B0EE67AAA44DB5F8E63007EE903AF8EE53
:10C5E000678AB5F8E83007EE903AB8EE679AB5F882
:10C5F000EA3007EE903AF8EE679AB5F8EC3007EEBD
:10C60000903AF8EE677A9FED9B8A67EE887A17EE8C
:10C61000900AF7F791FFCDE9080119EE900AF7F7B4
:10C620008BFFCDE9060119EE100AF7F785FFCDE97A
:10C63000040118EE900AF7F77FFFCDE902011AEE28
:10C64000100AF7F779FFCDE9000132463B468A48E8
:10C65000FEF762FDB5F8EE00B5F8F03007EE903A5F
:10C66000F8EE678AB5F8F23007EE903AF8EE677A9E
:10C6700027EE888AB5F8F45007EE900AF8EE677A4C
:10C6800017EE900AF7F758FF06460F46049518EE86
:10C69000100AF7F751FFCDE9020118EE900AF7F7FB
:10C6A0004BFFCDE9000132463B467448FEF734FDAE
:10C6B0000020FDF7C3FF10EE100AF7F73DFF074615
:10C6C00088460120FDF7BAFF10EE100AF7F734FF95
:10C6D00005460E460220FDF7B1FF10EE100AF7F7EF
:10C6E0002BFF81468A460320FDF7A8FF10EE100AB3
:10C6F000F7F722FFCDE904014AEC179B8DED027B91
:10C70000CDE900563A4643465D48FEF705FD5946D9
:10C710005B460FE05B4E32E7B5F8E43007EE903A47
:10C72000F8EE677A9FED587A67EE877AB0EE67AADF
:10C7300050E70133032B10DC03F108004A4A02EBF7
:10C7400040029288002AF4D003F16002464830F893
:10C750001220002AEDD10131EBE7002908DC4B4B18
:10C7600093E803000C90ADF834105D4605261AE0FE
:10C770004748FEF7D1FCF2E723460CA83044C6F147
:10C78000E00C05F1410E53BB022A24D0414A424B32
:10C7900011460291019200937346404A614604F0AB
:10C7A00069FA06440135032D36DC002E34DDDF2E18
:10C7B00032DC2D4B9B7C6A00134113F00302DBD06B
:10C7C00005F10801284B03EB41039B880BB9234675
:10C7D000D3E75B46D1E7324A2F4B2E49D9E705F123
:10C7E0000802214B03EB42039B888BB105F16801E2
:10C7F0001D4A02EB4102B2F80330B3F57A7F03D051
:10C80000244A284B1146C4E7224A264B2649C0E752
:10C81000204A244B1146BCE70CA8FEF731FBFEF77B
:10C8200005BFFEF705F92148FEF72AFBFEF7FEBE1D
:10C830001F48FEF725FBFEF7F9BEA86802F052FE7E
:10C840000446062804D91B48FEF71AFBFEF7EEBE85
:10C85000054B83F8DF00FEF7EBF8CCBB1648FEF77C
:10C860000FFBFEF7E3BE00BF74070020E867010876
:10C87000EC6101086F12833A046201082C6201081E
:10C880004C620108D85A0108CDCCCC3DD0620108D9
:10C8900070620108F85A0108FC5A0108D8620108C0
:10C8A000045B0108E05A0108E85A0108E462010843
:10C8B000086301084C630108F05B0108FCB22046E4
:10C8C000FCF7F2FC2046FDF711FB3B4601331F4607
:10C8D000032FF3DDC2E7A86802F008FE411E4FF601
:10C8E000FE72914204D94548FEF7CAFAFEF79EBE91
:10C8F000434AA2F8E0004348FEF7C2FAFEF796BEAC
:10C900004148FEF7BDFAFEF791BE70343C4A02EB97
:10C91000440250803B48FEF7B3FAFEF787BE3B491E
:10C920003046F7F73DFC10BB032C12DDA86802F07F
:10C93000D9FD0446E86802F0D9FD022C04D800288D
:10C9400002DBB0F5803F09DB3148FEF799FAFEF7CC
:10C950006DBE3048FEF794FAFEF768BE7434284A7C
:10C9600022F814002748FEF78BFAFEF75FBE2A492B
:10C970003046F7F715FC18BB032C12DDA86802F04F
:10C98000B1FD0446E86802F0B1FD022C04D800288D
:10C9900002DBB0F5803F09DB2048FEF771FAFEF7B5
:10C9A00045BE1F48FEF76CFAFEF740BE7434144AC9
:10C9B00002EB4402D0801348FEF762FAFEF736BE5F
:10C9C00018493046F7F7ECFB98B9A86802F08EFDDD
:10C9D0004EF66022904204D91348FEF751FAFEF752
:10C9E00025BE074AA2F8F4000648FEF749FAFEF70A
:10C9F0001DBE0E48FEF744FAFEF718BE6463010838
:10CA000074070020F05B010880630108C06301081F
:10CA1000E8630108C4630108046401083464010880
:10CA20000C6401085064010858640108706401082E
:10CA300008B50021044B1970044B1970802204487A
:10CA400004F0DDF908BD00BF7D0900207C0900204D
:10CA50008009002030B5A9B00D2807D004460A2867
:10CA600004D0B24B1B787E2B40F2F781AF4B1B7882
:10CA7000AF4A0021D15413B113782F2B10D0AB4BF8
:10CA80001B7823B1AA4B1B782F2B00F0E1810021EA
:10CA9000A64B19708022A64804F0B1F929B030BD28
:10CAA0000221A44802F0C6FC08AC7F22A24920461D
:10CAB00004F0BFF900238DF89F3008226946204614
:10CAC000FEF7C0F90546002800F0C580009C9B4990
:10CAD0002046F7F765FB002800F0C0809849204603
:10CAE000F7F75EFB002800F0BE8096492046F7F776
:10CAF00057FB002800F0BC8093492046F7F750FB15
:10CB0000002800F0BA8091492046F7F749FB002839
:10CB100000F0B8808E492046F7F742FB002800F06D
:10CB2000B6808C492046F7F73BFB002800F0B48024
:10CB300089492046F7F734FB002800F0B280874986
:10CB40002046F7F72DFB002800F0B08084492046EE
:10CB5000F7F726FB002800F0B08082492046F7F75F
:10CB60001FFB002800F0B0807F492046F7F718FB34
:10CB7000002800F0B0807D492046F7F711FB00281F
:10CB800000F0B0807A492046F7F70AFB002800F051
:10CB9000B08078492046F7F703FB002800F0B0800A
:10CBA00075492046F7F7FCFA002800F0B080734979
:10CBB0002046F7F7F5FA002800F0B08070492046CB
:10CBC000F7F7EEFA002800F0F1806E492046F7F7FB
:10CBD000E7FA002800F0F1806B492046F7F7E0FA09
:10CBE000002800F0F18069492046F7F7D9FA0028BB
:10CBF00000F0F18066492046F7F7D2FA002800F0ED
:10CC0000F18064492046F7F7CBFA002800F0F18064
:10CC100061492046F7F7C4FA002800F0F1805F4927
:10CC20002046F7F7BDFA002800F0F1805C49204665
:10CC3000F7F7B6FA002800F0F1805A492046F7F7D6
:10CC4000AFFA002840F0F180574B1870694628462B
:10CC5000FEF7C8FC13E7544B187018E7524B1870D6
:10CC6000FEF71EF90BE7504B1870FEF769FA06E75E
:10CC70004D4B1870FEF77AFA01E74B4B1870FEF730
:10CC8000F7FBFCE6484B1870FEF70AFAF7E6464B4E
:10CC90001870FEF717FAF2E6434B1870FEF722FA07
:10CCA000EDE6414B1870FEF72DFAE8E63E4B1870A2
:10CCB00069462846FEF796FCE1E63B4B187069464C
:10CCC0002846FEF78FFCDAE6374B1870694628468F
:10CCD000FEF788FCD3E6344B187069462846FEF709
:10CCE00081FCCCE6304B187069462846FEF77AFC8A
:10CCF000C5E62D4B187069462846FEF773FCBEE664
:10CD0000294B187069462846FEF76CFCB7E6264B9F
:10CD1000187069462846FEF765FCB0E6224B18708D
:10CD200069462846FEF75EFCA9E600BF7D090020A3
:10CD300080090020604A0108810900209C640108E4
:10CD4000A4640108AC640108B4640108BC6401086F
:10CD5000C4640108CC640108D46401081C5B0108A8
:10CD6000005C01084C5D0108C05C0108E85C01083A
:10CD7000145D0108D46001088C610108B0600108ED
:10CD8000AC5D0108C05F0108B05F0108445E0108A6
:10CD9000905E0108EC5E0108645F010860600108B4
:10CDA000CC5F0108E46101087C090020364B187053
:10CDB00069462846FEF716FC61E6334B1870694653
:10CDC0002846FEF70FFC5AE62F4B18706946284696
:10CDD000FEF708FC53E62C4B187069462846FEF710
:10CDE00001FC4CE6284B187069462846FEF7FAFB12
:10CDF00045E6254B187069462846FEF7F3FB3EE6EC
:10CE0000214B187069462846FEF7ECFB37E61E4BAF
:10CE1000187069462846FEF7E5FB30E61A4B187095
:10CE200069462846FEF7DEFB29E6174A13780133E8
:10CE30001546137021461548FEF76EF92B78022B24
:10CE40007FF61DAE1248FEF71BF800222A7016E688
:10CE50000221104802F0EEFA19E62F2808D0002B24
:10CE60003FF41CAE591C0C4A11700C4AD05415E604
:10CE70000021094D29708022084803F0C0FF0123DA
:10CE80002B70064B1C7009E67C090020DC6401084D
:10CE9000F4640108286501087D090020800900204C
:10CEA000BFF34F8F0549CA6802F4E062044B134395
:10CEB000CB60BFF34F8F00BFFDE700BF00ED00E088
:10CEC0000400FA0508B502F0B5FA08BD00B583B054
:10CED000AA238DF800308DF8010001238DF802306F
:10CEE0000B4601B1FF238DF8033003210DF1010042
:10CEF000FDF796FF8DF8040005216846FFF7E2FF75
:10CF000003B000BD10B582B000230193174C236C11
:10CF100043F080532364236C03F080530193019BFF
:10CF2000FAF7ACFA636F43F001036367FAF796FB15
:10CF300004460E4B5B6F13F0020F04D1FAF78EFB21
:10CF4000001B6428F5D9094B1B6F13F4004F08D15F
:10CF5000064B1A6F42F400721A671A6F42F40042CD
:10CF60001A67034B034A1A65FFF79AFF003802401D
:10CF700000280040524D424C2DE9F04784B00F4646
:10CF80001446302800F0CB8223D8122800F06481A8
:10CF900010D9212800F0B382222800F0B98220287D
:10CFA00014D1FCF751FB80F00101C9B22020FFF73A
:10CFB0008DFF0BE0102800F08A80112800F09D8082
:10CFC000012803D100210120FFF780FF04B0BDE854
:10CFD000F087412800F01D8357D8322800F0DE8208
:10CFE000402800F0F8823128F0D101F07DFE0028C1
:10CFF000ECD10F2CEAD93B787A7843EA0223BA784D
:10D0000043EA0243FA7843EA026300EE103A3B79BE
:10D010007A7943EA0223BA7943EA0243FA7943EA86
:10D02000026005463B7A7A7A43EA0223BA7A43EAF7
:10D030000243FA7A43EA026426463B7B7A7B43EA60
:10D040000223BA7B43EA0243FA7B43EA02631F46A8
:10D05000BA4B93F8DF30002B00F08082B8EEC00AA4
:10D0600007EE900AF8EEE70A07EE904AB8EEE71AE4
:10D07000DFEDB37AB34B187821EE271A60EEA70ADA
:10D0800020EE270AFDF738FBA0E7442800F0D882FD
:10D090000FD843289AD1002A00F0C2820B78003BB7
:10D0A00018BF0123A84A137000214320FFF70EFF89
:10D0B0008CE7522800F0DB82532887D100215320CF
:10D0C000FFF704FF6420FAF7CFFAFFF7E9FEAA237F
:10D0D0009E4C237010236370F822A2709749E01CC5
:10D0E00003F031FFFA21601CFDF79AFE84F8FB0083
:10D0F000FC212046FFF7E6FE68E7F82A40F0A7800B
:10D1000001AB8E4C2068616803C32189A27A198023
:10D110009A70637C1D46D4F80B2016461B0998466E
:10D12000F8223946204603F00EFF01AB03CB206006
:10D1300061601A889B782281A372B4F8DB30632B7C
:10D1400006D9B4F8DD20B2F5006F01D293420CD3BA
:10D150007A4B00226FF03F0183F8DB1083F8DC206C
:10D1600083F8DD20072283F8DE20002300E001336E
:10D17000032B3CDC714A917C580041FA00F202F02A
:10D180000302022A05DD0322824021EA02016B4AE2
:10D1900091746A4A118C9A0041FA02F010F00E0F55
:10D1A00005D00F20904021EA0001644801846349C2
:10D1B000B1F86E1041FA02F010F00E0F06D00F20F9
:10D1C000904021EA00015D48A0F86E105B49B1F87B
:10D1D000C81041FA02F010F00C0FC8D00F2000FA6E
:10D1E00002F221EA0201554AA2F8C810BFE701F095
:10D1F0007BFD78B9514B5A7C2B46534013F00F0FEF
:10D2000004D14E4BD3F80B30B34205D000F088FF69
:10D21000FCF71AFA002313E088EA121313F0010F47
:10D22000F8D0F3E71D46DAB214461046FCF73CF896
:10D230002046FCF74DF92046FCF758FE2B460133FB
:10D24000032BEFDD00211120FFF740FEBEE6012198
:10D250001120FFF73BFEB9E6022A40F24B813B78F2
:10D260007A7843EA02239846A21E92B291460A2B8C
:10D2700046D91344F82B00F238813048457CD0F869
:10D280000B602B099A4639460231404403F05BFE9D
:10D2900001F02AFD68B9294B5A7C2B46534013F004
:10D2A0000F0F04D1254BD3F80B30B3422DD000F033
:10D2B00037FF4346DE2B4BD84B44DB2B19DD1F4A8F
:10D2C000B2F8DB20632A07D91C49B1F8DD10B1F5AB
:10D2D000006F01D28A420CD3184A00216FF03F0040
:10D2E00082F8DB0082F8DC1082F8DD10072182F87A
:10D2F000DE104246122A2BD8122B2CDD00230BE025
:10D3000002211220FFF7E2FD60E68AEA121313F011
:10D31000010FCED0CBE70133032B19DC074A917CF8
:10D32000580041FA00F202F00302022AF3DD032260
:10D33000824021EA0201014A9174ECE7740700205F
:10D340006F12833A0E0B0020010B0020000A002010
:10D350004346212B18D843464B44202B17DD00238E
:10D3600000E00133032B0FDCB04A128C990042FA23
:10D3700001F010F00E0FF4D00F2000FA01F122EAB4
:10D380000102AA490A84ECE743466F2B1AD84346A8
:10D390004B446E2B19DD002300E00133032B11DC1D
:10D3A000A24AB2F86E20990042FA01F010F00E0F76
:10D3B000F3D00F2000FA01F122EA01029B49A1F803
:10D3C0006E20EAE74346C92B1AD843464B44C82B84
:10D3D00019DD002300E00133032B11DC934AB2F87E
:10D3E000C820990042FA01F010F00C0FF3D00F2082
:10D3F00000FA01F122EA01028C49A1F8C820EAE70B
:10D400004346CD2B26D843464B441D46C82B0FDC44
:10D410004346122B1ED8122D1FDD002318E01C4698
:10D42000D8B2FBF7A3FC23460133032BF7DDEFE76C
:10D430000023FAE71D46DAB214461046FBF734FF24
:10D440002046FCF745F82046FCF750FD2B460133FB
:10D45000032BEFDD4346132B18D843464B44132BC5
:10D4600017DD002310E01D46DAB214461046FBF724
:10D470008FFC2046FBF718FF2046FCF729F82046D2
:10D48000FCF734FD2B460133032BECDD4346692BBF
:10D4900014D842464B46D3182A2B05DC292A0DD82E
:10D4A000202B0EDD002300E00023032B06DC1C46AE
:10D4B000D8B2FBF7F9FE23460133F6E74346C72B04
:10D4C00003D843464B446E2B0DDC00211220FFF79E
:10D4D000FDFC7BE51C46D8B2FBF7FAFF234601337F
:10D4E000032BF7DDF1E70023FAE701211220FFF714
:10D4F000EDFC6BE501211220FFF7E8FC66E5FCF787
:10D50000E7F880F00101C9B22120FFF7DFFC5DE5FB
:10D51000FCF70CFA00212220FFF7D8FC56E501F0B9
:10D52000E3FB00287FF452AD032C7FF64FAD404B58
:10D530001878FCF795FA00283FF448AD38787B78E6
:10D54000B978FA7841EA022109B203B149420328C5
:10D550003FF63CAD09B2FBF743FA37E5344C21788E
:10D56000B8EEC00A1846FCF79BFA217807EE905AED
:10D57000B8EEE70A0120FCF793FA217807EE906AEB
:10D58000B8EEE70A0220FCF78BFA217807EE907AD2
:10D59000B8EEE70A0320FCF783FA17E501F0A4FBD5
:10D5A00000287FF413AD022C7FF610AD1F4B93F8CB
:10D5B000DF30002B3FF40AAD7A78BB781B021BB238
:10D5C000134300EE103A1A4B1978B8EEC00A3878B7
:10D5D000FDF70CF9FAE4012A16D90B784A7843EAE8
:10D5E0000223144A1360132B02D8134614221A6024
:10D5F000114B01221A70FAF731F8104B1860002114
:10D600004020FFF763FCE1E401214020FFF75EFCCE
:10D61000DCE40021084B19704120FFF757FCD5E4EA
:10D6200001214320FFF752FCD0E400BF7407002023
:10D630000E0B0020080B0020020B0020040B002022
:10D6400082B10B78003B18BF01230D4A137023B938
:10D6500000214420FFF73AFCB8E4F9F7FFFF094B3B
:10D660001860F5E701214420FFF730FCAEE400210B
:10D670005220FFF72BFC6420F9F7F6FFFFF742FC7E
:10D68000000B0020FC0A00202DE9F843264B1D88E2
:10D69000013DADB24FF6FF739D4238D000240DE03E
:10D6A00094B20BE0214A12F80390601CB11C1044A4
:10D6B000FDF7B6FB814518D00134A4B2A31CAB42E0
:10D6C00025DA1A4A125DAA2AF6D1621C17498F5C24
:10D6D000CE5C06F10408F82EE2D808EB0403013B07
:10D6E000AB42DFDD0134A4B2E8E7E11C32460F4B68
:10D6F00019443846FFF740FC04EB08039BB2EB1AD1
:10D700009DB26E1CB6B226B9074B1E804EB9BDE85D
:10D71000F88308EB040105483246014403F056FB48
:10D72000F2E70024CAE700BF100B0020140B002012
:10D7300038B500244FF000050A4B1C800A4B1C80B2
:10D740004FF480522146094803F059FB084B1D70E5
:10D75000084B1C60084B1D70084B1D70084B1C606B
:10D7600038BD00BF100B00200C0B0020140B002054
:10D77000020B0020080B0020010B0020000B0020F2
:10D78000FC0A002038B505462E4B19702E4B1A881E
:10D79000B2F5805F26D3002101E0013189B28A42CF
:10D7A00003D92A4B5B5CAA2BF7D179B96AB1274B15
:10D7B0009B78F82B0CD9012101E0013189B28A4212
:10D7C00003D9224B5B5CAA2BF7D109B18A4215D849
:10D7D0008A4202D81C4B00221A801B4B1A88B2F5D1
:10D7E000805F15D21A4B00221A80174A1388591CE1
:10D7F0001180164AD554FFF747FF38BD531A1C460F
:10D8000012481A46014403F0E1FA0F4B1C80E4E78A
:10D810000F490B8801339BB20B80642BEDD90B4B66
:10D820001B78AA2BE9D1531E1C460A491A46481EEA
:10D8300003F0CCFA044B1C80054B00221A80FFF742
:10D8400023FFDAE70E0B0020100B0020140B002042
:10D850000C0B0020150B0020644B1B7803B970479C
:10D8600070B5A4B0F9F7FAFE614B1B68C31A614AA0
:10D87000126893426FD35E4B186000240EE0E6B24C
:10D880003046FBF701FA24AB03EB840545F8100C96
:10D890003046FBF731FA45F8200C0134032CEEDD5D
:10D8A000554B1B78002B58D11C4661E0E6B2304640
:10D8B000FBF752FA24AB03EB840545F8900C304695
:10D8C000FCF7BEF805ED200A0134032CEEDDAA2397
:10D8D0008DF82030F0238DF8213048238DF8223048
:10D8E00020AC0FCCCDF82300CDF82710CDF82B209D
:10D8F000CDF82F3004AC0FCCCDF83300CDF8371075
:10D90000CDF83B20CDF83F301CAC0FCCCDF8430018
:10D91000CDF84710CDF84B20CDF84F306C460FCCEA
:10D92000CDF85300CDF85710CDF85B20CDF85F301F
:10D93000324B1B68CDF86330314B1B68CDF8673034
:10D940004A210DF12100FDF76BFA8DF86B004C2197
:10D9500008A8FFF7B7FA24B070BD0024B5E7E0B21D
:10D96000FCF76EF824AB03EB840303ED200A0134CB
:10D97000032CF4DDAA238DF82030F0238DF821301C
:10D9800038238DF8223020AC0FCCCDF82300CDF811
:10D990002710CDF82B20CDF82F3004AC0FCCCDF8CC
:10D9A0003300CDF83710CDF83B20CDF83F301CAC1C
:10D9B0000FCCCDF84300CDF84710CDF84B20CDF873
:10D9C0004F300E4B1B68CDF853300D4B1B68CDF814
:10D9D00057303A210DF12100FDF722FA8DF85B0056
:10D9E0003C2108A8FFF76EFAB5E700BF020B002044
:10D9F000040B0020080B0020000B0020181C002046
:10DA0000141C002000B585B0AA238DF80430F12342
:10DA10008DF8053006238DF806308DF807008DF857
:10DA200008108DF80920C2F307238DF80A30C2F3DD
:10DA300007438DF80B30120E8DF80C2008210DF1E4
:10DA40000500FDF7EDF98DF80D000A2101A8FFF79B
:10DA500039FA05B000BD0000184B1B786BB300B558
:10DA60008BB0AA238DF80430F2238DF805302023E3
:10DA70008DF80630002311E05A0010F813102B32F5
:10DA80006A4402F8241C30F813109A1C090A0DF19C
:10DA9000280C0CEB420202F8241C01330F2BEBDDA7
:10DAA00022210DF10500FDF7BBF98DF82700242197
:10DAB00001A8FFF707FA0BB000BD7047010B00206B
:10DAC000064BB3FBF0F04F2803D9B0F5C87F02D85E
:10DAD0007047502070474FF4C870F9E7C0C62D005A
:10DAE0002DE9F04784B006468946B44BB3F8DB70A5
:10DAF000B3F8DD80A8EB070505EBD575C5F34F0539
:10DB0000474509D2B8F5006F15D255B94FF448759D
:10DB10004FF4E068C02704E04FF448754FF4E06824
:10DB2000C02707EB050A1FFA8AFAA44B93F8DF30E7
:10DB30003BB91C465FE14FF448754FF4E068C027DD
:10DB4000EFE70023019302930393002353E036F899
:10DB50001220A2EB0A0207EE902AB8EEE77A07EE4F
:10DB6000905AF8EE676AC7EE267AB7EE007AF4EEBE
:10DB7000C77AF1EE10FA75DDF7EE007A9FED907A34
:10DB8000F4EEC77AF1EE10FA62DC8C4A92F8F720D4
:10DB90001A4112F0010F72D0FFEE006A1A1D1141F6
:10DBA00011F0010F10D0854AB2F8D020024102F0E6
:10DBB0000F0236F81220A2EB0A02102A04DC12F13E
:10DBC000100F5FDAF1EE666A03F174017B4A32F8F6
:10DBD000112007EE102AB8EE477A9FED7A6A27EEF9
:10DBE000067A67EEA67A67EE877A04AA02EB8302CA
:10DBF00042ED037A0133022B47DC7049B1F8CE20A5
:10DC00009800024102F00F0291F8D21041FA03F499
:10DC100014F0010F9BD036F81220D21B07EE902A89
:10DC2000B8EEE77AA8EB070206EE902AF8EEE66A6D
:10DC3000C7EE267AF5EEC07AF1EE10FA1CD4B7EEF4
:10DC4000007AF4EEC77AF1EE10FA97DDF7EE007A7B
:10DC50009FED5D7AF4EEC77AF1EE10FA95D5DFED1F
:10DC60005B7A92E7BFEE007AF4EEC77AF1EE10FA33
:10DC700084D5FFEE007A88E7DFED547A7EE7F7EE91
:10DC8000006A8BE7DFED516A9EE748469DED031A77
:10DC9000DDED020A9DED010AFCF72EFD04B0BDE8A2
:10DCA000F08736F8133007EE103AB8EEC77A37EE41
:10DCB000467AC7EE267AB7EE007AF4EEC77AF1EE2E
:10DCC00010FA22DDF7EE007A3C4B93F8F720224160
:10DCD00012F0010F26D0BFEE000A231D41FA03F314
:10DCE00013F0010F23D0354BB3F8D030034103F0CC
:10DCF0000F0336F81330A3EB0A03102B17DC13F1D4
:10DD0000100F12DAB1EE400A11E0BFEE007AF4EE25
:10DD1000C77AF1EE10FAD7D5FFEE007AD4E7DFED3F
:10DD20002B7AD1E7B7EE000AD7E79FED280A234BFD
:10DD30009B7C6200134103F00303022B14D0012BE0
:10DD400024D004F168021D4B03EB4203B3F8033007
:10DD500007EE103AB8EE477A002B41D0B3F57A7F40
:10DD600040D99FED1E7A3DE004F16802134B03EBAE
:10DD70004203B3F8033007EE103AB8EE477A092BA6
:10DD800001D89FED137A67EE877A2DE004F16802DF
:10DD90000A4B03EB4203B3F8033007EE103AB8EE38
:10DDA000477A33B144F62062934204D99FED097A51
:10DDB00001E09FED097A67EE877A15E0740700208D
:10DDC000CDCC4CBD6F12833ACDCC4C3D0000000051
:10DDD0000000614500409C4600401C4600007A441B
:10DDE0001FED027A67EE877A494620EE270AE0B2F5
:10DDF000FBF756FE0134032C3FF750AF454BB3F809
:10DE0000CE30A000034103F00F0336F81320BA42CE
:10DE100013D3424511D8404931F813108A4202D237
:10DE20003D4921F8132036F813203C4931F81310EE
:10DE30008A4202D9394921F8132007EE90AAB8EE98
:10DE4000676A07EE905AF8EE676A344A32F81310A0
:10DE5000314A32F8132091422FD94FF6FF7C6245A8
:10DE60002BD0AAF1100C624527DA0AF1100C61459B
:10DE700023DD07EE902AF8EE677A07EE101AB8EE67
:10DE8000477A77EE877AB6EE007A67EE877A9FED6B
:10DE9000247A36EE077AB4EEE77AF1EE10FA01D47E
:10DEA000B0EE677ADFED1E7A36EE676AB4EEC76AC7
:10DEB000F1EE10FA01DCB0EE476A0DB9F7EE006A38
:10DEC000144A92F8D21041FA04F212F0010F3FF412
:10DED000E8AE36F81330DB1B07EE903AB8EEE77A7F
:10DEE000A8EB070306EE903AF8EEE66AC7EE267A4C
:10DEF000F5EEC07AF1EE10FA3FF511AFB7EE007A09
:10DF0000F4EEC77AF1EE10FA7FF7DEAEF7EE007AA4
:10DF1000DAE600BF74070020F41B0020D41B0020A9
:10DF20000000004370B584B0204B1A5C003A18BF63
:10DF300001224FF400511E48F9F718F81D4C1E4BF2
:10DF400063604FF4806323614FF40056E660002560
:10DF5000A560042363612046FAF7E4F92046FAF746
:10DF60004BF92620F9F716FB009523681A680092F2
:10DF70005A680092009A01951A6801925A680192B3
:10DF8000019A02951A6802925A680292029A0395BF
:10DF90001A6803925B680393039B32460749204645
:10DFA000FAF7B8FC064B1D6004B070BD6468010848
:10DFB0000008024054020020A0860100643C0020BA
:10DFC0009C1B002030B585B01F4B1A5C003A18BF6F
:10DFD00001224FF400511D48F8F7C8FF1C4D1D4B9E
:10DFE0006B6000242C61EC60AC602846FAF79AF96B
:10DFF0002846FAF701F92620F9F7CCFA00942B68A5
:10E000001A6800925A680092009A01941A68019264
:10E010005A680192019A02941A6802925A6802920E
:10E02000029A03941A6803925B680393039B4FF46C
:10E03000005209492846FAF76DFC084B1C60084B52
:10E040001C7005B030BD00BF6068010800080240C8
:10E0500054020020A0680600643C00209C1B0020A5
:10E06000BE1B002030B585B00446234B5A5C003AF5
:10E0700018BF01224FF400512048F8F777FF204BDA
:10E0800053F824301F4D6B6000242C61EC6028464F
:10E09000FAF748F92846FAF7AFF82620F9F77AFA9E
:10E0A00000942B681A6800925A680092009A0194B2
:10E0B0001A6801925A680192019A02941A680292AF
:10E0C0005A680292029A03941A6803925B68039357
:10E0D000039B4FF400520C492846FAF71BFC0B4BEC
:10E0E0001C600B4B1C700B4B1C700B4B1C700B4BB8
:10E0F0001C7005B030BD00BF606801080008024018
:10E100003068010854020020643C00209C1B002061
:10E11000991B0020981B0020971B0020941B0020B7
:10E1200030B585B000243C4B1C703C4B1C603C4B14
:10E130001C603C4B1C803C4B1C70F9F78FFA3B4B2E
:10E140001860F9F78BFA3A4B1860234609E0394A10
:10E150004FF6FF7122F81310374A002122F81310EE
:10E1600001330F2BF3DD354C627CC2F300124FF408
:10E1700000513348F8F7FAFE324D2846FAF7D2F844
:10E18000D4F80B306B60637C03F00F03012B3CD0A1
:10E190002C4B00221A61DA602A4C0025A56004236A
:10E1A00063612046FAF728F82620F9F7F3F9236887
:10E1B000DA6822F02002DA60DA6822F48072DA602B
:10E1C0005A6922F001025A6100951A6800925A6851
:10E1D0000092009A01951A6801925A680192019A78
:10E1E00002951A6802925A680292029A03951A6876
:10E1F00003925B680393039B134B4FF00062134938
:10E20000204600F0C1FF05B030BD4FF480622A61A6
:10E210004FF40052EA60BFE7401C0020181C0020A9
:10E22000141C0020601C0020C51B00203C1C00208A
:10E23000D01B0020F41B0020D41B002074070020FA
:10E240000008024054020020643C00208860024024
:10E2500010B5674B1B78012B44D0032B65D0022BE4
:10E2600000F08680092000F05FFDFBF74DFEFAF715
:10E2700029FF5F4B1B78002B40F099805C4B1B788B
:10E28000002B00F0A6805B4B587CD3F80B20C0F32A
:10E29000001100F00F00FFF7B5FB574C2046FAF7CE
:10E2A00079FBFFF73DFF2046FAF774FB504B1B78D4
:10E2B000002B00F098804F4B5B7C03F00F03012B89
:10E2C00000F08F80032B00F08A804C49494BD3F833
:10E2D0000B204B48FCF720FF00234A4A13704A4AA0
:10E2E000137010BD434A537C23F00F0141F001012C
:10E2F000517400206FF05F01D1726FF079011173DA
:10E3000001215173907323F01F030B433F49097898
:10E310003F4C615C090101F010010B4353743D4B0C
:10E320001870062000F000FD9FE7324A537C23F06E
:10E330000F0141F00301517400206FF05F01D172B1
:10E340006821117306215173907323F01F0343F06A
:10E3500003032E490978304C615C090101F010017A
:10E360000B4353742B4B1870082000F0DDFC7CE746
:10E3700020494B7C23F00F0242F002024A74274AE4
:10E380001078274A52F82020C1F80B2023F01F03F1
:10E3900043F002031D4A12781F48825C120102F00A
:10E3A000100213434B74072000F0BEFC5DE7FBF73F
:10E3B0002DFA18B11048FAF7EDFA5FE71948FCF7A3
:10E3C000ABFEFBF741F90028F4D11748FCF7A4FE97
:10E3D000F0E71A4619461846FFF714FB5DE71349A4
:10E3E00074E7134972E71348FCF796FE74E700BF21
:10E3F000C01B0020740700200002002064570108A1
:10E4000014660108C41B0020C31B0020C21B00208F
:10E4100064680108CC1B002060680108C11B002053
:10E4200030680108CC650108FC65010874570108D3
:10E430006C5701082C66010830B583B01F4C20468C
:10E44000F9F770FF4720F9F7A5F82368DA6822F09A
:10E450002002DA60DA6822F08002DA60DA6822F0FC
:10E460004002DA60164D00232B80164B4FF02062DD
:10E470001549204600F088FE2B88ADF8063006E0EE
:10E480000DF106020D4BD96B0E4800F0D9FEBDF818
:10E4900006200A4BD96B0B4800F0C2FE0028EFD1D2
:10E4A000074BBDF806201A8000F074FF4FF0206281
:10E4B0000649024800F0DAFE03B030BD0C0200202D
:10E4C0005E1C0020641C002040640240A0640240E6
:10E4D000012800D0704708B5034B01221A70F9F7E4
:10E4E000BDF8024B186008BDC51B0020C81B0020EA
:10E4F00070B5A2B08D4B1D78032D00F0068114D8A5
:10E50000012D18D0022D14D1894BDB6B1B685B6881
:10E510009BB2C3F50054A4B2013B9BB2B3F5005FBC
:10E52000C0F0978041F6FF7493E0042D01D1FFF70E
:10E530008FFE22B070BD7E4BDB6B1B685B689BB2AD
:10E54000C3F50054A4B2013B9BB2B3F5005F16D3F0
:10E5500041F6FF7413E0774B1970774B01221A7064
:10E560000DE0764B01221A70744B1B78012B30D1D1
:10E570006E4B04221A70DCE76F4B00221A70704B4E
:10E580001B689C42F0D06F4AD15C0133C3F30C038B
:10E590006B4A1360684B1B780BB90F29DBD05A1EEE
:10E5A000D2B2172AE8D85A1CD2B263480270614826
:10E5B000C154182AE3D9FCF75FFB30B1624A1378E3
:10E5C0000133DBB21370012BCBD85B4B00221A70E6
:10E5D000D5E7F9F743F85D4B1B68C01A6328A8D943
:10E5E0005B4B18780130C0B21870012811D9002493
:10E5F000574B1C702046FFF7E5FC534B1C704E4BED
:10E600001C704A4B02221A70F9F728F84F4B186019
:10E610008FE7FFF787FC00234B4A1370464A1370BD
:10E62000F9F71CF8494B186083E7424B1970424BCD
:10E6300001221A700DE0414B03221A703F4B1B78E8
:10E64000032B30D1394B04221A7072E73A4B002267
:10E650001A703B4B1B689C42F0D03A4AD15C0133A4
:10E66000C3F30C03364A1360334B1B780BB9C8292C
:10E67000DBD05A1ED2B2182AE8D85A1CD2B22E4881
:10E6800002702C48C154192AE3D9FCF71BFB30B1A6
:10E690002D4A13780133DBB21370012BCBD8264BF4
:10E6A00000221A70D5E7F8F7D9FF284B1B68C01A6B
:10E6B0004F287FF63EAF264B18780130C0B2187055
:10E6C000012816D90024234B1C70214B1C702146B5
:10E6D0002046FFF7C7FC204B1C70204B1C70204BC2
:10E6E0001C70124B03221A70F8F7B8FF174B186012
:10E6F0001FE7FFF767FC0023134A13700E4A1370DD
:10E70000F8F7ACFF114B186013E7094BDB6B1B6884
:10E710005B689BB2C3F50056B6B2013B9BB2B3F542
:10E72000005F33D341F6FF7630E000BFC41B00200A
:10E7300054020020A41B0020BE1B0020C01B002090
:10E740009C1B0020643C0020BF1B0020A01B00205D
:10E75000C21B0020C11B0020991B0020971B00201A
:10E76000941B0020002B2FD0012B04D1644B1C7074
:10E77000644B02221A70644B1B78002B40F081809E
:10E78000624B1B78002B66D12F2C5DD0604B1B6831
:10E790009E4276D05F4AD45C0133C3F30C035C4ADB
:10E7A0001360584B1B78022B14D0DBD9032B23D0DA
:10E7B000042BE0D1524B1B788DF80430564B19785E
:10E7C0008DF8051000232FE0AA2CD4D14D4B012247
:10E7D0001A70D0E7802C0BD84F4B1C704F4B002287
:10E7E0001A701CB90422474B1A70C4E72A46FAE78C
:10E7F000444B00221A70BEE748490A78531CDBB22A
:10E800000B7047498C54444A12789342B3D33D4B22
:10E8100004221A70AFE74248C05C03F18A026A44DE
:10E8200002F8840C0133DBB29942F4D8023101A81A
:10E83000FCF7F6FAA04203D0324B00221A709AE796
:10E84000314B02221A7096E7304B01221A70354B79
:10E8500000221A709AE70D2C10D00A2C0ED0203C02
:10E86000E4B25E2C15D82F4A13780133DBB2137053
:10E87000142B8BD9254B00221A7087E7224B0222DA
:10E880001A70214B1B78022B07D1274B04221A70D8
:10E890004FE61E4B00221A7078E7F8F7DFFE234B95
:10E8A0001D68451B224B1C78224B53F82400FFF7B0
:10E8B00007F98542FFF43DAE1F4B19780131C9B20B
:10E8C000197001290CD91C4B00221A70601CC0B2AF
:10E8D000174B18700B280BD9134B04221A7028E61B
:10E8E0002046FFF7BFFBF8F7B9FE104B186020E693
:10E8F0001146FFF7B7FBF8F7B1FE0C4B186018E6AE
:10E90000961B0020971B0020C01B0020991B002095
:10E910009C1B0020643C0020951B0020941B0020C1
:10E92000141B0020981B0020C41B0020A01B0020EB
:10E93000C11B002030680108C21B0020144B1B784B
:10E9400003B1704710B50123114A1370114A1370B7
:10E950000024114B1C70114B1C70114B1C70114B7F
:10E960001C70114B1C70114B1C70114B1C70114B07
:10E970001C70114B1C70052000F0D6F9FBF7C4FA8F
:10E980002046FFF7CFFAF8F769FE0C4B186010BD70
:10E99000C31B0020C41B0020C21B0020C11B002081
:10E9A000C01B0020BF1B0020BE1B0020991B0020A5
:10E9B000981B0020971B0020941B0020A01B002008
:10E9C000F0B589B0A04B5F7CC7F3401787F0010614
:10E9D0009E4B1A889E4BD96B9E4800F021FC0DE09F
:10E9E0009A4A9B4BD96B9B4800F02AFC054631465E
:10E9F000FEF7C8FE2846FEF72DF82046431E9CB2BF
:10EA00000028EDD1944B1B7853B1FFF771FD934B68
:10EA10001B78002B40F04F81FEF71EFF09B0F0BDC0
:10EA20008F4B1A888F4BD96B8F4800F0F9FB864BC0
:10EA30005B7C03F00F03012B2AD0032B40F03681BF
:10EA4000A6E08A4B18708A4B01221A701FE0894A8F
:10EA5000136801331360F8F701FE874B1860874B8A
:10EA600000221A70DFF824C265466E460FCE0FC52D
:10EA700096E80F0085E80F006046FEF7EDFF394687
:10EA80006846FFF72DF82BE0794B00221A702046DC
:10EA9000431E9CB240B3724A724BD96B724800F06D
:10EAA000CFFB734B1B780BB90F28CAD05A1ED2B2BA
:10EAB000172AE9D85A1CD2B26D490A706B49C8545A
:10EAC000182AE4D96E4A136801331360F8F7C6FDBB
:10EAD0006C4B186069466548FCF736F80028B6D1DB
:10EAE000634B00221A70D2E7614B1B78F3B9634B7A
:10EAF0001B78042B8BD8F8F7B1FD5F4B1B68C31A4A
:10EB000040F6B832934282D95C4A137801331370CD
:10EB1000F8F7A4FD584B18605B4C2046F9F73AFF14
:10EB2000FFF7FEFA2046F9F735FF70E7F8F796FD94
:10EB3000544B1B68C31A142BD9D94D4B00221A70A1
:10EB4000D5E74A4B18704A4B01221A701FE0494A18
:10EB5000136801331360F8F781FD474B1860474B8A
:10EB600000221A70DFF824C165466E460FCE0FC52D
:10EB700096E80F0085E80F006046FEF76DFF394606
:10EB80006846FEF7ADFF2BE0394B00221A70204695
:10EB9000431E9CB240B3324A324BD96B324800F02C
:10EBA0004FFB334B1B780BB9C828CAD05A1ED2B2C0
:10EBB000182AE9D85A1CD2B22D490A702B49C854D8
:10EBC000192AE4D92E4A136801331360F8F746FD79
:10EBD0002C4B186069462548FCF791F80028B6D1FF
:10EBE000234B00221A70D2E7214B1B7803BB234B27
:10EBF0001B78042B3FF60BAFF8F730FD1E4B1B685C
:10EC0000C31A40F6B83293427FF601AF1B4A13781D
:10EC100001331370F8F722FD174B18601A4C204689
:10EC2000F9F7B8FEFFF77CFA2046F9F7B3FEEEE6F7
:10EC3000F8F714FD134B1B68C31A142BD7D90C4BD0
:10EC400000221A70D3E700BF740700205E1C00206A
:10EC50000C020020641C0020C31B0020C51B0020E8
:10EC6000601C002054020020643C0020441C002052
:10EC7000401C0020141C0020D01B0020CC1B0020B6
:10EC8000181C00203C1C0020000200201C1C00203E
:10EC9000104A114BD96B114800F0D2FA054639469B
:10ECA000FEF770FD2846FDF7D5FE2046431E9CB2B8
:10ECB0000028EDD1ABE6F8F7D1FC094B1B68C01A70
:10ECC000B0F57A7F7FF6A8AE064B00221A70FFF7E8
:10ECD00035FEA1E6601C002054020020643C0020A8
:10ECE000C81B0020C51B0020014B1878704700BFCF
:10ECF000C31B002008B50022064B1A70064B1A6091
:10ED0000064B1A70064B1A7010210648F8F72EF9B8
:10ED100008BD00BF6C5C0020685C0020655C0020C2
:10ED2000645C00200000024008B50A4B1B78834257
:10ED300000D108BD074B1870F8F790FC064B18601F
:10ED40000022064B1A70064B1A7010210548F8F77E
:10ED50000DF9EEE76C5C0020685C0020655C00202B
:10ED6000645C00200000024010B5F8F777FCB24B5D
:10ED70001C68041BB14B1B78052B00F0F28019D9DD
:10ED8000082B00F03D8155D8062B00F0F880072BAA
:10ED900028D1AB4B1B78012B40F21A8100221021A5
:10EDA000A848F8F7E3F8B4F5FA6F1BD90320FFF78A
:10EDB000BBFF17E0022B71D015D8002B4DD0012BD3
:10EDC00010D1A14AA2FB043292094FF47A7303FBDB
:10EDD0001242B2F5FA7F34BF002201221021994875
:10EDE000F8F7C4F810BD032B6AD0042BFAD1A3089E
:10EDF000964AA2FB03235B0940F24C4202FB1343F9
:10EE00009BB2C72B40F28F80B3F5C87FC0F09180D2
:10EE1000B3F5167FC0F09380B3F5487FC0F09580BE
:10EE2000B3F57A7F80F09780002210218548F8F7AB
:10EE30009DF8D7E7092B00F01A810A2BD2D1844B19
:10EE4000A3FB0432C2F3401282F0010202F001027D
:10EE500010217C48F8F78AF8C4E7794B1B78022B1D
:10EE600016D87B4AA2FB0432C2F34712D24302F007
:10EE7000010210217348F8F779F8714B1A78C8230A
:10EE800002FB0333A342ADD801326D4B1A70A9E7E0
:10EE9000002210216B48F8F769F8A3E76A4AA2FB41
:10EEA000043292094FF47A7303FB1242B2F5487FA1
:10EEB00034BF0022012210216248F8F757F891E789
:10EEC000A308624AA2FB03235B0940F24C4202FB07
:10EED00013439BB2952B0ED9B3F5967F11D3B3F59F
:10EEE000E17F14D3B3F5167F17D2012210215548C4
:10EEF000F8F73CF876E7002210215248F8F736F888
:10EF000070E7012210214F48F8F730F86AE7002235
:10EF100010214C48F8F72AF864E7012210214948EB
:10EF2000F8F724F85EE7002210214648F8F71EF8AB
:10EF300058E7012210214348F8F718F852E7002259
:10EF400010214048F8F712F84CE7012210213D4803
:10EF5000F8F70CF846E7012210213A48F8F706F8CE
:10EF600040E73B4AA2FB0442C2F3001282F00102D6
:10EF700002F0010210213348F7F7F8FF32E7304B77
:10EF80001B78022B17D8324AA2FB0432C2F3471275
:10EF9000D24302F0010210212A48F7F7E7FF284B7D
:10EFA0001A78C82302FB0333A3423FF61BAF01329A
:10EFB000234B1A7016E7002210212248F7F7D6FFDC
:10EFC000B4F5FA6F7FF60EAF0220FFF7ADFE09E74A
:10EFD0001F4AA2FB0432C2F34712D24302F00102DD
:10EFE00010211848F7F7C2FF154B1A78C82302FB07
:10EFF0000333A3423FF6F6AE0132114B1A70F1E62D
:10F000000F4B1B78032B25D8114AA2FB0432C2F305
:10F010004712D24302F0010210210A48F7F7A6FF77
:10F02000074B1A78C82302FB0333A3423FF6DAAE3C
:10F030000132034B1A70D5E6685C00206C5C00203E
:10F04000645C002000000240D34D6210DD01CA1D47
:10F050001F85EB51002210211448F7F787FFB4F504
:10F06000FA6F7FF6BFAE0420FFF75EFEBAE6104BE4
:10F07000A3FB0423DB094FF4FA6202FB13439BB2A8
:10F08000B3F57A7F0CD20B4AA2FB0323C3F34712DA
:10F09000D24302F0010210210448F7F767FFA1E60E
:10F0A000012210210148F7F761FF9BE600000240B2
:10F0B000D34D62101F85EB51054B1A68536923F03D
:10F0C00080035361034B1B889BB2034A1380704734
:10F0D000747C0020725C0020705C002008B5174B27
:10F0E0001A8892B2164B1B889BB29A4213D0154BCA
:10F0F0001A68536913F0800F0DD1114B198889B22A
:10F100000E4B1B889BB28B4206D90C4B1B889BB2C3
:10F110005B1A9BB223B908BDC1F500539BB2F9E756
:10F1200009480380506940F080005061043207486C
:10F1300001440748F8F722F8EDE700BF725C0020B1
:10F14000705C0020747C00206E5C0020745C0020E9
:10F15000787C002008B5094B1A68536923F08003B6
:10F16000536107490B88074A128892B212FA83F357
:10F17000C3F30C030B80FFF7B1FF08BD747C0020C4
:10F18000705C00206E5C002070B582B005461E46A3
:10F190001F4B99422DD8002300931E4B186B40F44F
:10F1A000001018631B6B03F400130093009B184BB3
:10F1B00099422BD8184C216062600022A260E26064
:10F1C0004FF4806323616261A2614FF48073E36155
:10F1D0004FF40033236262622046F7F767FFEC6367
:10F1E000A5634FF4005231462846F9F793FB02B06D
:10F1F00070BD00230193074B186B40F48000186327
:10F200001B6B03F480030193019BD0E7034CD2E70F
:10F210000F64024000380240387D0020D87C002076
:10F220000B68586880B2C0F5005080B2904202D39B
:10F23000801A80B27047801A00F5005080B2704783
:10F240000B68596889B2C1F5005189B213888B42A5
:10F250000AD0C05C01335942C3F30C03C1F30C0163
:10F2600058BF4B42138070470020704770B582B082
:10F27000064600681A4B186000251A4B1D801A4B71
:10F280001D800195194B186B40F4800018631B6BAF
:10F2900003F480030193019B154C216062604023BD
:10F2A000A360E5604FF4806323616561A561E5615A
:10F2B0004FF40033236265622046F7F7F7FEB4632C
:10F2C000A6630C4BE3630C4BE3642A4606214520FE
:10F2D000F8F74CF94520F8F759F902B070BD00BFB6
:10F2E000747C0020725C0020705C002000380240BA
:10F2F000787C002055F10008B9F0000838B5964632
:10F300001A46002B3DD003889BB20C88A4B2A342BE
:10F310000BD3E41A41F6FF7111FA84F4A4B29442BB
:10F3200000D3144674B3002116E0E41AA4B2013CE1
:10F33000A4B2F4E71EF801C0134A02F803C0013377
:10F34000D3F1000CC3F30C03CCF30C0C58BFCCF17D
:10F3500000039BB2013189B28C42EBD8EFF31082EB
:10F36000154672B60380094B1A8892B2084B1B8867
:10F370009BB29A4202D12DB962B603E0FFF7AEFE0E
:10F38000F9E71C46204638BD745C0020725C002002
:10F39000705C002010B582B0F8F760F9044605E013
:10F3A000019B01330193019B632BF9DD174B1A88F5
:10F3B00092B2174B1B889BB29A4208D0F8F74EF9CD
:10F3C000001BB0F5FA7F02D200230193EBE70F4B4D
:10F3D0001A8892B20E4B1B889BB29A4201D102B09E
:10F3E00010BD0C4C2046F7F7FEFE0B4B1A68536914
:10F3F00023F080035361054B1B889BB2044A1380A2
:10F40000064BE363064BE364E9E700BF725C002050
:10F41000705C0020787C0020747C002055F100088E
:10F42000B9F0000808B50248F7F73AFF08BD00BF79
:10F43000787C0020F0B583B006460D46F8F70EF94B
:10F440000746002406E0019B01330193019BB3F5BD
:10F45000FA6FF8DBAC4212D22B1B9BB2321909496E
:10F460000948FFF74BFF204484B2A54207D9F8F7BB
:10F47000F5F8C01BC82802D800230193E6E7204610
:10F4800003B0F0BD705C0020725C0020DFF834D067
:10F49000F9F786FA0C480D490D4A002302E0D458CA
:10F4A000C4500433C4188C42F9D30A4A0A4C0023CE
:10F4B00001E013600432A242FBD301F01DFDF5F719
:10F4C000ABFF70470000012000000020DC0100209D
:10F4D00070700108DC010020E87E0020FEE70021BA
:10F4E00000F016BE0A22002100F098BE0A22002178
:10F4F00000F094BE70B504460D4645EC104B164620
:10F5000003F068FB51EC100B7EB1C5F30A53C3F155
:10F510006B03002B09DD1B0503F17F55002405F566
:10F52000401522462B46F5F75FF841EC100B70BDF5
:10F530002DE9F04F9FB00E461792002204901A92C8
:10F540004FF000084FF0000919910A782B2A0D4658
:10F5500001F101011CD00AD80D2A05D8082AF3D8D8
:10F5600072B100230B9382E0202AEDD0F9E72D2A17
:10F5700010D10122691C19910B926A78002A37D1A7
:10F58000179B1996002B40F0A88542464B462AE06F
:10F590000022EFE700210B91302A40F09D806A782D
:10F5A00002F0DF02582A5AD102930B9B01931AAB47
:10F5B0000093874A04981BAB19A902F0EDFB10F0E9
:10F5C0000F04064605D0062C14D1013500231995E9
:10F5D0000B93179B002B40F082850B9B002BD4D004
:10F5E000424609F1004343EC102B1FB0BDE8F08FF9
:10F5F0000D46D1E71A9A3AB135211CA803F0E3FB76
:10F600001A99049802F09AFF013C042C06D8DFE80E
:10F6100004F014031E211400DDE91C89F10548BF24
:10F6200049F0004929F000431B0D1B05002BD0D1E8
:10F6300001F05CFC22230360CBE7DDE91C831B9A0D
:10F6400023F4801302F2334243EA0259E6E7DFF87B
:10F650008891E3E76FF000494FF0FF38DEE70135AE
:10F6600019952B78302BFAD0002BB2D001234FF014
:10F67000000A07932846CDF838A0D3460A23047819
:10F68000A4F13002092A29D95249012201F0BFFB15
:10F69000002836D00020224606905C460146652AA6
:10F6A00001D0452A16D124B9079B03433FF468AF24
:10F6B0000024199E731C199372782B2A7FD02D2A4F
:10F6C00000F083804FF0000CA2F13003092B40F2D0
:10F6D000898019960023ACE00023C8E7BBF1080F2E
:10F6E000DCBF0E9A03FB024200F10100D5BF303AA5
:10F6F00003FB0A420E92A2F1300A0BF1010B1990A2
:10F70000BDE7199B5A1C19925A78BBF1000F3BD0E8
:10F7100006905C46A2F13003092B11D90121BEE706
:10F72000199B5A1C19925A780130302AF8D0A2F14C
:10F730003103082B00F2D8840690199D002004465E
:10F74000303A00F1010319D0069905941944069145
:10F75000A4464FF00A0E0CF10107391B8B4215DC51
:10F76000059920EAE07001440134082904441CDCB6
:10F770000E990A2303FB01230E930023199A511CAF
:10F78000199152781846C5E75846CEE7BCF1080FE4
:10F7900005DC0E990EFB01F10E91BC46DBE70AFB7E
:10F7A0000EFC102FD8BFE246F7E70F29DCBF0A2373
:10F7B00003FB0A2AE1E700230693012174E74FF0D7
:10F7C000000CB31C1993B2787EE74FF0010CF8E7F8
:10F7D000506A0108666801080000F07F199B5A1CF6
:10F7E00019925A78302AF9D0A2F13103082B3FF64A
:10F7F00071AFDDF864E0CDF814E0A2F130030A93B4
:10F80000059B013319931A780593A2F13007092F4C
:10F810003BD9A3EB0E03082B44F61F633DDC0A9F84
:10F820009F42A8BF1F460597BCF1000F02D0059B61
:10F830005B420593002C51D1079B03437FF4C9AE73
:10F8400000297FF49DAE692A2BD028DC492A28D0D4
:10F850004E2A7FF495AE9F4919A802F0BBFC002800
:10F860003FF48EAE199B1B78282B31D19A491CAAE4
:10F8700019A802F0C4FC05282AD11D9BDDF8708070
:10F8800043F0FF4949F4E009A3E60A9B0A2707FB76
:10F890000327A7F130020A92B2E70593C4E76E2A64
:10F8A000D7E78E4919A802F095FC00283FF468AE0E
:10F8B000199B8B49013B19A8199302F08BFC10B9D5
:10F8C000199B01331993DFF828924FF0000880E666
:10F8D000844801F049FB59EC108B7AE6DDE90532EA
:10F8E0000E989B1ABBF1000F08BFA346102C0A9379
:10F8F0002646A8BF1026F4F7FDFD092C8046894650
:10F9000013DC0A9B002B3FF464AE0A9B6FDD162BC1
:10F9100056DC754901EBC301D1E9000142464B4673
:10F92000F4F762FE8046894653E66F4B03EBC6034D
:10F9300053E91223F4F758FE804650468946F4F7FF
:10F94000D9FD02460B4640464946F4F797FC0F2C7A
:10F9500080468946D5DD0A9BA4EB060A9A44BAF193
:10F96000000F40F392802AF00F061AF00F0A4DD1D3
:10F97000B6F59A7F5ADC4946DFF870913611404659
:10F980000027012E76D1A1F15479584901EBC70126
:10F9900002464B46D1E90001F4F726FE544B0A46D5
:10F9A0000B4054498B42804640D8A1F580118B42D0
:10F9B00086BFDFF844914FF0FF3802F1547932E00E
:10F9C0000A9AC4F125039342C5DB474DC4F10F04E5
:10F9D00005EBC40142464B46D1E90001F4F704FEB1
:10F9E0000A9B1C1B05EBC405D5E9002398E71633D9
:10F9F000B1DBDDE905239A1A3B4B03EBC203D3E9E4
:10FA0000002340464946F4F719FF8BE7364901EBDE
:10FA1000CA0142464B46D1E90001F4F7E5FD8046B4
:10FA20008946002EA4D1002307939BE0002405946F
:10FA30000E940694049ADFF8B890222313604FF0D6
:10FA400000080E9B002B3FF4C4AD1A99049802F0F5
:10FA500075FD0699049802F071FDDDE9040102F0DC
:10FA60006DFD0E99049802F069FD0498214602F09C
:10FA700065FDAEE5F20703D5D9E90023F4F7B4FD3F
:10FA80000137761009F108097BE7CCD0CAF1000AEA
:10FA90004FEA2A161AF00F0A0DD11F2E2EDD002470
:10FAA00005940E940694049A22234FF000084FF018
:10FAB00000091360C5E70C4B03EBCA0340464946F7
:10FAC000D3E90023F4F7BAFE80468946002EAAD077
:10FAD000E3E700BF756801083C6A01086D6801082A
:10FAE000A7680108396A0108C86B0108A06B010802
:10FAF0000000F07F0000A07CFFFFEF7F16F01003F6
:10FB000018BF6A23754F079340464946F30703D54C
:10FB1000D7E90023F4F768FD761007F10807F5D15F
:10FB2000079B80468946ABB1C1F30A52C2F16B0311
:10FB3000002B0F460EDD1F2B55DD342BDEBF4FF0A3
:10FB4000FF33C2F14B029340B046CCBF4FF05C791B
:10FB500003EA01090022002340464946F4F7ACFFBE
:10FB600000289CD10E9B0093049823465A462946B0
:10FB700002F04CFD0E9000283FF458AFDDE905235C
:10FB80009B1A0A9A002AA8BF00231493002422EA91
:10FB9000E273169305940E9B0498596802F090FC4A
:10FBA000069000283FF446AF0E9B1A69023203F11B
:10FBB0000C0192000C3001F0C6F949EC108B04984E
:10FBC0001CAA1BA9CDE90C8903F074F81A9000282F
:10FBD0003FF430AF0498012102F0AEFD05900346DA
:10FBE00040B9059326E74FF0FF3202FA03F303EA28
:10FBF0000008AFE71B9D079A002DABBF149B169B17
:10FC0000169E149FACBFEF185E1B1C9BAD1A1D44C3
:10FC1000334A013D9542C3F1360354DA3149521B50
:10FC20008D42A3EB02034FF0010140DB01FA02FA1F
:10FC3000002507EB030B1E44079B5F451E443B4614
:10FC4000A8BF5B46B342A8BF3346002BC2BFABEB95
:10FC5000030BF61AFF1A149B002B18DD1A46DDE978
:10FC6000040102F035FE059003460028B9D0014694
:10FC70001A9A049802F076FD034600283FF4DAAEA3
:10FC80001A9904980F9302F059FC0F9B1A93BBF139
:10FC9000000F1ADC0A9B002B26DD169A06990498A1
:10FCA00002F016FE06900346F0B90693C2E6C5F1CF
:10FCB0007F4505F57F0505F57B45E23501FA05F53C
:10FCC0004FF0010AB5E70025FAE71A9904985A4659
:10FCD00002F05AFE1A900028DCD1ABE6686A0108EF
:10FCE00002FCFFFFE3FBFFFF002E08DD06990498EE
:10FCF000324602F049FE069003460028D5D0002F78
:10FD000008DDDDE904013A4602F03EFE05900028D8
:10FD10003FF490AE069A1A99049802F0C3FE044686
:10FD200000283FF487AEC3680F9300230599C36092
:10FD300002F09CFE00283CDA0F9B53EA08035FD1D7
:10FD4000C9F313034E46002B5AD129F000431B0D73
:10FD50001B05B3F1D66F53D9636913B92369012B1E
:10FD60004EDD21460122049802F00EFE059904465C
:10FD700002F07CFE002843DDAD4B079A3340002A99
:10FD80005DD0B3F1D66F5AD8B3F15C7F7FF68BAEFE
:10FD9000A84B404649460022F4F726FCA44B0B40F2
:10FDA00080468946002B7FF450AE049A22231360CC
:10FDB0004BE64E4660D10F9AC9F313034AB39E4AED
:10FDC000934229D1079B4146F3B1994B09EA0303BA
:10FDD000B3F1D46F4FF0FF3219D81B0DC3F16B0391
:10FDE00002FA03F3994217D1944B9E4202D101319A
:10FDF0003FF420AE8E4B334003F580194FF00008DE
:10FE0000079B002BC4D120E64FF0FF33EAE71346EF
:10FE1000E8E753EA0803AFD0D5B13542F0D00F9BE5
:10FE2000079A40464946B3B1FFF764FBDDE90C0190
:10FE300053EC102BF4F722FA80468946E0E7A3F54D
:10FE400080136FEA13596FEA09594FF0FF38D7E76B
:10FE50001AEA080FE2E7FFF74DFBDDE90C0153EC6E
:10FE6000102BF4F709FA0022002380468946F4F7A4
:10FE700023FE0028C4D016E60599204602F072FF42
:10FE80005BEC10AB00224FF0804350465946F4F72C
:10FE900027FE002872D00F9B002B7DD1B8F1000FF8
:10FEA00058D1C9F31303002B5AD1654B0022504699
:10FEB0005946F4F70BFE00285BD150465946614B7A
:10FEC0000022F4F791FB82468B460BF10043CDF8FC
:10FED00020A00993DDE90823554DCDE9102306EA5A
:10FEE00005031593584B06EA05029A4240F0B0808C
:10FEF000A6F1547949EC108B02F06CFEDDE9082381
:10FF000051EC100BF4F770FB42464B46F4F7B6F990
:10FF10004E4A0D409542804645D90D9A474B9A422C
:10FF200003D10C9B01333FF485ADDFF810914FF006
:10FF3000FF381A99049802F001FB0699049802F020
:10FF4000FDFADDE9040102F0F9FA0498214602F015
:10FF5000F5FA20E6B8F1010F02D1002E3FF4A3AD6F
:10FF60009FED2B7BDFF8D8B08DED087B4FF0000ABA
:10FF7000B0E7DFF8D0B04FF0000AA6E7314B5046AB
:10FF800059460022F4F730FB0F9B82468B46002B2C
:10FF90009BD0CDE908AB9DE79FED1F7B8DED087BE6
:10FFA0005BEC17AB96E701F15479079B002BC0D1AE
:10FFB000159A29F000431B0DB2EB035FB9D15046EF
:10FFC000594604F041FBF4F7E1FA02460B4650466D
:10FFD0005946F4F751F90F9AC9F3130343EA08039A
:10FFE000134306460F4672D00DA3D3E90023F4F75E
:10FFF0006DFD00287FF429AD0BA3D3E90023304623
:020000040801F1
:100000003946F4F781FD002893D01EE5AFF3008058
:10001000000000000000F0BF000000000000F03F02
:100020009535A094FFFFDF3F35E5AF350000E03F99
:100030000000F07F00005039FFFF0F00FFFFEF7F4F
:100040000000F03F0000E03F0000E07FFFFF9F7CEA
:10005000079B33B3159BB3F1D46F22D828A3D3E900
:10006000002350465946F4F73BFDA0B1594650468F
:10007000F4F792FD012838BF0120F4F73BFA0F9BFB
:1000800082468B4603BB01F1004312901393DDE9D6
:100090001223CDE91023119B159A03F1D6639B1A05
:1000A00011939DED0C0BDDE9106702F093FD3046D6
:1000B00053EC102B3946F4F797FADDE90C23F4F7EB
:1000C000DDF88046894670E7CDE912ABDFE70EA385
:1000D000D3E90023F4F7FAFC95E700230B93179A72
:1000E000199B1360FFF779BA652A3FF464AB452A80
:1000F0003FF461AB0121FFF79FBB00BFAFF300806E
:100100000000C0FFFFFFDF419535A094FFFFCF3F08
:100110000A4601460248034B0068FFF709BA00BFD0
:100120008C01002020000020242B2DE9F047884678
:1001300001D8012B06D100F0D9FE16230360002060
:10014000BDE8F087344E0D46294615F8014B375D62
:1001500017F00807F8D12D2C10D12C7801278D1C11
:1001600033F0100115D1302C0DD1297801F0DF01C9
:10017000582908D16C78023510230AE02B2C04BFD3
:100180002C788D1CECE7002BF6D1302C14BF0A2301
:10019000082307F1004E0EF1FF3E0021BEFBF3F9EC
:1001A0000E4603FB19EAA4F1300CBCF1090F10D87C
:1001B0006446A3421EDDB1F1FF3F07D0B14516D31F
:1001C00001D1A24513DB06FB0346012115F8014BC3
:1001D000E9E7A4F1410CBCF1190F01D8373CE8E77D
:1001E000A4F1610CBCF1190F04D8573CE1E74FF0C2
:1001F000FF31EBE74B1C05D122230360764632B971
:1002000030469DE707B17642002AF9D009B105F1E1
:10021000FF38C2F80080F3E7916A010813460A46E6
:10022000014602480068FFF77FBF00BF8C01002035
:100230002DE9FF4757EC106B002F0C469146DDF877
:1002400030A019464FF0000203DA07F100431F46C1
:100250002D220D9D0A7025F02005462D04D0452D38
:1002600000D10134022100E0032103AB019302AB72
:10027000009347EC106B5346224600F005FF472DD4
:1002800080461AD119F0010F0ED000EB04090022AC
:10029000002330463946F4F70FFC08B1CDF80C9036
:1002A0003022039B4B451ED3039B0E9AA3EB0803FE
:1002B0004046136004B0BDE8F087462D00EB04090A
:1002C000E5D10378302B0AD100220023304639468D
:1002D000F4F7F2FB18B9C4F10104CAF80040DAF8E7
:1002E00000309944D3E7591C03911A70D9E7F7B548
:1002F0000029BABF49422D232B23092902704370DC
:100300002ADD0DF10704871CA6460A26A446B1FB88
:10031000F6F506FB15123032632904F1FF340CF8B0
:10032000012C2946F2DC3031ACF1020204F8011C48
:10033000411C144672450AD30DF10903A3EB0C03CB
:10034000A64538BF00233B44181A03B0F0BD12F88D
:10035000013B01F8013FEDE7302330318370C1707C
:10036000031DF1E72DE9F04F8FB00C46DDF86080FA
:1003700016461F46054600F06FFD036807931846B2
:10038000F3F76EFF00230C93D8F8003094F818A010
:10039000D4F800B00890073323F00703B3EC027BD6
:1003A0008DED047BC8F80030DDE9048323F00049BB
:1003B00084ED127B9A4B4FF0FF3240464946F4F7EA
:1003C000ADFB70BB964B4FF0FF3240464946F4F709
:1003D00087FB30BBDDE9040100220023F4F776FB44
:1003E00010B12D2384F843308E4A8F4BBAF1470F5A
:1003F0008CBF90469846032323612BF004032360AF
:100400004FF00009009733460DAA2146284600F018
:10041000CDF9013040F08C804FF0FF300FB0BDE8D7
:10042000F08FDDE9042310461946F4F777FB40B15D
:10043000059B7E4A002BBCBF2D2384F843307C4BA8
:10044000D4E763685A1C0AF0DF093BD106236360D6
:100450004BF480620023226003930CABCDE901A32F
:100460000BAB009361689DED040B0DF12B03284647
:10047000FFF7DEFEB9F1470F0B99804629D1C81C62
:1004800002DB63688B4241DAAAF1020A5FFA8AFA58
:100490000139524604F150000B91FFF728FF0C9AE6
:1004A0001318012A8146236102DC2268D20701D594
:1004B000013323619DF82B30002BA3D02D2384F82A
:1004C00043309FE7B9F1470FC2D1002BC0D10123C0
:1004D000BDE7BAF1650FDBD9BAF1660F18D1002973
:1004E00063680BDD216113B92268D00702D501339F
:1004F0000B442361A1654FF00009DBE713B92268C3
:10050000D20701D50233F4E70123F2E74FF0670A7F
:100510000C9B8B4205DC23682161D807EAD54B1C74
:10052000E7E70029D4BFC1F1020201221344E0E74A
:1005300023685A0507D42369424631462846B847FE
:10054000013028D168E7BAF1650F40F2DB80D4E9C9
:10055000120100220023F4F7AFFA90B3354A0123C9
:1005600031462846B84701303FF456AFDDE90B3835
:10057000434502DB2368D8070DD5DDE90723314663
:100580002846B84701303FF447AF4FF0000908F163
:10059000FF38C84509DC23689B0700F10481E06847
:1005A0000D9B9842B8BF184638E7012304F11A02A0
:1005B00031462846B84701303FF42EAF09F1010912
:1005C000E7E70B9B834237DC1A4A01233146284672
:1005D000B84701303FF420AFDDE90B3959EA030396
:1005E00002D12368D907D6D5DDE90723314628464D
:1005F000B84701303FF410AF4FF0000A0B9B5B424D
:10060000534501DC4B4697E7012304F11A023146BA
:100610002846B84701303FF4FFAE0AF1010AEDE782
:10062000FFFFEF7F6C6801086868010874680108C3
:100630007068010878680108A36DDDF830B05B458B
:10064000A8BF5B46002B049337DC4FF0000904F190
:100650001A02049BD4F858A0002BACBFAAEB0303EA
:1006600053464B4531DC0B9B9B453ADC2368DA074C
:1006700037D40B9BABEB0309ABEB0A039945A8BF3F
:100680009946B9F1000F34DC4FF000080B9BB9F12B
:10069000000FABEB0303A8BFA3EB090343457FF7B0
:1006A0007AAF012304F11A0231462846B8470130D7
:1006B0003FF4B2AE08F10108E8E7049B4246314638
:1006C0002846B8470130C0D1A6E601233146284666
:1006D0000992B84701303FF49FAE099A09F1010928
:1006E000B7E7DDE9072331462846B8470130C0D1D6
:1006F00092E64B4608EB0A0231462846B8470130DD
:10070000C2D189E6DDF830A0BAF1010F01DCDB07C8
:1007100035D50123424631462846B84701303FF4DB
:100720007BAEDDE9072331462846B84701303FF468
:1007300073AED4E91201002200230AF1FF3AF4F764
:10074000BBF9C8B9534608F1010231462846B847FB
:1007500001300DD160E6012304F11A02314628462A
:10076000B84701303FF458AE08F10108D045F2DB3C
:100770004B4604F15002E0E64FF00008F6E7012393
:100780004246E2E7012304F1190231462846B84700
:1007900001303FF441AE08F10108E3680D995B1A9E
:1007A0004345EFDCFBE64FF00008F6E72DE9F047A4
:1007B000914698468A680B69089E9342B8BF1346D3
:1007C000C9F8003091F8432007460C4612B10133B6
:1007D000C9F800302368990642BFD9F800300233C7
:1007E000C9F80030256815F0060507D104F1190A8B
:1007F000E368D9F800209B1AAB4229DC94F8433017
:100800002268003B18BF012392062ED404F1430254
:1008100041463846B047013021D02368A16822699B
:1008200003F00603042B01BFE568D9F80030ED1A88
:1008300025EAE57518BF00258B1A2B449142C8BFE5
:100840001D464FF000091A344D451AD1002008E02A
:100850000123524641463846B047013003D14FF09C
:10086000FF30BDE8F0870135C2E7E1185A1C30209F
:1008700081F84300224494F8451082F84310023373
:10088000C4E70123224641463846B0470130E6D04E
:1008900009F10109D8E700002DE9F04398460B7EE5
:1008A00085B0782B174606460C9A0C4609D8622B61
:1008B00001F1430108D8002B00F0DC80582B00F038
:1008C000BD8004F1420539E0A3F163001528F8D892
:1008D00001A555F820F000BF3109010845090108BC
:1008E000C3080108C3080108C3080108C3080108B8
:1008F00045090108C3080108C3080108C308010825
:10090000C3080108550A010871090108030A010812
:10091000C3080108C30801087D0A0108C3080108CB
:1009200071090108C3080108C30801080B0A01087E
:100930001368191D1B68116004F1420584F84230E8
:100940000123A8E013682568181D1060280601D54A
:100950001B6803E06A06FBD5B3F90030002B03DA0D
:100960002D225B4284F84320DFF878C10A2213E08D
:100970002568106815F0800F50F8043B02D16D0611
:1009800048BF9BB21060227EDFF858C16F2A5DD14C
:100990000822002084F843006568A560002D05DB6F
:1009A00020681D4320F00400206051D00D46B3FBA9
:1009B000F2F002FB103E9A421CF80EE005F801ED41
:1009C0000346F4D9082A0BD12368DA0708D523692E
:1009D00062689A42DEBF302305F8013C05F1FF351D
:1009E000491B2161CDF800803B4603AA21463046D1
:1009F000FFF7DCFE013053D14FF0FF3005B0BDE80A
:100A0000F083236843F020032360DFF8DCC0782301
:100A100084F845302068156810F0800F55F8043BC5
:100A200003D110F0400F18BF9BB21560C50744BF3B
:100A300040F02000206023B11022AAE7DFF8A4C014
:100A4000E6E7226822F020022260F5E70A22A0E70A
:100A50000D46B7E71368D4F800C060691D1D156026
:100A60001CF0800F1B6801D0186003E01CF0400FE1
:100A7000FAD01880002323610D46B3E71368191DCF
:100A800011601D68626800212846F3F799FB08B1E0
:100A9000401B606063682361002384F84330A1E752
:100AA00023692A4639463046C0470130A4D023681E
:100AB0009B0714D4E068039B9842B8BF18469DE793
:100AC000012304F1190239463046C047013093D062
:100AD0000135E36803995B1AAB42F1DCEAE70025D4
:100AE000F7E700BF7A6801088B680108002310B59A
:100AF0000446C0E90033C0E9043383608181436662
:100B0000C2818361194608225C3000F078F90D4BF0
:100B100063620D4BA3620D4BE3620D4B23630D4BE0
:100B200024629C4206D003F16802944202D0D03382
:100B30009C4205D104F15800BDE8104000F000BA15
:100B400010BD00BFD90C0108FB0C0108330D0108D2
:100B5000590D0108987D0020024A0349034800F01E
:100B60006BB800BF1400002019320108900100206A
:100B700041680C4B994210B5044601D002F04CFB81
:100B8000A168094B994202D0204602F045FBE1687A
:100B9000064B994204D02046BDE8104002F03CBB11
:100BA00010BD00BF987D0020007E0020687E0020E0
:100BB00010B50A4B0A4A1A600A4800220421FFF7BE
:100BC00095FF094801220921FFF790FFBDE8104079
:100BD000064802221221FFF789BF00BFD07E002005
:100BE000590B0108987D0020007E0020687E0020BF
:100BF000014800F0A6B900BFD97E0020014800F0EE
:100C0000A1B900BFD97E002010B50446FFF7F0FF60
:100C1000236A1BB1BDE81040FFF7F0BF044B23620D
:100C2000044B1B68002BF5D1FFF7C2FFF2E700BFB2
:100C3000710B0108D07E00202DE9F84380468946DB
:100C400014460026D4E90175013F05D52468002C1F
:100C5000F8D13046BDE8F883AB89012B07D9B5F947
:100C60000E30013303D029464046C8470643683555
:100C7000EAE700000CB430B5154B0C1E1D689DB0A2
:100C800008DA8B232B604FF0FF301DB0BDE83040F9
:100C900002B070474FF000031B9318BF0123E31A03
:100CA000049307930B4B029006900593209A21AB77
:100CB00002A92846019302F037F9431CBCBF8B23DD
:100CC0002B60002CE1D0029B00221A70DDE700BFF0
:100CD0008C0100200802FFFF10B50C46B1F90E1080
:100CE00000F0E0F80028ABBF636DA3891B1823F464
:100CF0008053ACBF6365A38110BD2DE9F0411F4651
:100D00008B89DB0505460C46164605D5B1F90E1054
:100D10000223002200F0B4F8A389B4F90E1023F4E2
:100D20008053A38132463B462846BDE8F04100F09F
:100D3000CBB810B50C46B1F90E1000F0A1F8B4F91B
:100D40000C30421C0BBF23F4805343F48053A38127
:100D5000A38118BF606510BDB1F90E1000F080B816
:100D600030B5141E9BB005461A4605DA8B23036086
:100D70004FF0FF301BB030BD4FF00003199318BF88
:100D80000123E31A02930593084B00910491039306
:100D900069461E9B02F0C8F8431CBCBF8B232B6026
:100DA000002CE7D0009B00221A70E3E70802FFFF47
:100DB00007B5009313460A46014603480068FFF74B
:100DC000CFFF03B000BD00BF8C010020884210B5EA
:100DD00001EB020402D98442234607D8431EA142F4
:100DE00007D011F8012B03F8012FF8E702448242E3
:100DF00000D110BD13F8011D02F8011DF7E70244F0
:100E00000346934200D1704703F8011BF9E710B580
:100E10006AB101398418027811F8013F9A4204D16D
:100E20000130A04201D0002AF5D1D01A10BD1046E1
:100E3000FCE710B50139034632B111F8014F03F850
:100E4000014B013A002CF7D11A440021934200D102
:100E500010BD03F8011BF9E700487047100100209E
:100E600038B5064C002305460846236003F09CFB7A
:100E7000431C02D1236803B12B6038BDD47E00200F
:100E800038B5074C054608461146002222601A462E
:100E900003F0B2FB431C02D1236803B12B6038BDC1
:100EA000D47E002038B5074C05460846114600227E
:100EB00022601A4603F0A8FB431C02D1236803B149
:100EC0002B6038BDD47E002038B5074C0546084657
:100ED0001146002222601A4603F0ACFB431C02D1EB
:100EE000236803B12B6038BDD47E0020014B186805
:100EF000704700BF8C01002070B50D4B0D4C0026D3
:100F00001D1BB6EBA50F09D103F064FD0A4C0B4B7A
:100F100000261D1BB6EBA50F05D170BD54F8043B90
:100F200098470136EDE754F8043B98470136F1E75E
:100F30006870010868700108687001086C70010829
:100F40007047704770470A44914200F1FF3300D167
:100F5000704710B511F8014B03F8014F9142F9D1D8
:100F600010BD0000000000009FED010B704700BFA6
:100F7000000000000000F87F2DE9F74F03690C69BD
:100F8000A34280467EDB013C01F11407A30000F17F
:100F90001405009305EB8403019357F8243055F8AA
:100FA000242001339A4207EB8409B2FBF3F62ED3D7
:100FB0004FF0000ABC46AE46D3465CF8043B98B2FC
:100FC00006FB00A0020C1B0C06FB0323DEF800202E
:100FD00080B292B2121A5A44DEF800004FEA134A65
:100FE0009BB2C3EB224303EB104392B242EA0342AB
:100FF000E1454EF8042B4FEA234BDED2009BEB5821
:101000002BB9019B1A1F954230D3C8F810404046B7
:1010100001F02CFD002825DB01362946002057F879
:10102000042BD1F800C01FFA82FE1FFA8CF3A3EB49
:101030000E030344120CC2EB234202EB1C429BB290
:1010400043EA0243B94541F8043B4FEA2240E6D265
:1010500055F8242005EB840322B9043B9D420BD3B1
:10106000C8F81040304603B0BDE8F08F1368002B7D
:10107000CBD1043A013CC6E71A68002AF0D1043B00
:10108000013CEBE70020EEE72DE9F04F99B08DED44
:101090000E0B0C92C269229C0A9157EC106B814690
:1010A000139382B9102001F047F90246C9F81C00D9
:1010B00020B9A94BEF21A94802F0E6F80023C0E9C6
:1010C00001330360C360116859B152684A6001235B
:1010D00093408B60484601F031FAD9F81C30002269
:1010E0001A60B7F10008B5BF012300232360236015
:1010F0009B4BBCBF28F00048CDF83C8033EA080386
:101100001AD1139AC8F3130842F20F7358EA06086B
:10111000136000F06185239B53B9924B21E0924B01
:1011200000930833239A1360009819B0BDE8F08F3C
:101130008C4B00930333F5E79DED0E7B002251ECC1
:10114000170B00238DED067BF3F7B6FC824650B1FA
:10115000139A01231360239B13B1239A834B1360CB
:10116000834B0093E0E79DED060B16AA17A94846AE
:1011700001F0A0FD5FEA1854169D019079D0079BFD
:10118000CDF850A0C3F31303DDE9060143F07F530C
:1011900043F44013A4F2FF3419460022754BF3F7D1
:1011A0006BF867A3D3E90023F3F71EFA66A3D3E92C
:1011B0000023F3F763F8064620460F46F3F7AAF933
:1011C00063A3D3E90023F3F70FFA02460B46304638
:1011D0003946F3F753F806460F46F3F7B5FC0022FD
:1011E0008046002330463946F3F770FC48B140464C
:1011F000F3F790F932463B46F3F75EFC08B908F185
:10120000FF38B8F1160F51D85B4B03EBC803D3E995
:101210000023DDE90601F3F759FC002848D008F166
:10122000FF38002312932D1B6B1E089343BF00232E
:10123000C5F1010708930027B8F1000F3ADB089BBE
:10124000CDF8348043440893002309930A9B092B6B
:1012500062D8052BC4BF043B0A930A9BA3F1020387
:10126000CCBF00240124032B62D8DFE803F05153E4
:10127000362B179C2C4404F23243202BC1BFC3F100
:10128000400308FA03F804F2124326FA03F3D6BF28
:10129000C3F1200348EA030006FA03F0F3F72AF942
:1012A0000122A1F1F873013C149275E70123B9E71B
:1012B0001290B8E7C8F1000309930023A7EB0807D1
:1012C0000D93C3E701230B930C9B43440593013318
:1012D000012B0493B8BF012306E001230B930C9B61
:1012E000002B28DDCDE90433D9F81C0000210422AD
:1012F00002F114059D4243D94160484601F0E0F8EF
:10130000009000283FD11D4B024640F2AF11D2E6BB
:101310000023E3E70023D6E701240023CDE90A34C4
:101320004FF0FF330022CDE904330C921223DBE7A8
:1013300001230B93F4E70123CDE904330C93D3E7A6
:1013400061436F63A787D23FB3C8608B288AC63FCB
:10135000FB799F501344D33FB1680108C868010866
:101360000000F07FAD680108A468010879680108F1
:10137000786801080000F83FC86B0108216901087E
:1013800001315200B4E7D9F81C30009A1A60049B6E
:101390000E2B75D8002C73D0B8F1000F40F3C48029
:1013A0009F4B08F00F0203EBC20318F4807FD3E9D0
:1013B00000AB4FEA281500F0A3809A4BDDE9060147
:1013C000D3E90823F3F73AFACDE9020105F00F0556
:1013D0000324944E002D40F0998052465B46DDE98F
:1013E0000201F3F72BFA82468B46129B002B00F08A
:1013F000C3808D4B002250465946F3F767FB002807
:1014000000F0BA80049B002B00F0B680059B002BF7
:1014100036DD08F1FF33029350465946834B0022D4
:10142000F3F7E2F8059E82468B4601342046F3F737
:1014300071F852465B46F3F7D7F87D4B0022F2F77E
:101440001DFF0446A1F15075CDE91045002E40F076
:101450009780784B002250465946F2F70DFF2246FE
:101460002B4682468B46F3F74FFB002840F0BD82A7
:10147000224605F1004350465946F3F727FB20BBAF
:10148000179B002BC0F28D81B8F10E0F00F38981FC
:10149000634B03EBC803D3E900AB0C9B002B80F23A
:1014A0001B81049B002B00F317810ED1614B00229E
:1014B00050465946F3F798F802460B46DDE9060117
:1014C000F3F70EFB002800F0938200252C460C9BBE
:1014D000009EDB430293274600242946484601F03C
:1014E0002DF8002F00F0EE802CB1BC4203D0214635
:1014F000484601F023F83946484601F01FF8E1E07C
:101500009DED067B02248DED027B62E7E90708D59D
:1015100050465946D6E90023F3F766F8013482466F
:101520008B466D10083655E722D0C8F100053C4BBC
:101530003C4E05F00F0203EBC203D3E90023DDE9C3
:101540000601F3F751F82D1182468B460224002D37
:101550003FF44BAFEA0708D550465946D6E9002379
:10156000F3F742F8013482468B466D100836EEE7F9
:10157000DDE906AB022438E7049ECDF8088055E784
:10158000274B03EBC60353E902010B9B002B55D0FD
:1015900002460B4600202849F3F750F9DDE91023F5
:1015A000F2F76AFE009BCDE910019D191E465946CF
:1015B0005046F3F7C9FA00F13004F2F7ABFF0246E8
:1015C0000B4650465946F2F757FEDDE9102306F860
:1015D000014B82468B46F3F779FA002872D15246C6
:1015E0005B4611490020F2F747FEDDE91023F3F7CF
:1015F0006DFA002840F0B680AE423FF441AFDDE91D
:1016000010010A4B0022F2F7EFFF084BCDE9100161
:10161000002250465946F2F7E7FF82468B46C6E75E
:10162000C86B0108A06B01080000F03F00002440D7
:1016300000001C40000014400000E03FDDE91023E2
:10164000F2F7D2FF009B009CCDE9100133441593C3
:1016500059465046F3F778FA00F13005F2F75AFF91
:101660000B46024659465046F2F706FE04F8015B67
:10167000159B9C4282468B4627D1009B0022DDE9C8
:1016800010011E44AA4BF2F7F9FD02460B465046E4
:101690005946F3F739FA002864D1DDE91023A4494B
:1016A0000020F2F7E9FD02460B4650465946F3F793
:1016B0000DFA00283FF4E4AE334616F8012D302A27
:1016C000FAD01E46DDF808803AE09A4B0022F2F785
:1016D0008BFF82468B46BBE7009E52465B46DDE9A8
:1016E0000601F3F7ABF8F3F72FFA0746F2F712FF0C
:1016F00052465B46F2F778FF02460B46DDE90601EB
:10170000F2F7BAFD07F1300C009C06F801CBA6EB0E
:10171000040C049C644502460B4633D1F2F7AEFD3F
:1017200052465B4604460D46F3F7EEF9C0B9524601
:101730005B4620462946F3F7BFF908B1FB070FD4F3
:101740000199484600F0FAFE0023139A337008F11D
:1017500001031360239B002B3FF4E6AC1E60E3E41F
:10176000CDF8088033461E4613F8012D392A06D1DC
:10177000009A9A42F7D1029A013202923022013243
:101780001A709FE76B4B0022F2F72EFF02460B46C2
:10179000CDE9062300220023F3F78EF900289CD020
:1017A000CEE70B9A002A00F0DF800A9A012A00F3A4
:1017B000C380149A002A00F0B78003F23343099DD6
:1017C0003E46089A01211A4448461F44089200F0F8
:1017D000B3FF044656B1089B002B07DDB342089ABD
:1017E000A8BF3346FF1AF61AD31A0893099B0BB306
:1017F0000B9B002B00F0BF80002D00F0B98021462C
:101800002A46484601F064F8019A014604464846D3
:1018100000F0A8FF01998246484600F08FFE099B20
:101820005B1B099300F0AA80099A5146484601F0D3
:101830004FF801900121484600F07EFF0D9B0546C0
:10184000002B00F0D0811A460146484601F040F8CE
:101850000A9B012B054600F399800E9B002B40F05C
:1018600090800F9BC3F31303002B40F08A800F9BE3
:1018700023F000431B0D1B05002B00F08580089B07
:101880000133013708934FF0010A0D9B002B00F044
:10189000B0812B6905EB8303186900F001FFC0F1EB
:1018A0002000089B184410F01F0076D01B2870DC25
:1018B000C0F11C000744064403440893002F05DDD3
:1018C00001993A46484601F05FF80190089B002BC9
:1018D00005DD29461A46484601F056F80546129B92
:1018E000002B5FD00198294601F0C0F8002859DA92
:1018F00008F1FF330293019900230A22484600F0C1
:101900003FFE0B9B0190002B00F0758100232146C8
:101910000A22484600F034FE059B002B044671DC89
:101920000A9B022B47DC6DE0169BC3F1360346E7AA
:101930000000E03F00002440049B5D1E099BAB4279
:1019400008DB5D1B049B002BBFF63AAF049BFE1A1D
:10195000002336E7099B0D9A0995EB1A1A440D925C
:10196000049B3E4600252CE7099D0B9C3E4631E733
:10197000DDF804A058E7099A019957E7CDF804A0CB
:1019800058E74FF0000A80E79A467EE74FF0000ADA
:101990007FE71C2892D0C0F120001C30089B074430
:1019A000064489E7049BCDF80880002B24DC0593CE
:1019B0000A9B022B22DD059B002B7FF488AD294674
:1019C000059B0522484600F0DBFD014605460198CF
:1019D00001F04CF800287FF77AAD009E312306F81D
:1019E000013B029B0133029375E535462C46F4E733
:1019F000049DCDF80880F9E7049B05930B9B002B11
:101A000000F0FD80002E05DD21463246484600F0FC
:101A1000BBFF0446BAF1000F58D06168484600F099
:101A20004FFD064628B9814B024640F2EF21FFF7F1
:101A300042BB22690232920004F10C010C30FFF724
:101A400082FA01223146484600F09EFF0746009B7D
:101A5000009A03F10108059B134406930E9B03F0C3
:101A60000103089329460198FFF786FA214604905E
:101A700000F1300B019800F0F9FF3A460590294635
:101A8000484601F00FF8C26808F1FF3A0646FAB975
:101A90000146019800F0EAFF0246314648460992A5
:101AA00000F04CFDDDE9092342EA0301089B1943DC
:101AB00046460FD1BBF1390F28D0059B002B02DD24
:101AC000049B03F1310B8AF800B006E52746BEE718
:101AD0000122E2E7059B002B04DB0A990B430899DE
:101AE0000B4320D1002AEEDD01990122484600F087
:101AF0004BFF2946019000F0B9FF002803DCE2D13A
:101B00001BF0010FDFD0BBF1390FD9D139238AF88F
:101B1000003033461E46013B16F8012C392A52D0BC
:101B200001321A70D9E4002A07DDBBF1390FEDD07C
:101B30000BF101038AF80030CFE4069B08F801BCE2
:101B400043452AD0019900230A22484600F018FD97
:101B5000BC4201904FF000034FF00A022146484674
:101B600006D100F00DFD0446074608F1010879E7AB
:101B700000F006FD3946044600230A22484600F0DC
:101B8000FFFC0746F1E7059B5E1E002B009BD8BFBC
:101B900000265A1C27461644002401990122484673
:101BA00000F0F2FE2946019000F060FF0028B0DC52
:101BB00002D11BF0010FACD133461E4613F8012DA4
:101BC000302AFAD089E4009A9A42A3D1029B0133C9
:101BD00002933123137080E4239B002B7FF49FAA90
:101BE000134BFFF7BEBA0A9B012B7FF736AEDDF829
:101BF00034A0012055E6059B002B7FF7D9AE009E4F
:101C000001982946FFF7B8F900F1300B009B06F860
:101C100001BBF21A059B9342B5DD019900230A220C
:101C2000484600F0ADFC0190EAE700BF21690108D9
:101C3000A468010837B5002944D051F8043C01904C
:101C4000002BA1F10404B8BFE41800F02DFC1E4ADB
:101C50000198136833B96360146003B0BDE8304085
:101C600000F028BCA34208D9256861198B4201BF46
:101C700019685B6849192160EDE71A465B680BB18A
:101C8000A342FAD911685518A5420BD12468214402
:101C90005418A3421160E0D11C685B6853600C4487
:101CA0001460DAE702D90C230360D6E725686119CE
:101CB0008B4204BF19685B68636004BF49192160E7
:101CC0005460CAE703B030BDE07E00200369B3EB87
:101CD000611F2DE9F0434FEA611200F1140443DD66
:101CE00011F01F0104EB830C04EB82050CD100F111
:101CF00010062946614532D39B1A9B00033DAC4533
:101D000038BF0023234414E054F82260C1F12008B6
:101D1000CE4005F1040EA146F44515D89A1A92005A
:101D2000043A0135AC4538BF0022A318A65006B1CD
:101D300004331A1BA3424FEAA20208BF0023026128
:101D400008BF4361BDE8F083DEF8007007FA08F7CA
:101D5000374349F8047B5EF8046BCE40DCE751F86A
:101D6000047B46F8047FC5E72346E2E7A0F1300391
:101D7000092B02D82038C0B27047A0F16103052BAF
:101D800001D84738F7E7A0F14103052B01D82738E0
:101D9000F1E70020704700002DE9F04F85B00F46B5
:101DA00002930B68019091469C1C20783028A04635
:101DB00004F10104F9D0A8EB0303A3F1020BFFF730
:101DC000D5FF8246002838D19F4901224046FFF7BF
:101DD0001EF80546002863D198F801002646FFF753
:101DE000C5FF00285ED020783028A04604F1010409
:101DF000F9D0FFF7BBFFB0FA80F4640935464FF025
:101E0000010BC24656460AF1010A3078FFF7AEFFD1
:101E10000028F7D18C4901223046FEF7F8FF78B947
:101E200045B9554656460AF1010A3078FFF79EFF3C
:101E30000028F7D1AD1BAD0004E000242546E0E703
:101E4000002DF7D1337803F0DF03502B37D17378AF
:101E50002B2B29D02D2B2BD0711C4FF0000A08788A
:101E6000FFF784FF431EDBB2182B28D8A0F1100225
:101E700011F8010FFFF77AFF431EDBB2182B1AD9B6
:101E8000BAF1000F00D0524215443960CCB1BBF119
:101E9000000F0CBF06270027384605B0BDE8F08FBD
:101EA000464655460124CDE74FF0000AB11CD6E75F
:101EB0004FF0010AFAE70A2303FB0200D6E7314696
:101EC000E3E7A6EB0803013B2146072B0ADC019858
:101ED00000F0F6FA044640B95C4B0246E4215C4847
:101EE00001F0D2F901315B10EFE700F1140A002391
:101EF00057469B46B04537D347F804BBA7EB0A07C4
:101F0000BB102361584600F0CBFBD9F80060C0EB52
:101F1000C707B74254DDBF1B3946204600F076FFA5
:101F2000804678B17B1E591103F01F025AF8211028
:101F30004FF0010808FA02F20A4203D0434536DCAA
:101F40004FF0020839462046FFF7C0FE3D44D9F85D
:101F50000830AB4242DA0198214600F0EFFA0E9ABF
:101F600000231360A32797E716F8012D2E2A12D01D
:101F7000202B04D147F804BB4FF0000B5B463078B0
:101F80000393FFF7F3FE039B00F00F0098404BEA2A
:101F9000000B0433AEE7B045EAD82B490393012286
:101FA0003046FEF734FF039B0028E1D1A2E7B91EBB
:101FB000204600F02BFF0028C2D04FF00308C1E7F5
:101FC00009DAF71B214601983A4600F0DDFCED1BCB
:101FD000044600F1140A4FF00008B8E7D9F80430BD
:101FE000AB426FDD5D1BAE4234DCD9F80C30022B06
:101FF00022D0032B24D0012B15D1AE4213D1012EB8
:102000000BD1029AD9F80430136001232361CAF876
:1020100000300E9B62271C603EE7711E204600F0D8
:10202000F5FE0028EDD10198214600F087FA0E9ABE
:102030000023136050272FE70F9B002BF3D1E0E71D
:102040000F9B002BDDD1EEE76668010821690108CE
:10205000326901086F1EB8F1000F30D127B139463F
:10206000204600F0D3FE80467A1101235AF8222040
:1020700007F01F07BB4013422946204618BF48F00F
:102080000208761BFFF722FED9F804500227B8F1A8
:10209000000F42D0D9F80C30022B15D0032B17D0EB
:1020A000012B09D118F0020F06D0DAF8003048EA07
:1020B000030818F0010F0ED147F010072DE04FF084
:1020C0000108D1E70127E2E70F9BC3F101030F935A
:1020D0000F9B002BF0D0D4F810A004F1140303EBF5
:1020E0008A0100201A68B2F1FF3F1BD001321A604A
:1020F000022F04F114033CD1D9F80020013AB24276
:1021000009D17111012253F8213006F01F0602FA9D
:1021100006F61E423AD147F020070E9B1C60029B38
:102120001D60B9E643F8040B9942DBD8A3689A45D1
:1021300017DB61680198013100F0C2F9804618B9D7
:102140001A4B02468421CAE62269023204F10C01CC
:1021500092000C30FEF7F7FE2146019800F0EEF9F0
:10216000444623695A1C04EB8303226101225A610D
:10217000BEE7226952450BDD01212046FFF7A6FD8F
:10218000D9F808300135AB42FFF6E5AE0127C2E7CA
:1021900016F01F06FAD003EB8A03C6F1200653F8A7
:1021A000040C00F07DFAB042E6DBEFE7216901089C
:1021B000C2F10802920070B5C2F1200643680468BB
:1021C00003FA06F52C43D340046040F8043F8842EC
:1021D000F4D370BD30B503680139013311F8014FF4
:1021E00014B90360012030BD13F8012BA2F14105A1
:1021F000192D98BF2032A242F0D00020F3E72DE93C
:10220000F04F0B6887B05E11029013F01F0302EBD2
:1022100086060193029B18BF04360025371F1968F4
:1022200046F8045C9046B9463C46AB46AA464A7816
:102230004B1C039332B3104605910492FFF796FDB1
:10224000002851D1049A0599202A16D8DA4512DDC2
:102250004C4506D2072D04DC2A4649462046FFF7A6
:10226000A7FF444553D90023A4F1040944F8043CD2
:10227000D3464C461D460399D9E7292A59D1029BDA
:1022800002311960BAF1000F53D04C4506D2072D28
:1022900004DC2A4649462046FFF78AFF444538D9E0
:1022A000A8F10402234653F8041B42F8041F9F427E
:1022B000F9D23B1B23F003030134033EB44288BF31
:1022C000002308F10402134400211A4604339F42FC
:1022D0001160FAD23B681BB9474528D101233B6006
:1022E000052007B0BDE8F08F0135082D0AF1010A7D
:1022F00006DD4445BFD9002344F8043C0125043CD5
:10230000226800F00F0040EA02102060B3E70825C1
:10231000B1E7019B002BDDD0C3F120034FF0FF326A
:10232000DA4056F8043C134046F8043CD2E7043F38
:10233000D0E70420D5E70000024B0146186800F002
:1023400025B800BF8C01002070B50F4C0E462168E7
:10235000054611B900F088FF20603146284600F09C
:1023600083FF431C03D14FF0FF34204670BDC41CD3
:1023700024F00304A042F8D0211A284600F074FF8C
:102380000130F2D1EFE700BFDC7E00202DE9F843F9
:10239000CD1C25F0030508350C2D38BF0C25002D6C
:1023A000064601DBA94204D90C2333600020BDE8B6
:1023B000F883334F00F078F83B681C463CBB294655
:1023C0003046FFF7C1FF431C044656D13C68A04687
:1023D000B8F1000F40D1002C49D023684146304667
:1023E00004EB030900F040FF814540D121686D1ADC
:1023F00029463046FFF7A8FF013038D023682B4428
:1024000023603B685A685ABBC7F800800EE0226818
:10241000521B1ED40B2A16D96119A342256018BF7E
:102420005960636808BF396062514B60304600F004
:1024300041F804F10B00231D20F00700C21A1CBF55
:102440001B1AA350B3E76268A3420CBF3A605A60FC
:10245000ECE723466468B1E74446D8F80480B7E760
:102460001A465B68A342FBD100235360DEE70C23CE
:102470003360304600F01EF898E70560D6E700BFED
:10248000E07E002082B001B901A942B14BB11378BE
:102490000B601278101E18BF012002B07047104662
:1024A000FBE76FF00100F8E70148FEF74ABD00BF07
:1024B000D87E00200148FEF745BD00BFD87E002031
:1024C00070B5C46905460E4684B91020FFF734FF85
:1024D0000446E86128B90246164B17486B2100F004
:1024E000D3FE0023C0E901330360C360E36853B93E
:1024F00021220421284600F0E5FEEB69E060DB685C
:102500000BB9002070BD53F8260030B1026843F8C3
:1025100026200023C0E90333F4E7012101FA06F481
:10252000621D9200284600F0CDFE0028E9D0C0E9E7
:102530000164EEE7B16801089369010870B5C469E8
:1025400006460D4674B91020FFF7F6FE0246F0610C
:1025500020B9094B09488F2100F096FEC0E90144DB
:102560000460C4603DB1F3696A68DB6853F8221007
:10257000296043F8225070BDB168010893690108D1
:102580002DE9F0410D6907460C461E4601F1140C79
:102590000020DCF8003099B202FB01611E0C0B0C2C
:1025A00002FB063389B2013001EB034185424CF84E
:1025B000041B4FEA1346ECDC0EB3A368AB4219DCF4
:1025C000616838460131FFF77BFF804628B9024633
:1025D0000C4B0D48BA2100F057FE2269023204F17B
:1025E0000C0192000C30FEF7AEFC21463846FFF796
:1025F000A5FF444604EB850301355E612561204655
:10260000BDE8F08121690108936901082DE9F843CB
:10261000884614461F4609220833064693FBF2F308
:10262000002101229A4209DB3046FFF749FF40B9F9
:102630000246194B1948D32100F026FE5200013101
:10264000F0E7089B4361092C4FF00103036108DCAC
:1026500008F10A050924641B2B199F4212DCBDE80E
:10266000F88308F10905A946A04419F8013B014681
:10267000303B0A223046FFF783FFC145F5D12544A0
:10268000083DE8E715F8013B0146303B0A22304699
:10269000FFF776FFE0E700BF2169010893690108B1
:1026A000B0F5803F034636BF030400201020B3F18D
:1026B000807F3CBF1B020830B3F1805F3CBF1B0131
:1026C0000430B3F1804F3CBF9B000230002B04DB91
:1026D0005B0001D50130704720207047036813F07C
:1026E000070201460BD0DA0722D4980749BF5B08DE
:1026F0009B0801200B605CBF0B600220704798B202
:10270000A0B91B0C1020DAB20AB908301B0A1A074C
:1027100004BF1B0904309A0704BF9B080230DA0784
:1027200002D45B0806D001300B6070471046EAE720
:10273000002070472020704710B50C460121FFF79C
:10274000BFFE024628B9054B054840F2451100F08E
:102750009BFD01234461036110BD00BF2169010895
:10276000936901082DE9F04FD1F81080D2F810904C
:10277000C84585B00E46144604DB4B460C46C146A0
:1027800016469846A368616809EB0807BB42B8BFC4
:102790000131FFF795FE30B902464B4B4B484FF4E1
:1027A000B17100F071FD00F1140505EB870B2B46AC
:1027B00000225B4522D306F1140101EB880304F1EA
:1027C000140C0CEB890C029304F1150363458CBFC8
:1027D000002301230093ACEB0403153B9B080193FA
:1027E000029B03918B420CD8002F03DD5BF8043D64
:1027F000002B67D0076105B0BDE8F08F43F8042BCC
:10280000D7E7B1F800A0BAF1000F28D004F11408FE
:10281000A9464FF0000E58F8042BD9F8003096B2B4
:102820009BB20AFB0633D9F80060120C360C7344D5
:102830000AFB026606EB13469BB243EA0643C44515
:1028400049F8043B4FEA164EE5D8009A019B002A4E
:102850004FEA830308BF00232B44C3F804E0039B23
:10286000B3F802E00431BEF1000F29D02B6804F167
:1028700014069846A9464FF0000A32880EFB02A2C1
:1028800002EB18429BB243EA024349F8043B56F874
:10289000043BD9F800804FEA134A1FFA88F30EFB75
:1028A0000A3303EB1243B4454FEA134AE5D8009EBE
:1028B000019A002E4FEA820208BF00222A44536088
:1028C00004358DE7013F8FE721690108936901080D
:1028D0002DE9F843174612F0030280460D4607D053
:1028E000264C013A002354F82220FFF749FE054602
:1028F000BF103FD0D8F81C4094B91020FFF71CFD42
:102900000446C8F81C0030B902461D4B1D4840F271
:10291000B31100F0B9FC0023C0E901330360C360C8
:10292000A66846B940F271214046FFF705FF002333
:10293000A060064603602C464FF0000907F0010333
:102940007F1053B1294632464046FFF70BFF214620
:1029500005464046FFF7F2FD67B1306838B93246A8
:1029600031464046FFF7FEFE3060C0F80090064654
:102970002C46E3E72846BDE8F88300BF946B0108C6
:10298000B1680108936901082DE9F84F0C464968C0
:102990002669A36806EB6216074691464FEA621A5B
:1029A00006F1010843450BDB3846FFF789FD054674
:1029B00048B902462B4B2C484FF4EF7100F064FCF1
:1029C00001315B00EEE700F1140100230A461846CE
:1029D000534539DB20692AEAEA7A01EB8A0104F1DE
:1029E000140319F01F098C4603EB800030D0C9F1A5
:1029F000200A4FF0000E1A68E34602FA09F242EA92
:102A00000E02CBF8002053F8042B98420CF1040C72
:102A100022FA0AFEEFD8031B153B23F0030304F14F
:102A20001502904238BF00231944C1F804E0BEF1FA
:102A3000000F00D1B0463846C5F810802146FFF798
:102A40007DFD2846BDE8F88F42F8040B0133BFE74F
:102A500053F8041BCCF8001098420CF1040CF7D882
:102A6000E8E700BF216901089369010803690A6961
:102A70009B1A30B50ED11430143100EB820401EBF7
:102A8000820154F8045D51F8042D954204D006D219
:102A90004FF0FF33184630BDA042F2D3FAE70123CE
:102AA000F8E700002DE9F74F8A46064611465046E2
:102AB0001446FFF7DBFF051E12D129463046FFF70B
:102AC000FFFC024628B9414B40F23721404800F054
:102AD000DBFB0123C0E90435104603B0BDE8F08FED
:102AE000BCBF5346A2463046DAF80410BABF1C46B3
:102AF00001250025FFF7E4FC024618B9334B40F2EC
:102B00004521E3E7DAF810702669C5600AF1140977
:102B100004F1140E00F114050AF1100309EB870803
:102B20000EEB86060193AB464FF0000C019B5EF85E
:102B3000040B53F804AF01931FFA8AF183B2CB1A46
:102B4000000C6344C0EB1A4000EB23409BB243EA05
:102B5000004376454BF8043B4FEA204CE6D8331B44
:102B6000153B153423F00303A64238BF0023E818B1
:102B70004B441C1D04302646A5EB090546450ED3E3
:102B800008F10301091B21F003010133984538BF07
:102B90000021014451F8043DABB117619CE706EBFD
:102BA000050E56F8041BE2464FEA11491CFA81FC57
:102BB000514409EB2C4989B241EA09414FEA294CB9
:102BC000CEF80010DAE7013FE4E700BF2169010811
:102BD0009369010882B08DED000B019A0F4B1340F1
:102BE000A3F15073002B08DC5B42B3F1A07F4FEAE6
:102BF000235204DA4FF400231341002208E0A2F12B
:102C000014031E2BDABF4FF00042DA4001220023EA
:102C10001946104641EC100B02B070470000F07FDF
:102C2000F8B5056900F1140606EB85052F1F55F868
:102C3000044C2046FFF734FDC0F120030A280B6046
:102C400016DCC0F10B0C24FA0CF1BE4241F07F53AC
:102C500034BF55F8081C0021153004FA00F021FAA1
:102C60000CF143F4401301430A4643EC102BF8BD2A
:102C7000BE423ABF55F8081CA5F1080700210B38E1
:102C800012D0C0F1200521FA05F384401C43B7425D
:102C900044F07F538CBF57F8044C00248140EC4033
:102CA00043F440132143DFE744F07F5343F44013E0
:102CB000DAE700002DE9F7430F46012159EC108BAC
:102CC0001646FFF7FDFB054630B90246234B244864
:102CD00040F20F3100F0D8FAC9F30A54C9F31303D4
:102CE0000CB143F480130193B8F1000323D068467C
:102CF0000093FFF7F3FC0099D8B1019AC0F12003CB
:102D000002FA03F30B43C2406B610192019BAB617A
:102D1000002B0CBF012202222A61A4B1A4F2334489
:102D200004443C60C0F135003060284603B0BDE883
:102D3000F0836961EAE701A8FFF7D0FC019B6B61B2
:102D400020300122E8E705EB8203A0F23240386030
:102D50001869FFF7A5FCC0EB4210E5E721690108FF
:102D600093690108F7B50E4669460746FFF758FF15
:102D700001A9304655EC104BB0EE407AF0EE607A87
:102D8000FFF74EFF33693A69D21ADDE900369B1B23
:102D900003EB4213002BD4BF10EE902A17EE902ABB
:102DA00051EC100BD6BFC3EB033302EB035502EB20
:102DB00003510B46024629462046F1F73FFD41EC00
:102DC000100B03B0F0BD013970B549111469013120
:102DD00002F1140300EB810103EB8404051FA342FD
:102DE0000CD3A31A113B23F003031132944238BFD2
:102DF000002318440023884205D370BD53F8046BA8
:102E000045F8046FEBE740F8043BF4E700F11402E7
:102E100000694B11984210B511DB0ADD11F01F015A
:102E200007D052F8234024FA01F000FA01F18C4255
:102E30000BD102EB8303934203D8002010BD03465D
:102E4000F7E753F8041D0029F5D00120F6E749B152
:102E5000FF2A85BF8A2303600A704FF0FF3098BFB6
:102E600001207047084670472DE9F0478E681F46DD
:102E7000BE4282460C469046334653D8B1F90C0008
:102E800010F4906F2BD065692368096905EB45053F
:102E9000A3EB010905EBD5757B1C6D104B44AB42D0
:102EA0002A4684BF1D462A46430527D5114650466B
:102EB000FFF76CFA064658B321694A46FEF743F815
:102EC000A38923F4906343F08003A38126616561A5
:102ED0004E44A5EB09052660A5603E463B461F46CD
:102EE00020683A464146FDF771FFA3689B1BA3602B
:102EF00023683B4423600020BDE8F087504600F083
:102F0000F5F906460028E1D121695046FEF792FE08
:102F10000C23CAF80030A38943F04003A3814FF08B
:102F2000FF30E9E73E46DBE72DE9F0471F468B8996
:102F30001B069CB006460D46144610D50B6973B9A6
:102F40004021FFF723FA2860286130B90C23336051
:102F50004FF0FF301CB0BDE8F08740236B610023C9
:102F6000099320238DF8293003973023654F8DF87E
:102F70002A304FF0010823461A7899461AB1252ABB
:102F800003F10103F8D1B9EB040A0BD053462246F2
:102F900029463046FFF768FF013000F0A380099A08
:102FA0005244099299F80030002B00F09B800022D7
:102FB0004FF0FF33CDE9053209F101090492079280
:102FC0008DF853201A924C46052214F8011B4D48E7
:102FD000F1F7F6F8049AD0B9D00644BF20238DF853
:102FE0005330110744BF2B238DF8533099F800302C
:102FF0002A2B13D007994B4600204FF00A0C1A7861
:10300000303A092A1C464AD9A8B1079113E0C01BDF
:1030100008FA00F010430490A146D4E7039B191D61
:103020001B680391002BBBBF5B4242F00202079377
:103030000793B8BF049223782E2B0AD163782A2BEA
:1030400032D1039B1A1D1B68039243EAE3730234D7
:103050000593DFF8C090217803224846F1F7B0F8D5
:1030600038B1049BA0EB0900402282401343013495
:103070000493217824488DF828100622F1F7A0F84F
:10308000002835D0214818BB039B073323F00703E2
:1030900008330393099B0344013409936BE701331D
:1030A0000CFB01210120AAE700230593611C1846AF
:1030B0004FF00A0C0A78303A092A0C4603D9002B43
:1030C000C7D00590C5E701310CFB00200123F1E7D3
:1030D00003AB00932A460E4B04A93046FDF742F994
:1030E000421CD7D1AB895B063FF532AF099831E777
:1030F00003AB00932A46064B04A93046FDF7CCFBF0
:10310000EEE700BFED690108F769010865030108F2
:10311000692E0108F3690108B1F90C202DE9F0418D
:10312000160705460C4651D44B68002B02DC0B6C8D
:10313000002B49DDE66A002E46D0002312F48052AF
:103140002F682B6031D0626DA389590705D563685C
:10315000D21A636B0BB1236CD21A0023E66A216A80
:103160002846B047421CB4F90C3006D129681D2905
:1031700045D8284ACA40D60741D500226260D90402
:103180002269226004D5421C01D12B6803B9606515
:10319000616B2F60C1B104F14403994202D028460B
:1031A000FEF748FD002363630EE0216A01232846F1
:1031B000B0470246501CC7D12B68002BC4D01D2B32
:1031C00001D0162B1AD12F6000201DE00F69002FAF
:1031D000FAD093070E6808BF4B690F6018BF002331
:1031E000A6EB07088B60B8F1000FEDDD216AA66A37
:1031F00043463A462846B047002807DCA38943F0F7
:103200004003A3814FF0FF30BDE8F0810744A8EBF5
:103210000008E8E70100402038B50B6905460C4678
:1032200013B91D46284638BD18B1036A0BB9FDF71E
:10323000EBFCB4F90C30002BF3D0626ED00704D451
:10324000990502D4A06DFDF77CFE28462146FFF7C4
:1032500063FF636EDA070546E4D4A3899B05E1D4D6
:10326000A06DFDF76FFEDDE738B5064C002305467F
:103270000846236001F0D0F9431C02D1236803B152
:103280002B6038BDD47E00201FB51D46094B1B683E
:103290000646D86852B1084C0091CDE90142074971
:1032A00033462A4600F050F800F060F8044C2246FD
:1032B000F2E700BF8C010020FE6901080B6A0108DB
:1032C000396A010870B5A1FB026535B93146FFF7CF
:1032D0005DF8044628B9204670BD0C230360002425
:1032E000F9E732462946FDF78AFDF4E72DE9F0417A
:1032F000074615460C4621B9BDE8F0411146FFF7D7
:1033000045B82AB9FEF796FC2C462046BDE8F08168
:1033100000F033F88542064602D8B5EB500FF4D8DA
:1033200029463846FFF732F8804608B94446ECE7AC
:10333000B5422A46214628BF3246FDF704FE214603
:103340003846FEF777FCF1E70EB403B5014603AB50
:10335000054853F8042B0068019300F03DF802B0D3
:103360005DF804EB03B070478C01002008B506201F
:1033700000F000FA012001F065F951F8043C181F33
:10338000002BBCBF0B58C01870479368013B002B43
:1033900010B4936007DA9469A34201DB0A2902D1D1
:1033A00010BC00F02DB91368581C10601970084645
:1033B00010BC7047F8B506460F461446D518AC4207
:1033C00001D1002007E014F8011B3A463046FFF710
:1033D000DCFF431CF3D1F8BD2DE9F04706469CB055
:1033E0000D4614461F4618B1036A0BB9FDF70CFCD5
:1033F0006B6ED90705D4AB899A0502D4A86DFDF789
:10340000A0FDAB891B0701D52B699BB92946304626
:1034100000F034F970B16B6EDE0704D54FF0FF3069
:103420001CB0BDE8F087AB899C05F7D4A86DFDF70B
:1034300089FDF3E70023099320238DF829300397B2
:1034400030236A4F8DF82A304FF0010823461A784E
:1034500099461AB1252A03F10103F8D1B9EB040A00
:103460000BD05346224629463046FFF7A3FF0130D2
:1034700000F0A380099A5244099299F80030002B79
:1034800000F09B8000224FF0FF33CDE9053209F1B7
:103490000109049207928DF853201A924C46052296
:1034A00014F8011B5148F0F78BFE049AD0B9D006EE
:1034B00044BF20238DF85330110744BF2B238DF8D0
:1034C000533099F800302A2B13D007994B4600202F
:1034D0004FF00A0C1A78303A092A1C464AD9A8B18A
:1034E000079113E0C01B08FA00F010430490A146B6
:1034F000D4E7039B191D1B680391002BBBBF5B42E4
:1035000042F0020207930793B8BF049223782E2B50
:103510000AD163782A2B32D1039B1A1D1B680392B0
:1035200043EAE37302340593DFF8D0902178032255
:103530004846F0F745FE38B1049BA0EB0900402255
:103540008240134301340493217829488DF82810D0
:103550000622F0F735FE00283ED0264818BB039B14
:10356000073323F0070308330393099B0344013413
:1035700009936BE701330CFB01210120AAE700232B
:103580000593611C18464FF00A0C0A78303A092A54
:103590000C4603D9002BC7D00590C5E701310CFBC1
:1035A00000200123F1E703AB00932A46124B04A944
:1035B0003046FCF7D7FE431CD7D16B6ED90705D434
:1035C000AB899A0502D4A86DFDF7BCFCAB895B06FC
:1035D0003FF524AF099823E703AB00932A46064B37
:1035E00004A93046FDF758F9E5E700BFED69010889
:1035F000F769010865030108B5330108F36901089B
:10360000F8B505460F46144618B1036A0BB9FDF725
:10361000FBFAA369A360A3891A0701D5236943B9FB
:103620002146284600F02AF818B14FF0FF36304600
:10363000F8BD23692068C01A6369834205DC21460E
:103640002846FFF7E9FD0028EFD1A368013BA360FE
:1036500023685A1C22601F70636901308342FEB2E6
:1036600004D0A389DB07E2D50A2EE0D12146284603
:10367000FFF7D2FD0028DAD0D7E7000038B5284B95
:10368000054618680C4618B1036A0BB9FDF7BCFA79
:10369000B4F90C30190720D4DA0607D409222A60BD
:1036A00043F04003A3814FF0FF3031E0580711D5BC
:1036B000616B41B104F14403994202D02846FEF700
:1036C000B9FA002363630022A38962602269226041
:1036D00023F0240343F00803A38123694BB9A38992
:1036E00003F42073B3F5007F03D02146284600F091
:1036F00081F8B4F90C3013F001020AD00022A26064
:1037000062695242A261226942B913F08000C7D1B6
:1037100038BD990758BF6269A260F4E70020F7E757
:103720008C0100201F2938B505460C4604D9162304
:1037300003604FF0FF3038BDC26B12B152F8213038
:103740004BB9284600F030F8224601462846BDE82D
:10375000384000F017B8012B0AD0591C03D11623AA
:1037600003600120E7E7002142F824102046984733
:103770000020E0E7024B01461868FFF7D3BF00BF07
:103780008C01002038B5074C002305460846114639
:10379000236000F029FF431C02D1236803B12B6092
:1037A00038BD00BFD47E002000F00EBF70B50E46BD
:1037B000B1F90E10002996B014461D460ADAB289F6
:1037C00012F0800213D14FF4806100202A60216042
:1037D00016B070BD6A4600F047F80028EFDB019A8A
:1037E00002F47042A2F500535A425A41EBE700221C
:1037F0004021EAE78B8973B59E0705460C4607D53D
:1038000004F14703236023610123636102B070BDAB
:1038100001AB6A46FFF7CAFF009E28463146FEF715
:10382000B5FDB4F90C3038B99A05EFD423F0030391
:1038300043F00203A381E3E743F08003A381019BEC
:103840002060C4E90406002BE0D0B4F90E1028462D
:1038500000F01CF80028D9D0A38923F0030343F01B
:103860000103A381D2E7000038B5074C00230546C9
:1038700008461146236000F09FFE431C02D12368D6
:1038800003B12B6038BD00BFD47E002038B5064C94
:10389000002305460846236000F09EFE431C02D12B
:1038A000236803B12B6038BDD47E002010EE103A9F
:1038B000184A23F00043934219D9B3F1FF4F02D3C2
:1038C00030EE400A704700B583B0684600F02AF930
:1038D00000F0030001289DED000ADDED010A0FD084
:1038E000022808D088B900F053F803B000BDDFED1E
:1038F0000A0A00F04DB800F04BF8B1EE400AF4E7C8
:1039000000F0C8F8B1EE400AEFE7012000F0C2F87D
:10391000EBE700BFD80F493F0000000010EE103A5F
:10392000194A23F0004393421AD9B3F1FF4F02D34F
:1039300030EE400A704700B583B0684600F0F2F8F8
:1039400000F0030001289DED000ADDED010A12D010
:1039500002280AD090B9012000F09CF803B000BD05
:10396000DFED0A0A002000F095B8012000F092F87F
:10397000B1EE400AF2E700F00BF8EFE700F008F8CC
:10398000B1EE400AEAE700BFD80F493F000000004F
:1039900010EE103A23F00043B3F1485F2CD2FDEE55
:1039A000C07A17EE903A002B60D060EE007A9FED5F
:1039B000317A9FED315ADFED315A9FED316ADFEDFB
:1039C000316AA7EE875A9FED307AE7EE855AA7EE67
:1039D000A56AA7EE867AE7EE876A66EEA76A60EECA
:1039E000C00AB6EE007AE7EEA60AB7EE000AD7EEF6
:1039F000870A30EE600A704760EE007A9FED1D7A0C
:103A00009FED1D5ADFED1D5A9FED1D6ADFED1D6A0A
:103A10001E4AA7EE875A93429FED1B7AE5EE275A7E
:103A2000A5EEA76AA6EE277AE7EE276A66EEA76AF2
:103A3000D5D9174A934214D803F17F4307EE103AC1
:103A4000B7EE006A36EE476A60EEC00AF6EE005A3C
:103A500097EEA57AE7EEA60A37EE607A36EE470AC9
:103A60007047B6EE076AB5EE027AEDE7B7EE000AE8
:103A7000704700BF4ED747ADF6740F317CF293B458
:103A8000010DD037ABAA2A3D610BB6BA9999993E80
:103A90000000483F10EE103A23F00043B3F1485FB6
:103AA00004D2FDEEC07A17EE903A5BB360EE007A76
:103AB0009FED157ADFED155A9FED156ADFED156A5A
:103AC000E7EE875A9FED147AA5EEA76A20EE275AF3
:103AD000E6EE276AA6EEA77A30B9DFED106AE7EEC8
:103AE000876AA6EE850A704727EE457AF6EE006AE9
:103AF000A0EEA67ADFED0A6AD7EE270AE5EE260ADF
:103B000030EE600A704700BFD3C92E2F342FD7B2D2
:103B10001BEF3836010D50B98988083CABAA2ABE84
:103B2000ABAA2A3E10B510EE104A8B4A24F000438F
:103B3000934288B070D9894A934222D824F0004336
:103B4000002C9FED877A874A23F00F0340F3EB8028
:103B5000934270EE477A09BF9FED837ADFED836A67
:103B6000DFED836A77EEC77A37EEE67A77EEC77ACB
:103B700080ED007A77EEE67AC0ED017A012008B098
:103B800010BD7C4A9342014654D9B3F1FF4F4AD24B
:103B9000DA15863AA3EBC25307EE903ABDEEE77A08
:103BA000DFED756AB8EEC77A77EEC77A8DED057AE4
:103BB00067EEA67ABDEEE77AB8EEC77A77EEC77AF7
:103BC0008DED067A67EEA67AF5EE407AF1EE10FA00
:103BD000CDED077A40F09280B5EE407AF1EE10FA22
:103BE00040F08E800123654801900220009005A8D6
:103BF000029100F0D5F8002C0299C0DA91ED007A1C
:103C0000D1ED017AB1EE477AF1EE677A81ED007A73
:103C1000C1ED017A4042B2E7002380ED000A436023
:103C2000002008B010BD70EE407AC0ED017AC0ED02
:103C3000007AF5E7CDE9023000F0AAF89FED507A5E
:103C40009FED476AF6EE007AE0EE077ADDE9023191
:103C5000FDEEE77A9FED457AF8EEE76A17EE900AF7
:103C6000A6EEC60A1F2866EE877A30EE677A20DC59
:103C7000DFF818C100F1FF3E24F000425CF82EC0CE
:103C800022F0FF02624514D081ED007A30EE470A3F
:103C9000002C30EE670A81ED010ABFF670AFB1EE7D
:103CA000477AB1EE400A81ED007A81ED010A404287
:103CB00065E717EE102AC2F3C752C2EBD352082AA7
:103CC000E2DD9FED297ADFED2A5AB0EE406AA6EEDA
:103CD000C76A70EE467AE6EEC77AD6EEA57A36EE79
:103CE000677A17EE102AC2F3C752C2EBE353192BBF
:103CF00008DCB0EE460A81ED007AC7E7032372E7DD
:103D0000022370E79FED1F7ADFED1F5AB0EE460ADF
:103D1000A6EEC70A76EE407AE6EEC77AD6EEA57A28
:103D200030EE677AB0E7934270EE077A09BF9FEDF5
:103D30000E7ADFED0E6ADFED0E6A77EE877A37EEE8
:103D4000A67A77EEC77A80ED007A77EEA67AC0ED94
:103D5000017A4FF0FF3012E7D80F493FE3CB16400E
:103D6000800FC93FD00FC93F004435374344353732
:103D700008A3852E800F494300008043106D010881
:103D800084F9223F00A3852E32318D24906C0108E6
:103D900010EE103A23F0004300EE103A704700BFD7
:103DA0002DE9F04F2DED048BDBB01C4603938146CB
:103DB00013466898CB4A04F1FF381C1D52F8205076
:103DC000C0F26682DA1E48BF1A1DD2100492013278
:103DD000D2000692069A15EB0806A3EB02021BD44A
:103DE00004989FEDC47A699F0136A0EB0800064451
:103DF0001EAC9C460028A4BF57F8203007EE903A2E
:103E000000F10100ACBFF8EEE77AF0EE477AB0427D
:103E1000E4EC017AEED16346002DC0F2EC80039809
:103E2000B8F1000F0DF58C7C464605EB000EB8BFCF
:103E30000024C0F2D38003981EAF07EB80078400F4
:103E400009EB8000DFEDAB7ABB46CA46FAEC016AAB
:103E50003BED017A8245E6EE877AF7D10136764569
:103E6000ECEC017A07F10407ECD109A8CDE90713BE
:103E700000EB85000DF1280A9FED9B9ADFED9B8AF0
:103E800005904C440AEB8507AB4646AE01951046BB
:103E90000DEB8B03BBF1000F93ED460A4FEA8B0548
:103EA00015DD7319524660EE097AB0EE407AFDEEE8
:103EB000E77A73ED016AF8EEE77AB342A7EEE87AA3
:103EC00037EEA60ABDEEC77AA2EC017AEBD10290DA
:103ED00000F0B2FAB0EE408AB4EE000A28EE000A12
:103EE00000F018FBF2EE007AA0EE678A0298002834
:103EF000FDEEC89AF8EEE97A38EE678A7EDD0BF1BE
:103F0000FF31C0F108035AF821E04EFA03FC0CFA25
:103F100003F3AEEB030EC0F1070219EE903A4EFA2E
:103F200002F26344002A09EE903A4AF821E000F3D5
:103F3000FA80B5EE408AF1EE10FA70D1019B9B45F4
:103F40000CDD0AEB05030021944653F8042DBB4217
:103F500041EA0201F9D1002940F04681019B013B71
:103F60000BF1010E5AF82330002B40F03B81059BEA
:103F7000012153F8042D0131002AFAD05944049B41
:103F800003EB0B02039B5B440293699B03EB820BE5
:103F9000029B0DF1780C0CEB830C47AB1D44DBED61
:103FA000017AF8EEE77AB8F1000F0BF1040BECECB4
:103FB000017ADFED507A09DB62464B46F3EC016A89
:103FC00032ED017AA342E6EE877AF7D10EF1010EC7
:103FD0008E45E5EC017AE2DD8B4659E7701C7045B1
:103FE000CCF8004006F1020605D0B645CCF80440F6
:103FF0000CF1080CF2D10398840036E700F0D98068
:10400000F6EE007AB4EEE78AF1EE10FA80F22E8135
:10401000B5EE408AF1EE10FA4FF000028ED0CDE9F5
:104020000220089B069A0799019D0191D01AB0EED3
:10403000480A00F001FA9FED2D7A0199039AB4EE37
:10404000C70AF1EE10FAC0F29781DFED277A60EE31
:10405000277A0BF10104FDEEE77A0832F8EEE77AF1
:10406000A7EEC70AFDEEE77ABDEEC00A10EE103AE1
:104070004AF82B3017EE903A4AF824301046B7EE43
:10408000000A019100F0D8F9002C0199B0EE407AB5
:10409000C0F29D810AF1040347A8DFED136A03EB28
:1040A000840300EB8400A2000DF58C7C73ED017A93
:1040B000F8EEE77A534567EE877A27EE267A60EDC9
:1040C000017AF3D1002D0DF1C80EC0F2998194440C
:1040D0002746F04600269146054ADFED067A6046FF
:1040E000002311E0547001080000803B0000804371
:1040F0002870010800000000F2EC016AB0EC017ABF
:104100009D42E6EE877A03DB9E4203F10103F3DA78
:10411000013F7B1CC8ED007A7ED008F1040801360F
:10412000ACF1040CD8E70133BBF1000F09EE903A73
:1041300040F3438151464FF0000E51F8043B3BBB26
:104140000EF1010EF345F8DC9E4600280CDD012837
:1041500000F08380022807D10BF1FF315AF821309B
:1041600003F03F0C4AF821C0022A7FF4E2AEB7EE1A
:10417000000A30EE488ABEF1000F3FF4DAAE099231
:10418000029000F059F90298099A38EE408AD0E678
:10419000C3F5807341F8043C04E00B68C3F1FF03EE
:1041A00041F8043B0EF1010EF345F6DC4FF0010E31
:1041B000CBE70BF1FF335AF82320D211002A7FF707
:1041C000B8AE19EE903ABBF1000F03F1010309EE0E
:1041D000903AAFDC022A7FF4ACAEF7EE007A37EE0D
:1041E000C88AA6E67146CAE60BF1FF34A0F10802C0
:1041F0005AF824300799CDF808C02846019D002BB5
:104200007FF43CAF034609A8034453F8040D013C76
:10421000083A0028F9D031E74A46689B022B62DC55
:10422000002B3ADC10D10EF104035FED4E7A1344FB
:1042300033ED017A9E4577EE877AF9D1029B002B08
:1042400040F0AB80C1ED007A19EE903A03F0070020
:104250005BB0BDEC048BBDE8F08F0BF1FF315AF879
:10426000213003F07F0C4AF821C07DE719EE903A27
:10427000BBF1000F03F1010309EE903AC8BF02221F
:104280003FF758AFF7EE007A37EEC88A022250E6C1
:1042900008220692002204929CE50EF10403DDED53
:1042A000327A1FED6C7A1A4452ED016A1346043AD1
:1042B000964537EE267AF7D1029A002A64D177EE36
:1042C000C77A81ED007A5CB10122B3EC017A013248
:1042D000944277EE877AF8DA029B0BB1F1EE677AB7
:1042E000C1ED017AB0E7689B032BADD1002C00F043
:1042F00084800EEB020696ED007A3046354655ED89
:10430000017AF0EE476A37EE277A2B4677EEC77AC6
:10431000043D77EEA67AAE45C3ED007A03ED017A4F
:10432000EDD1012C69D096ED007A70ED017AF0EEB6
:10433000476A37EE277A834277EEC77A80ED007AB4
:1043400077EEA67AC0ED017AEFD15FED967A1A4446
:10435000043332ED017A934277EE877AF9D1029BEA
:10436000DDED326A9DED337AD3B9C1ED006A81ED9E
:10437000017AC1ED027A67E7BDEEC00A5C4610EE35
:10438000103A4AF82B3079E6F1EE476A77EEC77AB1
:10439000C1ED006A002C97D1A0E7F1EE677A51E7F2
:1043A000F1EE666AB1EE477AF1EE677AC1ED006A26
:1043B00081ED017AC1ED027A46E7012811D0022889
:1043C0007FF408AF0EF03F034AF8213002E7689B04
:1043D000022B0EDC002B21DC7FF436AF5FEDBB7AC5
:1043E0002CE70EF07F03022A4AF821307FF4A1ADBA
:1043F000F3E6689B032B7FF427AFDFED0E7AAEE781
:104400000025204673461D6000283FF406AF0238A1
:10441000461C5D6003F10803F5D1FEE6029BDDED6D
:10442000327A1BB14FF000430B6057E700230B605B
:1044300056E700BF0000000010EE103A33F00041D4
:104440001A4625D0B1F1FF4F1FD213F0FF4F20D1F4
:10445000DFED297A294A60EE277A904217EE903AEA
:1044600031DB4CF2503CC3F3C75160451A46A1F111
:10447000190114DD002BDFED227A9FED210AB8BF70
:10448000DFED207A27EE800A704730EE000A704791
:1044900070474CF2503C60454FEAD151EADC084489
:1044A000FE28E7DC002815DC10F1160F19DB1930A7
:1044B00022F0FF4242EAC05207EE902A9FED120A14
:1044C00027EE800A7047DFED117A07EE103A27EEEB
:1044D000270A704722F0FF4242EAC05300EE103A2A
:1044E0007047002BDFED097A9FED080AB8BFDFEDBA
:1044F000087A27EE800A70470000004CB03CFFFFAE
:10450000CAF24971CAF249F1000000336042A20DBB
:104510006042A28D10EE101AC1F3C7527F3A162ADC
:1045200021F000431BDC002A1FDB1B481041014225
:1045300024D0DFED1A7A70EE277AF5EEC07AF1EE2C
:1045400010FA1BDD4FF4000313410B4413EA21035F
:1045500038BF0B4623EA000300EE103A7047B3F170
:10456000FF4F0BD330EE000A7047DFED0C7A70EE90
:10457000277AF5EEC07AF1EE10FA00DC70470029D8
:1045800002DB9FED070A704713B99FED060A7047DB
:10459000BFEE000AF2E700BFFFFF7F00CAF24971D9
:1045A0000000000000000080024B58221A604FF00B
:1045B000FF307047D47E0020024B58221A604FF023
:1045C000FF307047D47E0020024B58221A604FF013
:1045D000FF307047D47E0020024B58221A60002022
:1045E000704700BFD47E0020024B58221A604FF063
:1045F000FF307047D47E0020024B58221A604FF0E3
:10460000FF307047D47E0020024B58221A604FF0D2
:10461000FF307047D47E0020044A05491368002B00
:1046200008BF0B461844106018467047E47E00200F
:10463000087F0020024B58221A604FF0FF3070476D
:10464000D47E0020FEE700BF38B5002200230446D8
:104650000D46F0F73BFA28B920462946BDE8384018
:1046600000F00AB8204605F1004100F005F840428C
:1046700061EB410138BD00BF70B50C4B0022044610
:104680000D46EFF7B1FFF0F787FA0646EFF732FF76
:10469000074B0022EFF7A8FF02460B4620462946AB
:1046A000EFF7EAFDF0F778FA314670BD0000F03D13
:1046B0000000F0412DE9F04782B00646DDF828E021
:1046C0000846B4460D46002B4ED18A4214466DD999
:1046D000B2FA82F242B1C2F12003954026FA03F306
:1046E00094401D4306FA02FC260CA7B2B5FBF6F176
:1046F0004FEA1C4306FB115543EA054301FB07F053
:10470000984209D9E31801F1FF3580F003819842FE
:1047100040F20081023923441B1A1FFA8CFCB3FBC0
:10472000F6F006FB10334CEA034C00FB07F363453D
:104730000AD914EB0C0C00F1FF3580F0ED806345D5
:1047400040F2EA80A444023840EA0140ACEB030C9A
:104750000021BEF1000F04D02CFA02F30022CEE9B2
:10476000003202B0BDE8F0878B4209D9BEF1000FDC
:1047700001D0CEE900610021084602B0BDE8F08713
:10478000B3FA83F1174600294DD1834202D3B242D6
:1047900000F20F81B6EB070C60EB030301201D460E
:1047A000BEF1000FDDD0CEE900C5DAE7002A00F047
:1047B00098801A46B4FA84F3002B40F0AF800B1BAC
:1047C000270CA6B20121B3FBF7F54FEA1C4007FB0B
:1047D000153340EA034306FB05F8984507D9E3186B
:1047E00005F1FF3002D2984500F2E8800546A3EBC0
:1047F00008031FFA8CFCB3FBF7F007FB10334CEAFD
:10480000034C06FB00F3634508D914EB0C0C00F1D4
:10481000FF3602D2634500F2CE803046ACEB030C8B
:1048200040EA054095E7C1F120058B4022FA05FCDE
:104830004CEA030C00FA01F426FA05F3E84002FA08
:1048400001F943EA04084FEA1C4206FA01FAB0FBF8
:10485000F2F71FFA8CF602FB17004FEA184444EAFD
:10486000004407FB06F0A0420AD91CEB040407F140
:10487000FF3380F09C80A04240F29980023F644464
:10488000241A1FFA88F3B4FBF2F002FB104443EA47
:10489000044300FB06F69E4209D91CEB030300F11A
:1048A000FF3480F082809E427FD90238634440EA20
:1048B0000740A0FB09749B1BA3423E46A04664D35D
:1048C00061D0BEF1000F0AD0BAEB060263EB080319
:1048D00003FA05F5CA401543CB40CEE90053002149
:1048E0003FE7730843EAC1734A08190C41EA0241E1
:1048F0004FEAC67C9BB2B2FBF4F02646A0462746A0
:104900001F2243EA0143B1FBF4F1A3EB080341EAA0
:10491000004158E72946FFE6284615E71A46C3F145
:1049200020019C4026FA01F320FA01F19040034354
:10493000270C06FA02FCB1FBF7F0A6B207FB101534
:10494000190C41EA054100FB06F58D423BD961187F
:1049500001D28D4220D8491B0138B1FBF7F50195F2
:1049600005FB06F8019D9BB207FB151143EA0143C5
:10497000434526D2E31805F1FF31C6D24345C4D2E0
:10498000A91E2344C1E7BA459BD2B7EB090664EBE5
:104990000C040138A04694E7651B29440238B1FB9A
:1049A000F7F5019505FB06F8DCE720467FE71F4693
:1049B00066E70846F4E6A44402382FE7023D2344A4
:1049C00015E70199A1E7491BB1FBF7F5019505FB37
:1049D00006F8C7E7F8B500BFF8BC08BC9E467047AC
:0C49E000F8B500BFF8BC08BC9E4670474C
:1049F000DB0F493FDB0F49BFE4CB1640D1537B406F
:104A0000A0650108A4650108B4650108BC6501083A
:104A10004853455F4641494C0A0000004150503A16
:104A2000494E49540A0000004641554C543A20452D
:104A30004550524F4D2072656164206661696C6516
:104A4000642C207573696E672064656661756C748B
:104A5000730A00004150503A4C4F4F500A0000007A
:104A60000D0A00003D3D3D3D3D20E794B5E69CBA72
:104A7000E9A9B1E58AA8E68C87E4BBA4E58897E8B4
:104A8000A1A8203D3D3D3D3D00000000E29480E2B4
:104A9000948020E7B3BBE7BB9FE68C87E4BBA420F0
:104AA000E29480E29480000020202F68656C7020E2
:104AB00020202020202020202020202020202020F6
:104AC000202020E698BEE7A4BAE69CACE5B8AEE5A7
:104AD0008AA9000020202F76657273696F6E2020EE
:104AE000202020202020202020202020202020E600
:104AF00098BEE7A4BAE7A1ACE4BBB62FE8BDAFE42B
:104B0000BBB6E78988E69CAC0000000020202F732C
:104B10007461747573202020202020202020202004
:104B200020202020202020E698BEE7A4BAE585A812
:104B3000E983A8E9858DE7BDAEE58F82E695B000F3
:104B400020202F636865636B2020202020202020F8
:104B50002020202020202020202020E698BEE7A42E
:104B6000BAE5AE9EE697B6E78AB6E680812028E7EA
:104B7000BC96E7A081E599A82F52504D2FE8BE932F
:104B8000E587BA2FE8BF90E8A18CE697B6E997B41D
:104B90002900000020202F646574656374202020A4
:104BA000202020202020202020202020202020E93C
:104BB000878DE696B0E6A380E6B58B20554152542A
:104BC0003220E5B7A5E4BD9CE6A8A1E5BC8F2FE6A1
:104BD000B3A2E789B9E78E870000000020202F7379
:104BE00061766520202020202020202020202020E9
:104BF00020202020202020E4BF9DE5AD98E9858D70
:104C0000E7BDAEE588B020454550524F4D0000004D
:104C100020202F6C6F616420202020202020202065
:104C20002020202020202020202020E4BB8E204592
:104C30004550524F4D20E58AA0E8BDBDE9858DE77E
:104C4000BDAE000020202F726573657420202020E7
:104C5000202020202020202020202020202020E68E
:104C600081A2E5A48DE587BAE58E82E8AEBEE7BDF8
:104C7000AE000000E29480E2948020E68EA7E588F2
:104C8000B6E599A8E68C87E4BBA420E29480E29480
:104C90008000000020202F73706565646374726C5F
:104CA000203C63683E205B6B70206B69206B642046
:104CB0005B696C696D205B6F6C696D205B70657200
:104CC000696F64205B70747970655D5D5D5D5D002A
:104CD00020202020202020202020202020202020D4
:104CE0002020202020202020202020E9809FE5BABD
:104CF000A6E68EA7E588B6E599A820285049442B5A
:104D0000E99990E5B9852BE591A8E69C9F2BE7B141
:104D1000BBE59E8B2900000020202F706F73637409
:104D2000726C203C63683E205B6B70206B69206B6B
:104D300064205B6F6C696D205B696C696D205B70D2
:104D40006572696F64205B70747970655D5D5D5D2F
:104D50005D00000020202020202020202020202076
:104D6000202020202020202020202020202020E47F
:104D7000BD8DE7BDAEE68EA7E588B6E599A82028EB
:104D80005049442BE8BE93E587BAE99990E5B98587
:104D90002BE7A7AFE58886E99990E5B9852BE591E2
:104DA000A8E69C9F2BE7B1BBE59E8B2C20302E31D3
:104DB000C2B0E7B2BEE5BAA62900000020202F6DE0
:104DC0006F6465203C63683E205B6F70656E7C732A
:104DD000706565647C706F735D2020E68EA7E58842
:104DE000B6E6A8A1E5BC8F2028E5BC80E78EAF2FF2
:104DF000E9809FE5BAA62FE4BD8DE7BDAE2900008E
:104E000020202F637072203C63683E205B76616CCB
:104E10005D20202020202020202020E7BC96E7A035
:104E200081E599A8E7BABFE695B0202843505229FA
:104E30000000000020202F696E76203C63683E2031
:104E40005B307C315D20202020202020202020E7A6
:104E500094B5E69CBAE696B9E590912028303DE6F7
:104E6000ADA3E590912C20313DE58F8DE590912902
:104E70000000000020202F65696E76203C63683EAC
:104E8000205B307C315D202020202020202020E766
:104E9000BC96E7A081E599A8E69E81E680A7202838
:104EA000303DE6ADA3E5B8B82C20313DE58F8DE867
:104EB000BDAC2C20E7BB9FE4B880E9A1BAE697B669
:104EC000E99288E4B8BAE6ADA329000020202F704B
:104ED0006F73616E676C65203C63683E205B766132
:104EE0006C5D2020202020E4BD8DE7BDAEE78EAFB5
:104EF000E8BDACE4B880E59C88E88489E586B2E644
:104F000095B02028E789A9E79086E7BABFE695B073
:104F10002C20E59BBAE4BBB6E887AAE58AA8C3972C
:104F2000342C20303DE4BDBFE794A8E7BC96E7A051
:104F300081E599A84350522900000000E29480E2E4
:104F4000948020E7BC96E7A081E599A82FE6BBA452
:104F5000E6B3A220E29480E29480000020202F6536
:104F60006E637A65726F203C63683E2020202020AB
:104F700020202020202020E6B885E99BB6E68C87FB
:104F8000E5AE9AE9809AE98193E7BC96E7A081E5CE
:104F900099A8E8AEA1E695B00000000020202F6699
:104FA000696C746572203C63683E205B747970653F
:104FB0005D205B775D2020E9809FE5BAA6E6BBA473
:104FC000E6B3A2E599A82028303DE697A02C313D14
:104FD000E6BB91E58AA8E5B9B3E59D872C323DE4AF
:104FE000BD8EE9809A2C333DE4B8ADE580BC290044
:104FF000E29480E2948020554152543220E9809A14
:10500000E8AEAF20E29480E29480000020202F756B
:1050100061727432205B626175645D205B696E76DB
:105020005D205B6D6F64655D2020554152543220D8
:10503000E9858DE7BDAE2028E6B3A2E789B9E78E02
:10504000872FE69E81E680A72FE6A8A1E5BC8F29E1
:1050500000000000202020202020696E763A2030B9
:105060003DE6ADA3E5B8B8E69E81E680A72C2031E9
:105070003DE58F8DE79BB82028E9BB98E8AEA420DA
:10508000302900002020202020206D6F64653A2008
:105090007561727428E4BA8CE8BF9BE588B6E58D2B
:1050A0008FE8AEAE2CE9BB98E8AEA429207C207333
:1050B0006275732853425553E5B8A7E8A7A3E69E47
:1050C0009029207C20656C727328454C52532F43E5
:1050D000525346E981A5E68EA729000020202F70B3
:1050E00072696F72697479205B307C315D20202099
:1050F00020202020202020E68EA7E588B6E4BC985A
:10510000E58588E7BAA72028303D555341525432EF
:10511000E4BC98E585882C20313D555342E4BC9889
:10512000E58588290000000020202F74696D656FD7
:105130007574205B6D735D202020202020202020AE
:10514000202020E68C87E4BBA4E8B685E697B6E489
:10515000BF9DE68AA42028303DE585B3E997AD29B7
:1051600000000000E29480E2948020E981A5E68EB0
:10517000A7E58F82E695B020E29480E2948000005B
:1051800020202F736D6170203C63683E205B73624A
:1051900075735F63685D2020202020E981A5E68E7D
:1051A000A7E9809AE98193E698A0E5B08420286376
:1051B000683D317E3420E2869220E981A5E68EA703
:1051C000E9809AE98193E58FB720317E3136290055
:1051D00020202F726D6170203C63683E205B307C24
:1051E000315D202020202020202020E698A0E5B05E
:1051F00084E6A8A1E5BC8F2028303DE4B8ADE5BF2A
:1052000083E99BB6E782B9E58F8CE590912C20313C
:105210003D6D696EE99BB6E782B9E58D95E59091A4
:105220002900000020202F646D6170203C63683EDF
:10523000205B656E61626C655D205B6469725F63B3
:10524000685D2020E696B9E59091E698A0E5B084E7
:105250002028656E61626C6520302F31202B20E69E
:1052600096B9E59091E9809AE9819320317E3136B3
:105270002900000020202F64696E76203C63683E80
:10528000205B307C315D202020202020202020E960
:10529000BB98E8AEA4E58F8DE8BDAC2028303DE694
:1052A000ADA3E5B8B820313DE58F8DE8BDAC2C202D
:1052B000E4B88EE696B9E59091E698A0E5B084E46E
:1052C000B998E6B395E58FA0E58AA03B20E5BA95AD
:1052D000E79B98E6A8A1E5BC8F206368317E333D4B
:1052E00076782F76792FCF892900000020202F7320
:1052F000627573706172616D203C63683E205B76FD
:10530000616C5D20202020E981A5E68EA7E8A18CB4
:10531000E7A88B2028E5BC80E78EAF3DE69C80E5C2
:10532000A4A750574D2C20E9809FE5BAA63DE69CE6
:1053300080E5A4A752504D2C20E4BD8DE7BDAE3DC5
:10534000E69C80E5A4A7E8A792E5BAA6302E31C274
:10535000B0E58D95E4BD8D290000000020202F735D
:1053600062757372616E6765205B6D696E5D205B4F
:105370006D61785D202020202020E9809AE98193CA
:10538000E580BCE88C83E59BB4E4B88AE4B88BE79D
:10539000958C2028313030E289A46D696E3C6D61B6
:1053A00078E289A4323034372C20E69FA5E794A810
:1053B000202F7362757372616E67652900000000AB
:1053C000E29480E2948020E5BA95E79B98202876C5
:1053D000322E302920E29480E294800020202F6336
:1053E00068617373697320202020202020202020F2
:1053F0002020202020202020E69FA5E8AFA2E5BAAB
:1054000095E79B98E9858DE7BDAE2028E590ABE652
:10541000AF8FE8BDAEE5878FE9809FE6AF94204768
:10542000454152202F20E5AE9EE99985E689A7E8FF
:10543000A18CE6A8A1E5BC8F204D4F444529000072
:1054400020202F63686173736973207479706520FD
:105450003C302D363E20202020202020E69E84E572
:105460009E8B3A20303DE7A681E794A820313DE5A8
:10547000B7AEE9809F32574420323DE5B7AEE980B0
:105480009F345744E59B9BE9A9B1000020202020D0
:10549000202020202020202020202020202020200C
:1054A0002020202020202020333DE9BAA6E8BDAEF0
:1054B0004F20343DE585A8E5909133574420353D94
:1054C000E585A8E590913457442D5820363DE58573
:1054D000A8E590913457442DE58D81E5AD97000006
:1054E00020202F6368617373697320776865656C2A
:1054F000203C763E2020202020202020E8BDAEE564
:10550000BE8420286D6D290020202F63686173738D
:1055100069732067656F203C307C317C323E203CD3
:10552000763E2020E587A0E4BD9520286D6D2F30C4
:105530002E31C2B03A20E5B7AEE9809F3DE8BDAE5E
:10554000E8B79D2FE8BDB4E8B79D20E9BAA6E8BD4D
:10555000AE3DE8BDB4E8B79D2FE8BDAEE8B79D20ED
:10556000E585A8E590913DE58D8AE5BE842FE59F10
:10557000BAE58786E8A792290000000020202F6363
:10558000686173736973206D6178203C307C317C75
:10559000323E203C763E2020E99990E5B9852028CE
:1055A00076782F76793A6D6D2F732C20773A302EDE
:1055B0003030317261642F732900000020202F6386
:1055C00068617373697320616363656C203C307C30
:1055D000317C323E203C763E2020E58AA0E9809F47
:1055E000E5BAA620286D6D2F73C2B22C20E58886FF
:1055F000E8BDB4E78BACE7AB8B29000020202F631C
:10560000686173736973207374616C6C203C6D7393
:105610003E20202020202020E5A4B1E9809FE588BD
:10562000A4E5AE9AE697B6E995BF2028303DE7A6F7
:1056300081E794A8E5A4B1E9809FE58D8FE8B08368
:105640002900000020202F63686173736973207341
:10565000746F702020202020202020202020202057
:10566000E695B4E8BDA6E5819CE6ADA22028E696C5
:105670009CE59DA1E5BD92E99BB629004552523AB1
:105680002064657465637420616C7265616479205F
:1056900072756E6E696E6700446574656374696ED9
:1056A000672E2E2E20286E6F6E2D626C6F636B69D5
:1056B0006E672C206D6F746F722073746F707065DD
:1056C000642900004F4B20287772697474656E203E
:1056D000746F20454550524F4D2900004552523AB3
:1056E0002073617665206661696C65640000000066
:1056F0004F4B20286C6F616465642066726F6D206B
:10570000454550524F4D29005741524E3A2045458C
:1057100050524F4D20696E76616C69642C20757310
:10572000696E672064656661756C747300000000C3
:105730004F4B2028666163746F72792072657365C0
:105740007429000048573A207625642E25642E25BA
:1057500064202053573A207625642E25642E256434
:1057600000000000554152540000000053425553C0
:1057700000000000454C525300000000E58F8DE70B
:105780009BB80000E6ADA3E5B8B8000055415254FF
:105790003200000055534200E58F8D00E6ADA300B6
:1057A0006D696EE99BB6E782B9000000E4B8ADE52B
:1057B000BF83E99BB6E782B9000000004F4E0000AE
:1057C0004F4646005359533A205553423D323030EC
:1057D00030303030205553415254323D256C7520C5
:1057E000257320E69E81E680A73D257320E4BC98C2
:1057F000E585883D257320E8B685E697B63D257595
:105800006D7300004D25633A202573204350523DAF
:10581000257520257320205370643A202573204B72
:10582000703D252E3366204B693D252E3366204B77
:10583000643D252E3366204F6C696D3D252E306604
:1058400020543D25756D73202573000020202020F5
:10585000506F733A202573204B703D252E33662000
:105860004B693D252E3366204B643D252E33662043
:105870004F6C696D3D252E306620496C696D3D2564
:105880002E316620543D25756D73204350523D25C1
:105890007500000052433A20413D63682575282574
:1058A000752920423D636825752825752920433DCB
:1058B000636825752825752920443D63682575286A
:1058C00025752920E88C83E59BB43D25757E2575DB
:1058D0000000000052432D4D25643A206D61703D5B
:1058E00025732064696E763D2573206469726D614D
:1058F000703D2573206469725F63683D6368257538
:1059000000000000656570726F6D5F726561645FB5
:105910006661696C000000006E6F6E65000000003B
:10592000454E433A205B25366C642025366C642056
:1059300025366C642025366C645D000052504D3A6B
:10594000205B25366C642025366C642025366C641B
:105950002025366C645D0000524F543A205B25369A
:105960006C642025366C642025366C642025366CEA
:10597000645D00004F55543A205B2536642025367F
:105980006420253664202536645D00004552523A75
:1059900020257300434841535349533A2076783DBC
:1059A000252E32662076793D252E326620773D25DC
:1059B0002E3266204B3D252E3266205354414C4CEE
:1059C0003D30782558000000555054494D453A2047
:1059D000256C75206D730000E5A29EE9878FE5BCFC
:1059E0008F000000E4BD8DE7BDAEE5BC8F00000078
:1059F000504F530053504545440000004F50454E12
:105A0000000000006D696EE99BB6E782B928E58D5C
:105A100095E5909129000000E4B8ADE5BF83E99BCE
:105A2000B6E782B928E58F8CE59091290000000047
:105A30004F4E28E58F8DE8BDAC29000055534152EB
:105A400054320000205BE5BD93E5898DE6A8A1E511
:105A5000BC8F3DE9809FE5BAA62C20E6ADA4E58089
:105A6000BC3DE69C80E5A4A752504D5D00000000BF
:105A7000205BE5BD93E5898DE6A8A1E5BC8F3DE4FB
:105A8000BD8DE7BDAE2C20E6ADA4E580BC3DE69C17
:105A900080E5A4A7E8A792E5BAA628302E31C2B0C7
:105AA000295D0000205BE5BD93E5898DE6A8A1E5B1
:105AB000BC8F3DE5BC80E78EAF2C20E6ADA4E58031
:105AC000BC3DE69C80E5A4A750574D28307E313080
:105AD0003030295D00000000E69CAAE79FA5000089
:105AE000E5BC80E78EAF0000286B5F6368E69CAA88
:105AF000E6A087E5AE9A3F2900000000E9809FE517
:105B0000BAA6000028E4BD8DE7BDAEE6A1A3E68CF1
:105B100089E9809FE5BAA6290000000073706565D9
:105B2000646374726C000000E794A8E6B3953A20B1
:105B30002F73706565646374726C203C63683E20EB
:105B40005B6B70206B69206B64205B696C696D20F6
:105B50005B6F6C696D205B706572696F64205B7050
:105B6000747970655D5D5D5D5D0000004552523A7F
:105B700020636820312D340043482564204B703D5C
:105B8000252E3366204B693D252E3366204B643D20
:105B9000252E336620496C696D3D252E3166204FD8
:105BA0006C696D3D252E316620506572696F643DCC
:105BB00025756D7320547970653D257300000000D4
:105BC000E794A8E6B3953A202F7370656564637413
:105BD000726C203C63683E203C6B703E203C6B69DD
:105BE0003E203C6B643E205B2E2E2E5D00000000AC
:105BF0004F4B202852414D206F6E6C7929000000D8
:105C0000706F736374726C00E794A8E6B3953A20E2
:105C10002F706F736374726C203C63683E205B6B03
:105C200070206B69206B64205B6F6C696D205B6911
:105C30006C696D205B706572696F64205B7074794C
:105C400070655D5D5D5D5D004348256420706F7328
:105C5000204B703D252E3366204B693D252E336643
:105C6000204B643D252E3366204F6C696D3D252EFB
:105C7000316652504D20496C696D3D252E316620AC
:105C8000506572696F643D25756D73205049443DC0
:105C900025730000E794A8E6B3953A202F706F7340
:105CA0006374726C203C63683E203C6B703E203C09
:105CB0006B693E203C6B643E205B2E2E2E5D000007
:105CC00063707200E794A8E6B3953A202F63707270
:105CD000203C63683E205B76616C5D004348256430
:105CE000204350523D257500696E7600E794A8E682
:105CF000B3953A202F696E76203C63683E205B3076
:105D00007C315D004348256420696E766572743D80
:105D10002575000065696E7600000000E794A8E62E
:105D2000B3953A202F65696E76203C63683E205B10
:105D3000307C315D000000004348256420656E63BF
:105D40005F696E766572743D257500006D6F6465E0
:105D500000000000E794A8E6B3953A202F6D6F6429
:105D600065203C63683E205B6F70656E7C73706578
:105D700065647C706F735D0043482564206D6F64BB
:105D8000653D2573000000006F70656E0000000027
:105D900073706565640000004552523A206F70656B
:105DA0006E2F73706565642F706F73007561727408
:105DB00032000000426175643D256C7520496E76A5
:105DC0003D257528257329204D6F64653D25730099
:105DD0004552523A206465746563742072756E6E24
:105DE000696E672C20747279206C61746572000092
:105DF0004552523A206261756420313230302D3480
:105E000030303030303000007362757300000000B5
:105E100075617274000000004552523A206D6F6443
:105E20006520736275732F756172742F656C727360
:105E3000000000004F4B2028E5B7B2E5BA94E79484
:105E4000A8290000736D617000000000E794A8E6C7
:105E5000B3953A202F736D6170203C63683E205BE0
:105E6000736275735F63685D0000000043482564DA
:105E700020534255535F43483D2575004552523AE1
:105E800020534255535F434820317E313600000095
:105E9000726D617000000000E794A8E6B3953A20A7
:105EA0002F726D6170203C63683E205B307C315DF9
:105EB0000000000043482564206D61706D6F6465CB
:105EC0003D25752028257329000000004552523ACF
:105ED00020303DE4B8ADE5BF83E99BB6E782B92049
:105EE000313D6D696EE99BB6E782B900646D617002
:105EF00000000000E794A8E6B3953A202F646D6196
:105F000070203C63683E205B656E61626C6520308A
:105F10007C315D205B6469725F636820317E31365D
:105F20005D00000043482564206469726D61703D26
:105F30002573206469725F63683D6368257500009E
:105F40004552523A20656E61626C6520302F3100F7
:105F50004552523A206469725F636820317E31365F
:105F60000000000064696E7600000000E794A8E677
:105F7000B3953A202F64696E76203C63683E205BBF
:105F8000307C315D00000000434825642064696E68
:105F9000763D2573000000004552523A20303DE620
:105FA000ADA3E5B8B820313DE58F8DE8BDAC00006C
:105FB00074696D656F7574002575206D7300000040
:105FC0007072696F72697479000000007362757392
:105FD00072616E6765000000E88C83E59BB43A202F
:105FE00025757E25752028E4B8ADE5BF833D257570
:105FF000290000004552523A20E794A8E6B39520C4
:106000002F7362757372616E6765203C6D696E3EB9
:10601000203C6D61783E202831303020E289A42078
:106020006D696E203C206D617820E289A4203230B9
:10603000343729004552523A20E88C83E59BB4E975
:106040009C802031303020E289A4206D696E203C94
:10605000206D617820E289A42032303437000000BE
:1060600073627573706172616D000000E794A8E659
:10607000B3953A202F73627573706172616D203C25
:1060800063683E205B76616C5D00000043482564D8
:106090002073627573706172616D3D2575257300A3
:1060A0004F4B202852414D206F6E6C79292573008B
:1060B000656E637A65726F00E794A8E6B3953A203F
:1060C0002F656E637A65726F203C63683E00000046
:1060D0004F4B000066696C7465720000434825648C
:1060E0002066696C7465723D25732077696E646FF4
:1060F000773D2575000000004552523A20747970B2
:106100006520302D332028303DE697A02C313DE628
:10611000BB91E58AA8E5B9B3E59D872C323DE4BD86
:106120008EE9809A2C333DE4B8ADE580BC290000AF
:106130004552523A204C50462077696E646F772062
:10614000312D3939000000004552523A204D412F7F
:10615000E4B8ADE580BC2077696E646F7720312D9F
:10616000333200004F4B20434825642066696C742D
:1061700065723D25732077696E646F773D257520C4
:106180002852414D206F6E6C79290000706F736149
:106190006E676C6500000000E794A8E6B3953A20AE
:1061A0002F706F73616E676C65203C63683E205B87
:1061B00076616C5D000000004348256420706F73B9
:1061C0005F616E676C655F6370723D2575000000EE
:1061D0004552523A2076616C20302D3635353335B4
:1061E000000000006368617373697300545950457F
:1061F0003D257320574845454C3D252E30666D6D35
:106200000000000047454F3D252E30662F252E31DA
:10621000662F252E3066204D41583D252E30662FA5
:10622000252E30662F252E33660000004143433D66
:10623000252E30662F252E30662F252E33662053CF
:1062400054414C4C3D25756D73000000474541524B
:106250003A20413D252E316620423D252E316620D3
:10626000433D252E316620443D252E316600000039
:1062700020203CE69C89E7BC96E7A081E599A8E44C
:10628000BD8620706F735F616E676C655F6370724F
:106290003D3020E79A84E8BDAE20256420E4B8AA0A
:1062A0003A20673D3120E69CAAE8AEA1E5878FE958
:1062B000809FE6AF942C20E794A8202F706F736125
:1062C0006E676C6520E9858DE7BDAE3E000000007D
:1062D0004D4F44453A0000002025633D257325734A
:1062E000257300004F4B20E5BA95E79B98E5B7B2C0
:1062F000E5819CE6ADA22028E6969CE59DA1E5BD42
:1063000092E99BB629000000E794A8E6B3953A20ED
:106310002F63686173736973203C747970657C774F
:106320006865656C7C67656F7C6D61787C616363B3
:10633000656C7C7374616C6C3E203C76616C2E2EB7
:106340002E3E000074797065000000004552523AFC
:10635000207479706520302D3600000077686565FF
:106360006C0000004552523A20776865656C203118
:106370002D363535333520286D6D290067656F0062
:10638000E794A8E6B3953A202F6368617373697345
:106390002067656F203C307C317C323E203C76614A
:1063A0006C3E00004552523A2067656F20302D3216
:1063B0002C2076616C20302D3635353335000000C9
:1063C0006D617800E794A8E6B3953A202F63686181
:1063D00073736973206D6178203C307C317C323E70
:1063E000203C76616C3E00004552523A206D617847
:1063F00020302D322C2076616C20302D363535330F
:1064000035000000616363656C000000E794A8E656
:10641000B3953A202F636861737369732061636376
:10642000656C203C307C317C323E203C76616C3E99
:10643000000000004552523A20616363656C2030D1
:106440002D322C2076616C20302D363535333500D9
:106450007374616C6C0000004552523A2073746191
:106460006C6C20302D3630303030206D73000000E1
:106470004552523A20747970657C776865656C7C0A
:1064800067656F7C6D61787C616363656C7C737438
:10649000616C6C7C73746F700000000068656C70D8
:1064A0000000000076657273696F6E00737461742A
:1064B00075730000636865636B0000006465746554
:1064C0006374000073617665000000006C6F6164A6
:1064D000000000007265736574000000556E6B6EFD
:1064E0006F776E20636F6D6D616E6420272F25734B
:1064F00027000000556E6B6E6F776E20636F6D6DB9
:10650000616E642E2054797065202F68656C702050
:10651000666F7220617661696C61626C6520636F81
:106520006D6D616E64732E003E200000E7A681E76A
:1065300094A80000E5B7AEE9809F32574400000000
:10654000E5B7AEE9809F345744E59B9BE9A9B100CC
:10655000E5B7AEE9809F345744E5908EE9A9B100D4
:10656000E9BAA6E8BDAE5800E9BAA6E8BDAEE58531
:10657000AB000000E585A8E590913357440000008A
:10658000E585A8E590913457442D5800E585A8E5A8
:1065900090913457442DE58D81E5AD9700000000C2
:1065A000E697A000E6BB91E58AA8E5B9B3E59D872B
:1065B00000000000E4BD8EE9809A0000E4B8ADE57B
:1065C00080BC0000E4BD8DE7BDAE00005741524ED7
:1065D0003A206465746563742D7361766520666125
:1065E000696C65642C2066616C6C6261636B20660B
:1065F000756C6C20736176650A0000005741524E3D
:106600003A2066756C6C2073617665206661696CF2
:1066100065640A0044657465637465643A20257393
:10662000204020256C7520627073000044657465FD
:10663000637465643A204641494C20286E6F20738C
:1066400069676E616C206D6174636865642C20639A
:106650006F6E66696720756E6368616E6765642931
:1066600000000000000610160006101600000000D2
:106670000102030400000000000000000102030406
:106680000607080900080240001000000008024048
:10669000000800000400000000000240001000009C
:1066A000000802400002000000000000000002405C
:1066B0000080000000080240000400000800000004
:1066C0000004024010000000000C02400400000022
:1066D0000C000000000101002C0300209C0200209F
:1066E00074030020E402002000070E091C1B121591
:1066F000383F363124232A2D70777E796C6B6265A2
:10670000484F464154535A5DE0E7EEE9FCFBF2F591
:10671000D8DFD6D1C4C3CACD90979E998C8B828581
:10672000A8AFA6A1B4B3BABDC7C0C9CEDBDCD5D271
:10673000FFF8F1F6E3E4EDEAB7B0B9BEABACA5A261
:106740008F88818693949D9A2720292E3B3C353251
:106750001F18111603040D0A5750595E4B4C454241
:106760006F68616673747D7A898E878095929B9C31
:10677000B1B6BFB8ADAAA3A4F9FEF7F0E5E2EBEC21
:10678000C1C6CFC8DDDAD3D4696E676075727B7C11
:1067900051565F584D4A4344191E171005020B0C01
:1067A00021262F283D3A33344E49404752555C5BF1
:1067B0007671787F6A6D64633E39303722252C2BE1
:1067C0000601080F1A1D1413AEA9A0A7B2B5BCBBD1
:1067D0009691989F8A8D8483DED9D0D7C2C5CCCBC1
:1067E000E6E1E8EFFAFDF4F32C65010834650108F1
:1067F0004065010850650108606501086865010889
:1068000074650108806501088C650108A0650108B0
:10681000A4650108B4650108BC650108E4590108D4
:10682000D8590108E05A0108FC5A0108C46501085A
:1068300000C20100A0860100A068060000840300D9
:1068400000E100000096000080841E00802500000A
:106850000008070000100E00004B00004038000048
:106860000001000001002E00494E4600696E6600DE
:106870004E414E006E616E0030003031323334359F
:10688000363738394142434445460030313233349B
:106890003536373839616263646566004300504FAE
:1068A00053495800496E66696E697479004E614EAD
:1068B000005245454E54206D616C6C6F63207375BA
:1068C00063636565646564002F646174612F6A6544
:1068D0006E6B696E732F776F726B73706163652F68
:1068E000474E552D746F6F6C636861696E2F6172CE
:1068F0006D2D31352F7372632F6E65776C69622D44
:1069000063796777696E2F6E65776C69622F6C6942
:1069100062632F7374646C69622F64746F612E6399
:106920000042616C6C6F63207375636365656465B9
:1069300064002F646174612F6A656E6B696E732FDA
:10694000776F726B73706163652F474E552D746F4F
:106950006F6C636861696E2F61726D2D31352F73B5
:1069600072632F6E65776C69622D63796777696EE4
:106970002F6E65776C69622F6C6962632F73746424
:106980006C69622F6764746F612D676574686578E0
:106990002E63002F646174612F6A656E6B696E737C
:1069A0002F776F726B73706163652F474E552D742F
:1069B0006F6F6C636861696E2F61726D2D31352F59
:1069C0007372632F6E65776C69622D63796777697F
:1069D0006E2F6E65776C69622F6C6962632F7374BA
:1069E000646C69622F6D707265632E6300232D30B5
:1069F0002B2000686C4C00656667454647002C20DC
:106A000066756E6374696F6E3A20006173736572A8
:106A100074696F6E2022257322206661696C65643B
:106A20003A2066696C6520222573222C206C696EE1
:106A300065202564257325730A00000034000000DA
:106A4000CEFBFFFFCB0300000100000000000000B0
:106A500035000000CEFBFFFFCB030000010000006B
:106A60000000000000000000BC89D897B2D29C3C16
:106A700033A7A8D523F649393DA7F444FD0FA53225
:106A80009D978CCF08BA5B25436FAC6428066811CC
:106A900000202020202020202020282828282820EE
:106AA00020202020202020202020202020202020E6
:106AB000208810101010101010101010101010104E
:106AC000100404040404040404040410101010103E
:106AD0001010414141414141010101010101010108
:106AE000010101010101010101010101101010105A
:106AF00010104242424242420202020202020202DA
:106B0000020202020202020202020202101010102D
:106B10002000000000000000000000000000000055
:106B20000000000000000000000000000000000065
:106B30000000000000000000000000000000000055
:106B40000000000000000000000000000000000045
:106B50000000000000000000000000000000000035
:106B60000000000000000000000000000000000025
:106B70000000000000000000000000000000000015
:106B80000000000000000000000000000000000005
:106B90000000000005000000190000007D0000005A
:106BA0000080E03779C34143176E05B5B5B8934609
:106BB000F5F93FE9034F384D321D30F94877825AD5
:106BC0003CBF737FDD4F1575000000000000F03FF3
:106BD00000000000000024400000000000005940B8
:106BE0000000000000408F40000000000088C3400B
:106BF00000000000006AF8400000000080842E4180
:106C000000000000D01263410000000084D79741CB
:106C10000000000065CDCD41000000205FA00242D1
:106C2000000000E876483742000000A2941A6D4246
:106C3000000040E59C30A2420000901EC4BCD64239
:106C400000003426F56B0C430080E03779C34143E4
:106C500000A0D8855734764300C84E676DC1AB435A
:106C6000003D9160E458E143408CB5781DAF154478
:106C700050EFE2D6E41A4B4492D54D06CFF0804453
:106C8000F64AE1C7022DB544B49DD9794378EA4468
:106C9000000FC93F000F494000CB9640000FC9408C
:106CA0000053FB4000CB164100ED2F41000F49413E
:106CB0000031624100537B41003A8A4100CB96414A
:106CC000005CA34100EDAF41007EBC41000FC94113
:106CD00000A0D5410031E24100C2EE410053FB412A
:106CE00000F20342003A0A420083104200CB1642EF
:106CF00000141D42005C234200A5294200ED2F42F2
:106D000000363642007E3C4200C74242000F4942F4
:106D1000A2000000F9000000830000006E000000E7
:106D20004E00000044000000150000002900000093
:106D3000FC0000002700000057000000D100000008
:106D4000F500000034000000DD000000C00000007D
:106D5000DB000000620000009500000099000000C8
:106D60003C000000430000009000000041000000D3
:106D7000FE0000005100000063000000AB000000B6
:106D8000DE000000BB000000C50000006100000044
:106D9000B7000000240000006E0000003A00000070
:106DA000420000004D000000D2000000E0000000A2
:106DB00006000000490000002E000000EA0000006C
:106DC00009000000D1000000920000001C0000003B
:106DD000FE0000001D000000EB0000001C00000091
:106DE000B100000029000000A70000003E000000E4
:106DF000E80000008200000035000000F5000000FF
:106E00002E000000BB0000004400000084000000D1
:106E1000E90000009C000000700000002600000057
:106E2000B40000005F0000007E0000004100000090
:106E30003900000091000000D60000003900000079
:106E4000830000005300000039000000F40000003F
:106E50009C000000840000005F0000008B00000028
:106E6000BD000000F9000000280000003B00000009
:106E70001F000000F800000097000000FF00000065
:106E8000DE00000005000000980000000F00000078
:106E9000EF0000002F000000110000008B00000038
:106EA0005A0000000A0000006D0000001F000000F2
:106EB0006D000000360000007E000000CF000000E2
:106EC00027000000CB00000009000000B700000010
:106ED0004F000000460000003F0000006600000078
:106EE0009E0000005F000000EA0000002D0000008E
:106EF0007500000027000000BA000000C700000075
:106F0000EB000000E5000000F10000007B00000045
:106F10003D0000000700000039000000F7000000FD
:106F20008A0000005200000092000000EA00000009
:106F30006B000000FB0000005F000000B1000000DB
:106F40001F0000008D0000005D0000000800000030
:106F50005600000003000000300000004600000062
:106F6000FC0000007B0000006B000000AB00000094
:106F7000F0000000CF000000BC0000002000000076
:106F80009A000000F4000000360000001D00000020
:106F9000A9000000E3000000910000006100000073
:106FA0005E000000E60000001B000000080000007A
:106FB0006500000099000000850000005F000000EF
:106FC00014000000A0000000680000004000000065
:106FD0008D000000FF000000D800000080000000CD
:106FE0004D00000073000000270000003100000089
:106FF000060000000600000015000000560000001A
:10700000CA00000073000000A8000000C9000000D2
:1070100060000000E20000007B000000C0000000F3
:107020008C0000006B0000000000C93F0000F03938
:107030000000DA370000A2330000842E0000502B3D
:107040000000C2270000D0220000C41F0000C61BA1
:1070500000004417040000000700000009000000C1
:0870600040D1FE7F0100000099
:04706800B54D00081A
:04706C008D4D00083E
:1070700001000000100000000024F400FF000000E8
:107080000000803F0000000003000000987D002009
:1070900043000000000000000000000000000000AD
:1070A00000000000000000000000000000000000E0
:1070B000430000000000000000000000000000008D
:1070C00000000000000000000000000000000000C0
:1070D000430000000000000000000000000000006D
:1070E00000000000000000000000000000000000A0
:1070F000430000000000000000000000000000004D
:10710000000000000000000000000000000000007F
:10711000430000000000000000000000000000002C
:10712000000000000000000000000000000000005F
:10713000430000000000000000000000000000000C
:10714000000000000000000000000000000000003F
:1071500043000000000000000000000000000000EC
:10716000000000000000000000000000000000001F
:107170004F2E01088524010800000000906A0108D4
:1071800066680108396A0108396A0108396A010824
:10719000396A0108396A0108396A0108396A01083F
:1071A000396A0108396A0108FFFFFFFFFFFFFFFF8F
:1071B000FFFFFFFFFFFF000001004153434949006B
:1071C00000000000000000000000000000000000BF
:1071D0000000000000000000000041534349490046
:1071E000000000000000000000000000000000009F
:1071F00000000000000000000000000090010020DE
:1072000000000000987D0020007E0020687E0020A5
:10721000000000000000000000000000000000006E
:10722000000000000000000000000000000000005E
:10723000000000000000000000000000000000004E
:0C72400000000000000000000000000042
:040000050800F48D6E
:00000001FF
