:020000040800F2
:1040000000000120A1DD0008495600084B560008B9
:104010005956000867560008755600080000000051
:1040200000000000000000000000000083560008AF
:1040300085560008000000008756000889560008D1
:10404000F1DD0008F1DD0008F1DD0008F1DD000818
:10405000F1DD0008F1DD000891560008F1DD0008EF
:10406000F1DD0008F1DD0008F1DD0008F1DD0008F8
:10407000F1DD0008F1DD0008F1DD0008F1DD0008E8
:10408000F1DD0008F1DD0008F1DD000800000000AE
:10409000000000000000000000000000F1DD00084A
:1040A000A1990008F1DD0008F1DD0008F1DD00084C
:1040B000F1DD0008F1DD0008F1DD0008F1DD0008A8
:1040C000F1DD0008F1DD0008F1DD0008F1DD000898
:1040D000F1DD0008F1DD00089D5600080000000039
:1040E000F1DD0008F1DD0008F1DD0008000000004E
:1040F000000000000000000000000000F1DD0008EA
:1041000000000000F1DD0008F1DD0008F1DD00082D
:10411000000000000000000000000000000000009F
:10412000F1DD0008F1DD0008F1DD0008F1DD000837
:10413000F1DD0008000000000000000000000000A9
:10414000000000000000000000000000F1DD000899
:10415000F1DD000839DD0008F1DD0008AD5600088A
:10416000F1DD0008F1DD00080000000000000000A3
:10417000000000000000000000000000000000003F
:1041800000000000F1DD0008000000000000000059
:04419000F1DD000855
:1041A00010F8012B11F8013B012A28BF9A42F7D0E1
:1041B000D01A70470000000000000000000000005E
:1041C00001F0FF01102A2BDB10F0070F08D010F8C8
:1041D000013B013A8B422DD010F0070F42B3F6D1CC
:1041E000F0B441EA012141EA014122F007047FF0E5
:1041F00000070023F0E80256083C85EA010586EA3C
:10420000010685FA47F5A3FA87F586FA47F6A5FA77
:1042100087F68EB9EED1F0BC01F0FF0102F0070283
:1042200032B110F8013B013A83EA010313B1F8D12E
:104230000020704701387047002D06BF354603380F
:10424000073815F0010F07D1013015F4807F02BF48
:10425000013015F4C03F0130F0BC0138704700BF99
:10426000034613F8012B002AFBD1181A01387047B6
:1042700081F0004102E000BF83F0004330B54FEA17
:1042800041044FEA430594EA050F08BF90EA020F84
:104290001FBF54EA000C55EA020C7FEA645C7FEA17
:1042A000655C00F0E2804FEA5454D4EB5555B8BF3A
:1042B0006D420CDD2C4480EA020281EA030382EAAB
:1042C000000083EA010180EA020281EA0303362D3D
:1042D00088BF30BD11F0004F4FEA01314FF4801C10
:1042E0004CEA113102D0404261EB410113F0004F22
:1042F0004FEA03334CEA133302D0524263EB4303D9
:1043000094EA050F00F0A780A4F10104D5F1200E76
:104310000DDB02FA0EFC22FA05F2801841F10001D1
:1043200003FA0EF2801843FA05F359410EE0A5F1A5
:1043300020050EF1200E012A03FA0EFC28BF4CF0D6
:10434000020C43FA05F3C01851EBE37101F000458C
:1043500007D54FF0000EDCF1000C7EEB00006EEB99
:104360000101B1F5801F1BD3B1F5001F0CD3490823
:104370005FEA30004FEA3C0C04F101044FEA44527A
:1043800012F5800F80F09A80BCF1004F08BF5FEA01
:10439000500C50F1000041EB045141EA050130BDE1
:1043A0005FEA4C0C404141EB0101013C28BFB1F5F3
:1043B000801FE9D291F0000F04BF01460020B1FA3E
:1043C00081F308BF2033A3F10B03B3F120020CDA11
:1043D0000C3208DD02F1140CC2F10C0201FA0CF0EF
:1043E00021FA02F10CE002F11402D8BFC2F1200C54
:1043F00001FA02F120FA0CFCDCBF41EA0C0190400A
:10440000E41AA2BF01EB0451294330BD6FEA040452
:104410001F3C1CDA0C340EDC04F11404C4F120023D
:1044200020FA04F001FA02F340EA030021FA04F34F
:1044300045EA030130BDC4F10C04C4F1200220FAA6
:1044400002F001FA04F340EA0300294630BD21FAE4
:1044500004F0294630BD94F0000F83F4801306BFAA
:1044600081F480110134013D4EE77FEA645C18BF9E
:104470007FEA655C29D094EA050F08BF90EA020F35
:1044800005D054EA000C04BF1946104630BD91EA2D
:10449000030F1EBF0021002030BD5FEA545C05D130
:1044A0004000494128BF41F0004130BD14F580046F
:1044B0003CBF01F5801130BD01F0004545F0FE41E3
:1044C00041F470014FF0000030BD7FEA645C1ABF18
:1044D000194610467FEA655C1CBF0B46024650EA4F
:1044E000013406BF52EA033591EA030F41F400217B
:1044F00030BD00BF90F0000F04BF0021704730B501
:104500004FF4806404F132044FF000054FF00001D5
:1045100050E700BF90F0000F04BF0021704730B596
:104520004FF4806404F1320410F0004548BF40426B
:104530004FF000013EE700BF42004FEAE2014FEAC0
:1045400031014FEA02701FBF12F07F4393F07F4F9B
:1045500081F06051704732F07F4208BF704793F09E
:104560007F4F04BF41F40021704730B54FF46074B1
:1045700001F0004521F000411CE700BF50EA0102B4
:1045800008BF704730B54FF000050AE050EA01025D
:1045900008BF704730B511F0004502D5404261EBCD
:1045A00041014FF4806404F132045FEA915C3FF40E
:1045B000D8AE4FF003025FEADC0C18BF03325FEAAB
:1045C000DC0C18BF033202EBDC02C2F1200300FA5C
:1045D00003FC20FA02F001FA03FE40EA0E0021FA81
:1045E00002F11444BDE600BF70B54FF0FF0C4CF46F
:1045F000E06C1CEA11541DBF1CEA135594EA0C0F21
:1046000095EA0C0F00F0DEF82C4481EA030621EA5B
:104610004C5123EA4C5350EA013518BF52EA033596
:1046200041F4801143F4801338D0A0FB02CE4FF048
:104630000005E1FB02E506F00042E0FB03E54FF078
:104640000006E1FB03569CF0000F18BF4EF0010E70
:10465000A4F1FF04B6F5007F64F5407404D25FEA6C
:104660004E0E6D4146EB060642EAC62141EA55511F
:104670004FEAC52040EA5E504FEACE2EB4F1FD0C61
:1046800088BFBCF5E06F1ED8BEF1004F08BF5FEADF
:10469000500E50F1000041EB045170BD06F0004691
:1046A00046EA010140EA020081EA0301B4EB5C043E
:1046B000C2BFD4EB0C0541EA045170BD41F4801136
:1046C0004FF0000E013C00F3AB8014F1360FDEBF5B
:1046D000002001F0004170BDC4F10004203C35DA37
:1046E0000C341BDC04F11404C4F1200500FA05F3BA
:1046F00020FA04F001FA05F240EA020001F000425B
:1047000021F0004110EBD37021FA04F642EB0601D0
:104710005EEA430E08BF20EAD37070BDC4F10C04FA
:10472000C4F1200500FA04F320FA05F001FA04F2BE
:1047300040EA020001F0004110EBD37041F10001AA
:104740005EEA430E08BF20EAD37070BDC4F12005B5
:1047500000FA05F24EEA020E20FA04F301FA05F21D
:1047600043EA020321FA04F001F0004121FA04F2C5
:1047700020EA020000EBD3705EEA430E08BF20EA95
:10478000D37070BD94F0000F0FD101F000464000CF
:1047900041EB010111F4801F08BF013CF7D041EA51
:1047A000060195F0000F18BF704703F00046520055
:1047B00043EB030313F4801F08BF013DF7D043EA26
:1047C0000603704794EA0C0F0CEA135518BF95EADC
:1047D0000C0F0CD050EA410618BF52EA4306D1D163
:1047E00081EA030101F000414FF0000070BD50EA82
:1047F000410606BF1046194652EA430619D094EA0C
:104800000C0F02D150EA013613D195EA0C0F05D1F5
:1048100052EA03361CBF104619460AD181EA030149
:1048200001F0004141F0FE4141F470014FF0000001
:1048300070BD41F0FE4141F4780170BD70B54FF09C
:10484000FF0C4CF4E06C1CEA11541DBF1CEA13551C
:1048500094EA0C0F95EA0C0F00F0A7F8A4EB0504FE
:1048600081EA030E52EA03354FEA013100F08880F5
:104870004FEA03334FF0805545EA131343EA1263BE
:104880004FEA022245EA111545EA10654FEA002673
:104890000EF000419D4208BF964244F1FD0404F52C
:1048A000407402D25B084FEA3202B61A65EB030588
:1048B0005B084FEA32024FF480104FF4002CB6EB45
:1048C000020E75EB030E22BFB61A754640EA0C00C5
:1048D0005B084FEA3202B6EB020E75EB030E22BF05
:1048E000B61A754640EA5C005B084FEA3202B6EB46
:1048F000020E75EB030E22BFB61A754640EA9C0005
:104900005B084FEA3202B6EB020E75EB030E22BFD4
:10491000B61A754640EADC0055EA060E18D04FEA92
:10492000051545EA16754FEA06164FEAC30343EA32
:1049300052734FEAC2025FEA1C1CC0D111F4801FFF
:104940000BD141EA00014FF000004FF0004CB6E7F8
:1049500011F4801F04BF01430020B4F1FD0C88BF97
:10496000BCF5E06F3FF6AFAEB5EB030C04BFB6EBA2
:10497000020C5FEA500C50F1000041EB045170BD95
:104980000EF0004E4EEA113114EB5C04C2BFD4EBC2
:104990000C0541EA045170BD41F480114FF0000E46
:1049A000013C90E645EA060E8DE60CEA135594EAC2
:1049B0000C0F08BF95EA0C0F3FF43BAF94EA0C0FC5
:1049C0000AD150EA01347FF434AF95EA0C0F7FF43A
:1049D00025AF104619462CE795EA0C0F06D152EA8E
:1049E00003353FF4FDAE1046194622E750EA410672
:1049F00018BF52EA43067FF4C5AE50EA41047FF483
:104A00000DAF52EA43057FF4EBAE12E74FF0FF3CE7
:104A100006E000BF4FF0010C02E000BF4FF0010CB8
:104A20004DF804CD4FEA410C7FEA6C5C4FEA430C31
:104A300018BF7FEA6C5C1BD001B050EA410C0CBF80
:104A400052EA430C91EA030F02BF90EA020F0020E2
:104A5000704710F1000F91EA030F58BF994208BF49
:104A600090422CBFD8176FEAE37040F00100704706
:104A70004FEA410C7FEA6C5C02D150EA013C07D15D
:104A80004FEA430C7FEA6C5CD6D152EA033CD3D0A8
:104A90005DF8040B704700BF8446104662468C46A2
:104AA0001946634600E000BF01B5FFF7B7FF0028D5
:104AB00048BF10F1000F01BD4DF808EDFFF7F4FFFE
:104AC0000CBF012000205DF808FB00BF4DF808ED89
:104AD000FFF7EAFF34BF012000205DF808FB00BFAC
:104AE0004DF808EDFFF7E0FF94BF012000205DF8CE
:104AF00008FB00BF4DF808EDFFF7CEFF94BF012083
:104B000000205DF808FB00BF4DF808EDFFF7C4FF7B
:104B100034BF012000205DF808FB00BF4FEA410CC4
:104B20007FEA6C5C02D150EA013C0AD14FEA430CA7
:104B30007FEA6C5C02D152EA033C02D14FF00000E4
:104B400070474FF0010070474FEA410212F5001222
:104B500015D211D56FF47873B3EB625212D94FEAC4
:104B6000C12343F0004343EA505311F0004F23FAAE
:104B700002F018BF404270474FF00000704750EA03
:104B8000013005D111F0004008BF6FF000407047C0
:104B90004FF00000704700BF4A0011D212F500121A
:104BA00011D20DD56FF47873B3EB62520ED44FEA85
:104BB000C12343F0004343EA505323FA02F0704705
:104BC0004FF00000704750EA013002D14FF0FF3043
:104BD00070474FF0000070474FEA4102B2F1E043E6
:104BE00024BFB3F5001CDCF1FE5C0DD901F0004CD4
:104BF0004FEAC0024CEA5070B2F1004F40EB830024
:104C000008BF20F00100704711F0804F21D113F14F
:104C10003872BCBF01F00040704741F480114FEA88
:104C20005252C2F11802C2F1200C10FA0CF320FA11
:104C300002F018BF40F001004FEAC1234FEAD3232E
:104C400003FA0CFC40EA0C0023FA02F34FEA430398
:104C5000CCE77FEA625307D150EA01331EBF4FF021
:104C6000FE4040F44000704701F0004040F0FE403C
:104C700040F40000704700BF7BB972B90029BEBF85
:104C800000204FF0004106E008BF00281CBF6FF075
:104C900000414FF0FF3000F057B8ADF1080C6DE95E
:104CA00004CE002909DB002B1ADB0DF0D9FADDF860
:104CB00004E0DDE9022304B07047404261EB4101AA
:104CC000002B1BDB0DF0CCFADDF804E0DDE902235C
:104CD00004B0404261EB4101524263EB4303704731
:104CE000524263EB43030DF0BBFADDF804E0DDE96B
:104CF000022304B0404261EB41017047524263EB32
:104D000043030DF0ADFADDF804E0DDE9022304B061
:104D1000524263EB4303704753B94AB9002908BFB5
:104D200000281CBF4FF0FF314FF0FF3000F00CB8EF
:104D3000ADF1080C6DE904CE0DF092FADDF804E057
:104D4000DDE9022304B07047704700BF0348044BFD
:104D5000834202D0034B03B118477047D4010020AF
:104D6000D4010020000000000548064B1B1AD90F93
:104D700001EBA301491002D0034B03B11847704760
:104D8000D4010020D40100200000000010B5064C22
:104D9000237843B9FFF7DAFF044B13B10448AFF3AC
:104DA00000800123237010BDD4010020000000000A
:104DB0008025010808B5054B1BB105490548AFF32F
:104DC0000080BDE80840FFF7CFBF00BF0000000033
:104DD000D8010020802501082DE9F04F8BB005ADEA
:104DE0000024059406940794089409940094524B67
:104DF0001A6B42F080021A631A6B02F08002009272
:104E0000009A01941A6B42F004021A631A6B02F0C2
:104E100004020192019A02941A6B42F001021A6391
:104E20001A6B02F001020292029A03941A6B42F08A
:104E300008021A631A6B02F008020392039A0494A0
:104E40001A6B42F002021A631B6B03F00203049315
:104E5000049B3A4F224649F21001384602F08CF882
:104E6000DFF8DC80224643F62061404602F084F8F9
:104E7000DFF8D0B022460421584602F07DF8DFF872
:104E8000C8A022461021504602F076F80126059669
:104E90004FF40413069307942946404601F0F4FEAC
:104EA00049F210030593069607940894294638465C
:104EB00001F0EAFE082305934FF00209CDF818909F
:104EC000079403230893072309932946384601F0E2
:104ED000DBFE43F620630593069607940894294663
:104EE000404601F0D1FE4FF00408CDF8148006963C
:104EF000079408942946584601F0C6FE10230593EE
:104F00000696079408942946504601F0BDFE2246B5
:104F10000521062002F030FB062002F03DFBCDF813
:104F200014800694CDF81C9008942946384601F068
:104F3000ABFE0BB0BDE8F08F00380240000002402D
:104F400000080240000C02400004024002681C4BB2
:104F50009A4232D070470133032BFBDC194A52F8D6
:104F60002310013142F8231052F8230003F10C0101
:104F7000154A02EB41029288904206D3114A002161
:104F800042F82310114A0121D154114A52F823103A
:104F9000013142F8231052F8230003F134010A4A88
:104FA00002EB4102D2889042D5D3094A002142F84F
:104FB0002310084A0121D154CDE70023CCE700BFDC
:104FC000004001406C0800206C07002068080020A9
:104FD000580800205408002000B583B072B6102194
:104FE000064801F0CFFF00230193019A044B9A4237
:104FF000F5D8019B01330193F7E700BF00000240A1
:105000007F841E0008B50A480A4B03600A4B4360C0
:1050100000238360C3604FF4804202614361836177
:10502000C361036200F0B0FF00B908BDFFF7D4FF11
:10503000FC03002000540040A086010010B592B08F
:1050400000241094119409940A940B940C940D94D8
:105050000E940F942022214601A80AF026FB2C482A
:105060002C4B03600323436084604FF47A73C36066
:1050700004614461846102F00BFD00283AD1109074
:10508000119010A9224802F01DFF002834D160239E
:10509000099302460A900B900C900D900E900F9081
:1050A00009A91B4802F0B0FD40BB042209A9184819
:1050B00002F0AAFD20BB082209A9154802F0A4FDB0
:1050C00000BB0C2209A9124802F09EFDE0B9019034
:1050D00002900390049005904FF4005206920890BD
:1050E00001A90B4802F02CFF80B9094800F028FC08
:1050F00012B010BDFFF770FFFFF76EFFFFF76CFFF8
:10510000FFF76AFFFFF768FFFFF766FFFFF764FF2F
:10511000B40300200000014010B58CB003AC242281
:10512000002120460AF0C1FA00230193029312489D
:105130004FF080420260436083604FF0FF32C260F4
:1051400003618361032303930122059204230793E0
:1051500009920B93214602F0C7FC40B901900290DE
:1051600001A9054802F0AEFE18B90CB010BDFFF75A
:1051700033FFFFF731FF00BF6C03002010B58CB088
:1051800003AC2422002120460AF08FFA0023019369
:1051900002931148114A0260436083604FF6FF7228
:1051A000C2600361836103230393012205920423F8
:1051B000079309920B93214602F096FC40B90190A7
:1051C000029001A9044802F07DFE18B90CB010BD90
:1051D000FFF702FFFFF700FF240300200004004058
:1051E00010B58CB003AC2422002120460AF05DFAF1
:1051F0000023019302931148114A026043608360C7
:105200004FF6FF72C260036183610323039301229F
:1052100005920423079309920B93214602F064FC44
:1052200040B90190029001A9044802F04BFE18B960
:105230000CB010BDFFF7D0FEFFF7CEFEDC02002061
:105240000008004010B58CB003AC24220021204699
:105250000AF02BFA0023019302931148114A0260CD
:10526000436083604FF0FF32C260036183610323B8
:105270000393012205920423079309920B9321467D
:1052800002F032FC40B90190029001A9044802F0FA
:1052900019FE18B90CB010BDFFF79EFEFFF79CFE7B
:1052A00094020020000C004008B50A480A4B036035
:1052B0004FF4E133436000238360C3600361042241
:1052C00042618361C36102F09DFF00B908BDFFF731
:1052D00083FE00BF4C0200200044004008B509488E
:1052E000094B0360094B436000238360C360036183
:1052F0000C2242618361C36102F084FF00B908BDE2
:10530000FFF76AFE040200200014014080841E00A2
:1053100010B594B03022002108A80AF0C6F9002385
:105320000393049305930693079301933A4A116CF0
:1053300041F080511164116C01F08051019101998B
:10534000029336490B6823F4404343F400430B6057
:105350000B6803F440430293029B936803F00C0331
:10536000082B42D0012308934FF480330993022382
:105370000E934FF480030F93082310934FF4A873F8
:105380001193042312930723139308A801F038F90B
:10539000E0B1234B4FF001021A7008AC302200211B
:1053A00020460AF082F90222089201230B9310236F
:1053B0000C930E9210934FF4A8731193042312933D
:1053C00007231393204601F01BF908BB0F23039317
:1053D0000221049105904FF480520692079003A891
:1053E00001F07CFBB0B914B010BD936823F0030347
:1053F000936002F039F90446074B9B6813F00C0FD9
:10540000B0D002F031F9001B6428F5D9FFF7E4FDB4
:10541000FFF7E2FDFFF7E0FD0038024000700040BA
:10542000F401002008B502F0F9F84A4B4A4A9A60A4
:10543000BFF34F8FBFF36F8F62B6FFF769FF474827
:10544000474B0360042343604FF4FA73836003F017
:1054500079FA08B1FFF7C0FD424A936843F48053DC
:105460009360FFF7B9FCFFF7CDFDFFF7E7FDFFF70E
:1054700053FEFFF783FEFFF7B3FEFFF7E3FEFFF7F0
:1054800013FFFFF72BFF07F061FC08F0BDF8364B68
:105490001B7833BB04F0FAF803F092FA03F090FCA7
:1054A00003F016FE04F016FA06F074F806F08AFE11
:1054B00007F0C0FA09212D4808F046FC2C4B1B7858
:1054C00013F0010F14D12B4B5B7C03F00F03012B66
:1054D00016D0032008F0B2F80921274808F034FC60
:1054E00026E0642309222549254802F0BBFED1E7C6
:1054F0002A21244808F028FC0A2008F09FF8EBE74E
:10550000022008F09BF8E7E70A2008F097F817E078
:1055100004F0A6FA04F0CCFA18E030BF02F0A4F8C8
:10552000194B1B689842F8D002F09EF8164B186091
:105530000A4803F035FA0E4B1B7813F0010FE3D144
:1055400008F09CF808F05AF80028E1D007F0C2FEF5
:10555000E4E700BF00ED00E000400008F801002093
:1055600000300040002004E0F4010020B4250108D0
:10557000680700206C070020EC250108A825010819
:1055800004020020C0250108F0010020104B114A40
:105590001A6058604FF0E022D2F8281D9960D2F8C6
:1055A0002C1DD960D2F8341D1961D2F8382D5A61FA
:1055B000734613F0040F07D0EFF309829169044B8F
:1055C00099615269DA617047EFF30882F6E700BF2C
:1055D000607E0020FAADDE0030B585B0054672B6BB
:1055E00026E0019B01330193019A144B9A42F8D9AA
:1055F00001221021124801F0BFFC0023029302E0B7
:10560000029B01330293029A0C4B9A42F8D901345F
:10561000AC4207DA00221021094801F0ADFC00235A
:105620000193E1E700230393039A064B9A4201D9C1
:105630000024EDE7039B01330393F5E73F0D0300DF
:10564000000002407F841E00FEE708B50020FFF73F
:105650009DFF0120FFF7C0FF08B50120FFF796FF6F
:105660000220FFF7B9FF08B50220FFF78FFF0320E4
:10567000FFF7B2FF08B50320FFF788FF0420FFF70C
:10568000ABFF70477047704708B501F0E1FF08BDF8
:1056900008B5012001F080FC08BD000008B50248F3
:1056A00002F03AFF08BD00BF4C02002008B50248D6
:1056B00002F032FF08BD00BF0402002082B00021CA
:1056C00000910B4B5A6C42F480425A645A6C02F4BB
:1056D00080420092009A01911A6C42F080521A6442
:1056E0001B6C03F080530193019B02B0704700BF15
:1056F0000038024030B589B000230393049305932A
:10570000069307930268144B9A4201D009B030BD4A
:1057100000250195114C236B43F002032363236B97
:1057200003F002030193019B4FF440730393122390
:105730000493032306930423079303A9084801F065
:10574000A3FA0295236C43F400132364236C03F43F
:1057500000130293029BD9E7005400400038024036
:105760000004024008B50268094B9A4200D008BD07
:10577000084A136C23F4001313644FF48071064835
:1057800001F072FB4FF40071034801F06DFBEEE78E
:105790000054004000380240000402400268094BF7
:1057A0009A4200D0704782B000230193064B5A6C96
:1057B00042F001025A645B6C03F001030193019B08
:1057C00002B07047000001400038024070B58EB052
:1057D000002309930A930B930C930D930368B3F181
:1057E000804F0AD0504A93423DD0504A93425AD0FB
:1057F0004F4A934277D00EB070BD0024009403F559
:105800000E331A6C42F001021A641A6C02F00102A3
:105810000092009A01941A6B42F001021A631A6B0B
:1058200002F001020192019A02941A6B42F0020204
:105830001A631B6B03F002030293029B202309935C
:1058400002250A9501260D9609A93A4801F01CFA8D
:10585000082309930A950B940C940D9609A93648D0
:1058600001F012FAC7E700210391344B1A6C42F0A1
:1058700002021A641A6C02F002020392039A049163
:105880001A6B42F001021A631B6B03F001030493CD
:10589000049BC023099302230A930D9309A9254869
:1058A00001F0F2F9A7E700210591244B1A6C42F0B0
:1058B00004021A641A6C02F004020592059A069119
:1058C0001A6B42F002021A631B6B03F00203069389
:1058D000069BC023099302230A930D9309A9164836
:1058E00001F0D2F987E700210791144B1A6C42F0BE
:1058F00008021A641A6C02F008020792079A0891CB
:105900001A6B42F001021A631B6B03F00103089348
:10591000089B0323099302230A930D9309A90548C1
:1059200001F0B2F967E700BF000400400008004042
:10593000000C004000000240000402400038024019
:1059400000B587B00023019302930393049305935A
:1059500002680E4B9A4201D007B000BD00230093AD
:105960000B4B1A6B42F001021A631B6B03F001032D
:105970000093009B4FF47063019302230293012371
:10598000059301A9034801F07FF9E5E70000014014
:10599000003802400000024010B58AB004460023DF
:1059A000059306930793089309930268354B9A422F
:1059B00005D02268344B9A422DD00AB010BD002188
:1059C000019103F5FA331A6C42F400321A641A6C2E
:1059D00002F400320192019A02911A6B42F0010224
:1059E0001A631B6B03F001030293029B08230593C8
:1059F00002230693032308930723099305A9234849
:105A000001F042F900220521262001F0B5FD2620F3
:105A100001F0C2FDCDE70024039403F592335A6CE4
:105A200042F020025A645A6C02F020020392039A58
:105A30005A6A42F020025A625A6A22F020025A62DE
:105A400004941A6B42F004021A631B6B03F0040304
:105A50000493049BC0230593022306930123079319
:105A6000032308930823099305A9094801F00CF9B9
:105A700022460521472001F07FFD472001F08CFDE3
:105A80009BE700BF004400400014014000000240BA
:105A90000008024003685A6912F4806F01D10020A7
:105AA00070476FF480625A6100230363202280F8FC
:105AB0003D2080F83E30026C42F00402026480F81F
:105AC0003C30012070472DE9F04106460C46174650
:105AD00098463BE001F0C8FD069BC01A404502D83D
:105AE000B8F1000F32D1012D18D033689B6924EA38
:105AF00003039BB2B3FA83F35B099F4226D10023D1
:105B00003363202286F83D2086F83E30326C42F026
:105B10002002326486F83C30012027E033685B695C
:105B200024EA03039BB2B3FA83F35B09E5E7336826
:105B30005B6924EA030C1FFA8CFCBCFA8CFC4FEA6C
:105B40005C1C674511D1B8F1FF3FC3D1C4F30745D1
:105B5000012DECD033689B6924EA030C1FFA8CFCFE
:105B6000BCFA8CFC4FEA5C1CEBE70020BDE8F0813E
:105B70002DE9F04104460D461746984652E01A6852
:105B800042F400721A6023686FF480625A61002345
:105B90002363202284F83D2084F83E30226C42F0BA
:105BA0000402226484F83C30012049E001F05CFDED
:105BB0004346C01AB84201D8002F33D1012E17D066
:105BC00023689B6925EA03039BB2003B18BF0123AE
:105BD00043B300232363202284F83D2084F83E3021
:105BE000226C42F02002226484F83C30012027E03D
:105BF00023685B6925EA03039BB2003B18BF0123BE
:105C0000E6E723689B6925EA03039BB2003B18BFC4
:105C10000123A3B123685A6912F4806FAFD1B7F1A1
:105C2000FF3FC3D1C5F30746012EEAD123685B6964
:105C300025EA03039BB2003B18BF0123E9E718469E
:105C4000BDE8F08170B504460D46164623685B69D1
:105C500013F0800F21D12046FFF71CFFF8B9B5F1F2
:105C6000FF3FF3D001F000FD801BA84201D8002DBA
:105C7000ECD123685B6913F0800FE7D10023236325
:105C8000202284F83D2084F83E30226C42F020022D
:105C9000226484F83C30012000E0002070BD012027
:105CA000FCE70000F0B585B004460D4616461F46D9
:105CB0000368196841F4807119600B9B00930A9B7B
:105CC00000224FF00111FFF7FEFE60B9226805F0D7
:105CD000FE0313610B9B0A9A23492046FFF748FFF6
:105CE00060B1012008E023681B6813F4807F02D0B4
:105CF0004FF400732364032005B0F0BD03902368C4
:105D00005A6903929B690393039B0B9A0A99204655
:105D1000FFF798FF28B9012F0ED12368F2B21A615C
:105D2000EAE7236C042B01D00120E5E72268136821
:105D300043F400731360F7E7330A226813610B9A88
:105D40000A992046FFF77EFF18B92268F3B2136163
:105D5000D2E7236C042B01D00120CDE72268136821
:105D600043F400731360F7E702000100F0B585B05B
:105D700004460D4616461F460268136843F48063C6
:105D800013600268136843F4807313600B9B0093E5
:105D90000A9B00224FF00111FFF795FE60B92368BE
:105DA00005F0FE021A610B9B0A9A40492046FFF754
:105DB000DFFE60B1012008E023681B6813F4807FD8
:105DC00002D04FF400732364032005B0F0BD0390AC
:105DD00023685A6903929B690393039B0B9A0A9960
:105DE0002046FFF72FFF80B9012F19D12368F2B2A7
:105DF0001A610B9A0A992046FFF724FF00282DD03C
:105E0000236C042B24D00120DFE7236C042B01D06A
:105E10000120DAE72268136843F400731360F7E7A0
:105E2000330A226813610B9A0A992046FFF70AFF8A
:105E300018B92268F3B21361DBE7236C042B01D09D
:105E40000120C2E72268136843F400731360F7E788
:105E50002268136843F400731360D4E72268136860
:105E600043F4807313600B9B00930A9B02464FF030
:105E700001112046FFF727FE70B9226845F00103A3
:105E8000DBB213610B9B0A9A08492046FFF770FEAC
:105E900000289AD0012098E723681B6813F4807FBC
:105EA00002D04FF40073236403208EE70200010048
:105EB00070B504460D46164623685B6913F0040F5F
:105EC00021D12046FFF7E6FDF8B9B5F1FF3FF3D049
:105ED00001F0CAFB801BA84201D8002DECD1236839
:105EE0005B6913F0040FE7D100232363202284F8B9
:105EF0003D2084F83E30226C42F02002226484F877
:105F00003C30012000E0002070BD0120FCE770B5AE
:105F100004460D46164614E06FF010025A61002345
:105F20002363202284F83D2084F83E30226C2264D2
:105F300084F83C30012025E023685B6913F0400FB2
:105F400010D02368586910F0400F1AD1586910F02A
:105F5000100FE1D101F088FB801BA842ECD8002D86
:105F6000EFD1E9E700232363202284F83D2084F861
:105F70003E30226C42F02002226484F83C30012042
:105F800000E0002070BD0000002800F0DA8038B585
:105F9000044690F83D30002B51D0242384F83D3046
:105FA0002268136823F0010313602268136843F426
:105FB000004313602268136823F40043136000F069
:105FC00043FE6268614B9A423ED8614B98428CBF57
:105FD00000230123002B40F0B6805E49A1FB003175
:105FE0008B0CD4F800C0DCF8042022F03F0242EA17
:105FF0009142CCF8042021680A6A22F03F02DFF8BF
:106000004CC16568654525D8013313430B6221688F
:10601000CA6922F44F4222F0FF02D4F804C04B4B6D
:106020009C4522D8431E4FEA4C0CB3FBFCF30133D2
:1060300040F6FC70034254D0C3F30B0352E080F8E7
:106040003C30FFF757FBA8E7434B98428CBF002337
:106050000123BFE74FF4967C0CFB03F3DFF8FCC091
:10606000ACFB03C39B090133CFE7D4F808E0BEF1D2
:10607000000F1AD1431E0CEB4C05B3FBF5F30133B3
:10608000C3F30B03B3FA83F35B09002B57D1BEF1C3
:10609000000F19D1431E0CEB4C0CB3FBFCF3013386
:1060A000C3F30B0343F400431CE00CEB8C0303EB42
:1060B00083031D46431EB3FBF5F30133C3F30B0308
:1060C000B3FA83F35B09E0E7431E0CEB8C0C0CEB9B
:1060D0008C0CB3FBFCF30133C3F30B0343F44043D9
:1060E00000E004231A43CA6121680B6823F0C0034F
:1060F000E269206A024313430B6021688B6823F432
:10610000034323F0FF032269E068024313438B60DB
:106110002168CB6823F0FF036269A069024313433F
:10612000CB602268136843F00103136000202064F1
:10613000202384F83D30206384F83E0038BD0123DD
:10614000D0E7012070470120F8E700BFA0860100DA
:106150007F841E0083DE1B43FF083D00D34D621089
:10616000A8B110B50446242380F83D3002681368B6
:1061700023F001031360FFF7F5FA0020206484F890
:106180003D00206384F83E0084F83C0010BD0120EF
:10619000704700002DE9F04182B004460E461746D4
:1061A000984601F061FA94F83D20202A03D002209D
:1061B00002B0BDE8F08105460090192301224C4948
:1061C0002046FFF780FC002840F08B8094F83C309C
:1061D000012B00F08880012384F83C3023681A6882
:1061E00012F0010F03D11A6842F001021A6022680E
:1061F000136823F400631360212384F83D304023A7
:1062000084F83E3000232364089B6362BDF8243089
:106210006385638D2385374BE36201950A9B009369
:1062200043463A4631462046FFF73CFD00285CD104
:10623000238D002B36D02A460A992046FFF702FD0F
:10624000002824D1626A236812781A61626A531C9A
:106250006362218D013989B22185638D9BB2013B37
:106260009BB263852368586910F0040FE0D00029C1
:10627000DED052781A61636A01336362238D013B79
:106280002385638D9BB2013B9BB26385D0E7236C72
:10629000042B01D001208BE72268136843F40073BC
:1062A0001360F7E72A460A992046FFF701FE50B12E
:1062B000236C042B01D001207AE72268136843F491
:1062C00000731360F7E72268136843F400731360E8
:1062D000202384F83D30002384F83E3084F83C309D
:1062E00066E7022064E7022062E7012060E700BF62
:1062F000020010000000FFFF2DE9F04387B00446C4
:106300000F4690469946109E01F0AEF994F83D2054
:10631000202A05D002231F46384607B0BDE8F08387
:10632000054600901923012288492046FFF7CBFB40
:10633000002840F04D8194F83C30012B00F04B8157
:10634000012384F83C3023681A6812F0010F03D14E
:106350001A6842F001021A602268136823F400638D
:106360001360222384F83D30402384F83E3000231C
:1063700023640E9B6362BDF83C306385638D238587
:10638000734BE362019500964B46424639462046E0
:10639000FFF7ECFC0746002840F02081238D5BB915
:1063A000029323685A6902929A690292029A1A68C1
:1063B00042F400721A6075E0012B0AD0022B1AD049
:1063C0000023059323685A6905929B690593059BF1
:1063D00068E02268136823F480631360002303934A
:1063E00023685A6903929A690392039A1A6842F4DD
:1063F00000721A6056E02268136823F48063136009
:106400002268136843F40063136000230493236835
:106410005A6904929B690493049B43E02A463146DF
:106420002046FFF774FD002840F0DB8023681A69DE
:10643000636A1A70636A01336362238D013B2385AB
:10644000638D9BB2013B9BB263852BE00095334685
:10645000002240492046FFF736FB002840F0C48068
:106460002268136843F40073136023681A69636A2F
:106470001A70626A531C6362238D013B2385638D0E
:106480009BB2013B9BB2638523681B695370636AAF
:1064900001336362238D013B2385638D9BB2013BF6
:1064A0009BB26385238D002B00F08980032B53D88A
:1064B000012BB3D0022BC9D00095334600222549C9
:1064C0002046FFF700FB002840F091802268136807
:1064D00023F48063136023681A69636A1A70636A1D
:1064E00001336362238D013B2385638D9BB2013BA6
:1064F0009BB2638500953346024616492046FFF756
:10650000E2FA002876D12268136843F4007313601E
:1065100023681A69636A1A70626A531C6362238D66
:10652000013B2385638D9BB2013B9BB2638523684E
:106530001B695370636A01336362238D013B2385BA
:10654000638D9BB2013B9BB26385ABE702001000F9
:106550000000FFFF040001002A4631462046FFF7F5
:10656000D6FC002849D123681A69636A1A70636AE5
:1065700001336362228D013A92B22285638D9BB210
:10658000013B9BB263852368596911F0040F89D0E0
:10659000032A0FD023681A69636A1A70636A013389
:1065A0006362238D013B2385638D9BB2013B9BB2CC
:1065B000638577E71A6822F480621A60EAE720238D
:1065C00084F83D30002384F83E3084F83C30A3E664
:1065D00002231F46A0E602231F469DE601231F4615
:1065E0009AE601231F4697E601231F4694E60123FE
:1065F0001F4691E601231F468EE601231F468BE6C8
:10660000002800F0E48170B582B00446036813F0FE
:10661000010F3CD09C4B9B6803F00C03042B2DD046
:10662000994B9B6803F00C03082B22D06368B3F5E9
:10663000803F50D0B3F5A02F53D0934B1A6822F46B
:1066400080321A601A6822F480221A606368002B74
:1066500051D001F009F805468B4B1B6813F4003F3D
:1066600015D101F001F8401BB0F57A7FF4D9032071
:10667000B4E1854B5B6813F4800FD7D0824B1B6865
:1066800013F4003F03D06368002B00F0A28123685D
:1066900013F0020F55D07C4B9B6813F00C0F3FD0CA
:1066A000794B9B6803F00C03082B34D0E368002B74
:1066B00069D0764B01221A6000F0D6FF0546724B76
:1066C0001B6813F0020F55D100F0CEFF401B0228CB
:1066D000F5D9032082E16C4A136843F480331360D8
:1066E000B4E7694B1A6842F480221A601A6842F4CF
:1066F00080321A60AAE700F0B7FF0546624B1B68BC
:1067000013F4003FC3D000F0AFFF401BB0F57A7F19
:10671000F4D9032062E15C4B5B6813F4800FC5D1B0
:10672000594B1B6813F0020F03D0E368012B40F0B4
:106730005281554A136823F0F803216943EAC103E3
:106740001360236813F0080F42D063696BB34F4B9B
:106750000122C3F8802E00F087FF05464A4B5B6F8D
:1067600013F0020F34D100F07FFF401B0228F5D94F
:10677000032033E1444A136823F0F803216943EA14
:10678000C1031360DDE7414B00221A6000F06CFF8B
:1067900005463D4B1B6813F0020FD2D000F064FF9A
:1067A000401B0228F5D9032018E1384B0022C3F81A
:1067B000802E00F059FF0546334B5B6F13F0020F3C
:1067C00006D000F051FF401B0228F5D9032005E157
:1067D000236813F0040F79D02B4B1B6C13F0805FF0
:1067E00034D100230193284B1A6C42F080521A6472
:1067F0001B6C03F080530193019B01231E46244B25
:106800001B6813F4807F24D0A368012B35D0052B9F
:1068100040D01D4B1A6F22F001021A671A6F22F046
:1068200004021A67A368002B3ED000F01DFF054646
:10683000154B1B6F13F0020F47D100F015FF401BE3
:1068400041F288339842F3D90320C7E000231E4663
:10685000D5E70F4A136843F48073136000F004FF18
:1068600005460B4B1B6813F4807FCDD100F0FCFE76
:10687000401B0228F5D90320B0E0034A136F43F010
:1068800001031367CEE700BF003802400000474213
:1068900000700040584B1A6F42F004021A671A6FDA
:1068A00042F001021A67BDE700F0DEFE0546524BDA
:1068B0001B6F13F0020F08D000F0D6FE401B41F210
:1068C00088339842F3D9032088E0EEB9A369002BFE
:1068D00000F08380484A926802F00C02082A51D0E6
:1068E000022B17D0454B00221A6600F0BDFE04466D
:1068F000414B1B6813F0007F42D000F0B5FE001B37
:106900000228F5D9032069E03B4A136C23F0805339
:106910001364DBE7394B00221A6600F0A5FE05463A
:10692000354B1B6813F0007F06D000F09DFE401B26
:106930000228F5D9032051E0E369226A1343626A11
:1069400043EA8213A26A5208013A43EA0243E26A26
:1069500043EA0263284A5360284B01221A6600F07A
:1069600083FE0446244B1B6813F0007F06D100F021
:106970007BFE001B0228F5D903202FE000202DE02C
:1069800000202BE0012B2BD01B4B5B6803F4800114
:10699000E269914226D103F03F02216A8A4223D163
:1069A000616A47F6C0721A40B2EB811F1ED103F430
:1069B0004031A26A5208013AB1EB024F18D103F0FC
:1069C0007063E26AB3EB026F14D1002006E001208D
:1069D0007047012002E0012000E0184602B070BDBF
:1069E0000120FBE70120F9E70120F7E70120F5E7A7
:1069F0000120F3E70120F1E70038024000004742A0
:106A000008B5334B9B6803F00C03042B5BD0082BB9
:106A10005BD12F4B5A6802F03F025B6813F4800F82
:106A20002CD02B4B5868C0F388104FEA401CBCEBAD
:106A3000000C6EEB0E0E4FEA8E1343EA9C634FEA96
:106A40008C11B1EB0C0163EB0E03DB0043EA5173D5
:106A5000C90011EB000C43F10003590200234FEA77
:106A60004C2041EADC51FEF757F9194B5B68C3F340
:106A7000014301335B00B0FBF3F008BD144B5868D1
:106A8000C0F388104FEA401CBCEB000C6EEB0E0EFE
:106A90004FEA8E1343EA9C634FEA8C11B1EB0C0171
:106AA00063EB0E03DB0043EA5173C90011EB000CEA
:106AB00043F10003990200234FEA8C2041EA9C51E4
:106AC000FEF72AF9D1E70348D7E70348D5E700BF27
:106AD0000038024000127A000024F400002800F080
:106AE0009B8070B50D4604464F4B1B6803F00703AF
:106AF0008B4208D2CBB24C4A1370136803F00703E1
:106B00008B4240F08B80236813F0020F17D013F0F4
:106B1000040F04D0454A936843F4E053936023681C
:106B200013F0080F04D0414A936843F46043936024
:106B30003E4A936823F0F003A1680B4393602368F7
:106B400013F0010F32D06368012B21D09A1E012A65
:106B500025D9364A126812F0020F61D033498A688B
:106B600022F0030213438B6000F07EFD06462F4B9C
:106B70009B6803F00C036268B3EB820F16D000F041
:106B800073FD801B41F288339842F0D9032042E024
:106B9000264A126812F4003FE0D101203BE0234A6C
:106BA000126812F0007FD9D1012034E01E4B1B681F
:106BB00003F00703AB4207D9EAB21B4B1A701B68FC
:106BC00003F00703AB422DD1236813F0040F06D066
:106BD000164A936823F4E053E1680B4393602368FB
:106BE00013F0080F07D0114A936823F4604321691A
:106BF00043EAC1039360FFF703FF0C4B9B68C3F3A9
:106C000003130B4AD35CD8400A4B18600A4B186830
:106C100000F0DEFC002070BD012070470120FAE783
:106C20000120F8E70120F6E7003C0240003802406E
:106C3000C83A01080800002004000020014B186831
:106C4000704700BF0800002008B5FFF7F7FF044BAE
:106C50009B68C3F38223034AD35CD84008BD00BFBE
:106C600000380240C03A010808B5FFF7E7FF044BBF
:106C70009B68C3F34233034AD35CD84008BD00BFCE
:106C800000380240C03A010870B582B08E46002339
:106C900069E085684FEA430C032101FA0CF125EA0B
:106CA0000105DEF80C1001FA0CF1294381604168FE
:106CB00021EA0201DEF80420C2F300129A400A43DE
:106CC000426064E0D908083150F8212003F007053C
:106CD000AD004FF00F0C0CFA05FC22EA0C0CDEF8AC
:106CE0001020AA4042EA0C0240F8212066E004226B
:106CF00000E0002202FA0CF22A430231564D45F818
:106D00002120564A9168E24321EA0405DEF8046036
:106D100016F4801F01D044EA010550498D60C9680E
:106D200002EA0105DEF8046016F4001F01D044EA0F
:106D300001054A49CD60496802EA0105DEF80460B0
:106D400016F4003F01D044EA010544494D6009684A
:106D50000A40DEF8045015F4803F01D044EA0102F5
:106D60003E490A6001330F2B74D801229A40DEF8A5
:106D7000001001EA020432EA0101F3D1DEF8041046
:106D800001F0030C0CF1FF3CBCF1010F81D9DEF8DE
:106D9000042002F00302032A0AD0C1685D00032226
:106DA000AA4021EA0201DEF80820AA400A43C26094
:106DB000DEF8042002F00302022A83D001684FEAC1
:106DC000430C032202FA0CF221EA0201DEF804204D
:106DD00002F0030202FA0CF20A430260DEF8042019
:106DE00012F4403FBED0002201921D4A516C41F482
:106DF00080415164526C02F480420192019A9908D8
:106E00008D1C154A52F8255003F0030C4FEA8C0CE8
:106E10000F2202FA0CF225EA0205124A90423FF4D0
:106E200068AF02F5806290420ED002F58062904217
:106E30000CD002F5806290420AD002F58062904246
:106E40003FF455AF072255E7012253E7022251E7ED
:106E500003224FE702B070BD00380140003C014002
:106E6000003802400000024000230F2B7CD8F0B510
:106E70002DE0042500E0002505FA0CF5A54257D0C9
:106E800004685D004FF0030C0CFA05FC24EA0C04C6
:106E900004604FEAD30E0EF1080E50F82E4003F0B6
:106EA0000706B6000F25B54024EA050440F82E4039
:106EB000C46824EA0C04C460446824EA0202426004
:106EC000826822EA0C02826001330F2B4BD8012228
:106ED0009A4002EA010632EA0104F5D14FEA930E24
:106EE0000EF10205214C54F8254003F0030C4FEA43
:106EF0008C0C0F2505FA0CF73C401D4DA842BAD06A
:106F000005F58065A8420DD005F58065A8420BD037
:106F100005F58065A84209D005F58065A842A8D08E
:106F20000725A9E70125A7E70225A5E70325A3E78C
:106F3000104C256825EA06052560656825EA0605E2
:106F40006560E56825EA0605E560A56825EA0605A9
:106F5000A560064E0EF1020456F8245025EA0705F6
:106F600046F824508CE7F0BD704700BF0038014060
:106F700000000240003C01400AB1816170470904F1
:106F800081617047436901EA030221EA030141EA92
:106F9000024181617047000008B5054B5B690342FF
:106FA00000D108BD024B586105F01CFFF9E700BF96
:106FB000003C014010B5D0F800E0DEF800C02CF431
:106FC000802CCEF800C0046863608368402B04D036
:106FD000036899600368DA6010BD03689A6003680B
:106FE000D960F9E70368D9B210390A4AA2FB01C295
:106FF0001209DFF824C01CF80220C2655F2905D9F8
:107000006FF3090304338365806D70476FF30903E1
:107010008365F9E7ABAAAAAAB83A0108836A82692C
:1070200092B9012B0AD0022B02D00BB1002070477D
:10703000C36A13F0807F2CD100207047C36AB3F17C
:10704000C07F28D000207047B2F5005F09D0022B26
:107050002BD9032B2BD1C36A13F0807F29D10020B9
:107060007047022B19D00AD8CBB1012B05D1C36AC6
:1070700013F0807F15D10020704700207047032B4C
:1070800005D1C36AB3F1C07F0DD000207047002046
:107090007047012070470120704701207047012090
:1070A0007047012070470120704701207047002081
:1070B000704701207047000070B5044600F0D4FA14
:1070C000002C5CD00546022384F83530002384F878
:1070D00034302268136823F00103136023681A68B0
:1070E00012F0010F0AD000F0BFFA431B052BF5D9AF
:1070F00020236365032084F8350070BD1A68214998
:1071000011406268A0680243E068024320690243BC
:1071100060690243A0690243E0690243206A0243B6
:107120000A43616A04291FD01A6023681E465D69FC
:1071300025F00705636A1D43042B07D1A36A1D438D
:10714000E36A1BB12046FFF769FF90B975612046DD
:10715000FFF748FFE26D3F239340836000206065A6
:10716000012384F83530C8E7E16A206B01430A4304
:10717000DAE740236365012084F83500BDE701208C
:10718000BBE700BF3F8010F038B50446806D054670
:1071900094F8340001282AD0012084F8340094F8AF
:1071A0003500012804D0002384F83430022038BD93
:1071B000022084F83500002060652046FFF7FAFEC3
:1071C000E26D3F239340AB602268136843F01603DF
:1071D0001360236C23B12268136843F00803136023
:1071E0002268136843F0010313600020DFE70220E8
:1071F000DDE770B50446836D1E4600F035FA94F85D
:107200003530022B06D080236365002384F83430A8
:10721000012070BD05462268136823F01603136031
:107220002268536923F080035361236CE3B1226821
:10723000136823F0080313602268136823F0010326
:10724000136023681B6813F0010F11D000F00CFAD3
:10725000431B052BF5D920236365032084F83500F3
:10726000002384F83430D4E7A36C002BDFD1E3E7AC
:10727000E26D3F239340B360012384F83530002052
:1072800084F83400C5E790F83530022B03D0802312
:10729000436501207047052380F835300268136884
:1072A00023F001031360002070470000F0B583B0A5
:1072B000044600230193724B1D68724BA3FB0535F6
:1072C000AD0A876D3E68C26D08239340334210D0EB
:1072D00003681A6812F0040F0BD01A6822F0040237
:1072E0001A60C26D08239340BB60436D43F00103F5
:1072F0004365E26D01239340334209D0226852690D
:1073000012F0800F04D0BB60636D43F0020363652D
:10731000E26D04239340334209D02268126812F0D0
:10732000020F04D0BB60636D43F004036365E26D3C
:1073300010239340334224D02268126812F0080FC1
:107340001FD0BB6023681A6812F4802F0DD01B6811
:1073500013F4002F04D1236C9BB12046984710E012
:10736000A36C73B1204698470BE01A6812F4807F33
:1073700003D11A6822F008021A60236C0BB1204670
:107380009847E26D20239340334254D0226812681C
:1073900012F0100F4FD0BB6094F83530052B0ED093
:1073A00023681A6812F4802F33D01B6813F4002F5F
:1073B0002AD1636C002B3ED0204698473BE02268E0
:1073C000136823F0160313602268536923F08003C7
:1073D0005361236CA3B12268136823F00803136080
:1073E000E26D3F239340BB60012384F835300023D6
:1073F00084F83430236D002B3FD0204698473CE082
:10740000A36C002BE7D1EBE7E36BA3B120469847D1
:1074100011E01A6812F4807F09D11A6822F0100274
:107420001A60012384F83530002384F83430E36B8C
:107430000BB120469847636DFBB1636D13F0010FEC
:1074400017D0052384F835302268136823F0010330
:107450001360019B01330193AB4204D823681B687E
:1074600013F0010FF5D1012384F83530002384F89F
:107470003430E36C0BB12046984703B0F0BD00BF39
:1074800008000020B5814E1B82B0044B01221A6215
:10749000034B1B680193019B02B0704700000E4232
:1074A00000700040002807DB00F01F0240090123A4
:1074B0009340024A42F82030704700BF00E100E0EC
:1074C00000280CDB00F01F0240090123934020300C
:1074D000034A42F82030BFF34F8FBFF36F8F7047DE
:1074E00000E100E0002808DB0901C9B200F16040BA
:1074F00000F5614080F80013704700F00F000901AB
:10750000C9B2014B1954704714ED00E000B500F00A
:107510000700A0F1030CBCF1040F07D8C0F1070E5F
:107520000430062806D84FF0000C03E04FF0040E9C
:107530004FF0000C4FF0FF3303FA0EF021EA000188
:1075400001FA0CF103FA0CF322EA030241EA020009
:1075500000BD0000074AD36823F4E0631B041B0C42
:10756000000200F4E060034343F0BF6343F40033E0
:10757000D360704700ED00E010B50446054BD868B5
:10758000C0F30220FFF7C2FF01462046FFF7AAFF23
:1075900010BD00BF00ED00E008B5FFF783FF08BD98
:1075A00008B5FFF78DFF08BD0138B0F1807F0BD221
:1075B0004FF0E0235861054AF02182F823100020A3
:1075C000986107221A6170470120704700ED00E0C2
:1075D00010B504460E4B18680E4B1A784FF47A73A8
:1075E000B3FBF2F3B0FBF3F0FFF7DEFF68B90F2C4B
:1075F00001D901200AE0024621464FF0FF30FFF793
:10760000BBFF054B1C60002000E0012010BD00BF47
:1076100008000020000000200400002008B50B4BEB
:107620001A6842F400721A601A6842F480621A60A2
:107630001A6842F480721A600320FFF78BFF0F2054
:10764000FFF7C6FFFEF73AF8002008BD003C0240F5
:10765000034A1168034B1B780B441360704700BF4B
:107660005004002000000020014B1868704700BF44
:107670005004002038B50446FFF7F6FF0546B4F184
:10768000FF3F02D0044B1B781C44FFF7EDFF401B6B
:10769000A042FAD338BD00BF0000002010B5026A36
:1076A000036A23F001030362D0F804E0836923F046
:1076B00073030C6844EA030C22F002028B68134344
:1076C0000E4A90420AD00D4A90420ED0C0F804E013
:1076D000C0F818C04A684263036210BD23F0080373
:1076E000CA681A4322F00403EDE72EF4407E4A698B
:1076F00042EA0E028C6944EA020EE7E7000001400C
:1077000010B5036A026A22F480720262D0F804C0E3
:10771000C26922F073020C6844EA020E23F400737B
:107720008A6843EA02230F4A90420AD00D4A9042E7
:107730000FD0C0F804C0C0F81CE04A68C2630362FE
:1077400010BD23F40063CA6843EA022323F4806374
:10775000ECE72CF4405C4A694CEA021C8A694CEA6A
:10776000021CE6E70000014010B5036A026A22F439
:1077700080520262D0F804C0C26922F4E6420C686A
:1077800042EA042223F400538C6843EA0433DFF80E
:1077900020E0704506D0C0F804C0C2614A680264A7
:1077A000036210BD2CF4804C4C694CEA841CF2E757
:1077B000000001407047000090F83D30012B2FD1B0
:1077C000022380F83D300268D36843F00103D360A0
:1077D0000368154A934218D0B3F1804F15D0A2F533
:1077E0007C42934211D002F5806293420DD002F5A3
:1077F0008062934209D002F59A32934205D01A680A
:1078000042F001021A60002070479A6802F00702F5
:10781000062A07D01A6842F001021A600020704759
:1078200001207047002070470000014070477047FA
:107830007047704770B504460368DE681D6915F02F
:10784000020F10D016F0020F0DD06FF002021A6175
:107850000123037703689B6913F0030F5ED0FFF7E2
:10786000E6FF0023237715F0040F12D016F0040F63
:107870000FD023686FF004021A6102232377236874
:107880009B6913F4407F4FD02046FFF7D0FF0023C1
:10789000237715F0080F12D016F0080F0FD02368C9
:1078A0006FF008021A61042323772368DB6913F061
:1078B000030F40D02046FFF7BAFF0023237715F0CF
:1078C000100F12D016F0100F0FD023686FF01002B7
:1078D0001A61082323772368DB6913F4407F31D0D2
:1078E0002046FFF7A4FF0023237715F0010F02D0F5
:1078F00016F0010F2DD115F0800F02D016F0800F79
:107900002FD115F0400F02D016F0400F31D115F0F5
:10791000200F02D016F0200F33D170BDFFF786FF85
:107920002046FFF785FF9CE72046FFF77FFF2046B4
:10793000FFF77EFFABE72046FFF778FF2046FFF713
:1079400077FFBAE72046FFF771FF2046FFF770FF89
:10795000C9E723686FF001021A612046FDF7F6FAC5
:10796000C9E723686FF080021A61204600F012FB1D
:10797000C7E723686FF040021A612046FFF759FFFE
:10798000C5E723686FF020021A61204600F001FB72
:10799000C3E700000368274A90420ED0B0F1804F41
:1079A0000BD0A2F57C42904207D002F58062904253
:1079B00003D002F58062904203D123F070034A683D
:1079C00013431C4A90421AD0B0F1804F17D0A2F551
:1079D0007C42904213D002F5806290420FD002F5B3
:1079E000806290420BD002F59A32904207D002F5A5
:1079F0008062904203D002F58062904203D123F46A
:107A00004073CA68134323F080034A6913438A68AA
:107A1000C2620A688262074A904207D0026842F056
:107A20000402026001224261036070470A69026336
:107A3000F4E700BF0000014040B310B5044690F8E1
:107A40003D30F3B1022384F83D30214651F8040B58
:107A5000FFF7A0FF012384F8463084F83E3084F815
:107A60003F3084F8403084F8413084F8423084F864
:107A7000433084F8443084F8453084F83D300020A9
:107A800010BD80F83C30FFF795FEDBE70120704722
:107A900040B310B5044690F83D30F3B1022384F8AA
:107AA0003D30214651F8040BFFF774FF012384F8A1
:107AB000463084F83E3084F83F3084F8403084F813
:107AC000413084F8423084F8433084F8443084F8FC
:107AD000453084F83D30002010BD80F83C30FDF783
:107AE0005DFEDBE701207047002855D070B50D46DC
:107AF000044690F83D30002B49D0022384F83D30F5
:107B00002268936823F4804323F00703936021469F
:107B100051F8040BFFF73EFF21688B688A69D1F8A2
:107B200020C02868184322F4407222F00302AB6898
:107B3000AE6943EA0623134323F47C4323F0FC039A
:107B4000EA68EE6942EA06221A432B6A1B032E6991
:107B500043EA061313432CF0AA0C6A686D6942EAE3
:107B6000051242EA0C02886021688B6123681A6260
:107B7000012384F8463084F83E3084F83F3084F89E
:107B8000423084F8433084F83D30002070BD80F8E6
:107B90003C30FDF71BFEB0E70120704710B5036ACB
:107BA000026A22F010020262D0F804C0826922F454
:107BB000E6420C6842EA042223F020038C6843EA80
:107BC0000413DFF840E070450AD0DFF838E0704574
:107BD0000ED0C0F804C082614A688263036210BD9F
:107BE00023F08003CC6843EA041323F04003ECE75E
:107BF0002CF4406C4C694CEA840C8C694CEA840C83
:107C0000E7E700BF0000014038B590F83C30012B99
:107C100069D00446012380F83C30082A4ED01BD896
:107C2000002A33D0042A15D10D460068FFF7B6FFAD
:107C30002268936943F4006393612268936923F493
:107C40008063936122689369296943EA0123936100
:107C500000202FE018462DE00C2A15D10D460068B3
:107C6000FFF782FD2268D36943F40063D361226881
:107C7000D36923F48063D3612268D369296943EA15
:107C80000123D361002015E0012013E00D460068B8
:107C9000FFF704FD2268936943F0080393612268AB
:107CA000936923F0040393612268936929690B4364
:107CB00093610020002384F83C3038BD0D460068F5
:107CC000FFF71EFD2268D36943F00803D3612268E1
:107CD000D36923F00403D3612268D36929690B4374
:107CE000D3610020E6E70220E7E701F01F014FF033
:107CF000010C0CFA01FC036A23EA0C030362036A19
:107D00008A4013430362704710B5044608460029B1
:107D100031D194F83E30013B18BF0123002B60D1D4
:107D200000283ED1022384F83E300122014620681B
:107D3000FFF7DBFF23682D4A934242D023682B4A8A
:107D4000934243D0B3F1804F40D0A2F57C4293429E
:107D50003CD002F58062934238D002F580629342B3
:107D600034D002F59A32934230D01A6842F00102C0
:107D70001A60002034E0042907D008290BD094F8B9
:107D80004130013B18BF0123C8E794F83F30013B65
:107D900018BF0123C2E794F84030013B18BF01230C
:107DA000BCE7042805D0082807D0022384F8413016
:107DB000BBE7022384F83F30B7E7022384F8403062
:107DC000B3E75A6C42F400425A64B7E79A6802F08B
:107DD0000702062A07D01A6842F001021A60002042
:107DE00010BD0120FCE70020FAE700BF00000140C1
:107DF00010B5044690F83E00C0B294F83F3094F8B5
:107E00004220D2B294F843C08E46C9B901284CD161
:107E1000012A4BD1022384F83E3084F84230BEF16F
:107E2000000F30D0BEF1040F39D0012200212068AC
:107E3000FFF75BFF012204212068FFF756FF27E0D0
:107E4000DBB25FFA8CFC042912D0012833D1012B5C
:107E50002CD1012A31D1BCF1010F30D1022384F899
:107E60003E3084F83F3084F8423084F84330D6E71F
:107E7000012B1CD1BCF1010F1BD1022384F83F3030
:107E800084F84330CBE7012271462068FFF72DFFCD
:107E90002268136843F001031360002006E001220A
:107EA00004212068FFF721FFF2E7012010BD012027
:107EB000FCE71846FAE70120F8E71846F6E710460F
:107EC000F4E7000090F83C20012A35D000B50346C5
:107ED000012280F83C20022280F83D200268506890
:107EE000D2F808E020F0700C086840EA0C005060FE
:107EF0001A681248824212D0B2F1804F0FD0A0F51A
:107F00007C4082420BD000F58060824207D000F5B1
:107F10008060824203D000F59A30824205D12EF073
:107F2000800E496841EA0E019160012283F83D20EC
:107F3000002083F83C0000BD022070470000014093
:107F4000024690F83C30012B21D0012380F83C30D0
:107F5000CB6823F440738868034323F48063486844
:107F6000034323F400630868034323F48053086940
:107F7000034323F400534869034323F48043C9694E
:107F80000B4311684B64002082F83C0070470220CC
:107F9000704770477047026802F10C0353E8003FD6
:107FA00023F0C0030C3242E800310029F3D1202332
:107FB00080F841307047026802F10C0353E8003F3B
:107FC00023F490730C3242E800310029F3D10268A7
:107FD00002F1140353E8003F23F00103143242E896
:107FE00000310029F3D1036B012B05D0202380F849
:107FF0004230002303637047026802F10C0353E828
:10800000003F23F010030C3242E800310029F3D185
:10801000ECE790F84130212B01D0022070478368B3
:10802000B3F5805F17D0036A5A1C02621A7803689E
:108030005A60C38C9BB2013B9BB2C3844BB90268AC
:10804000D36823F08003D3600268D36843F0400311
:10805000D360002070470369002BE4D1036A1B88BA
:108060000268C3F308035360036A02330362E0E764
:1080700010B504460268136923F44053C1680B43EA
:108080001361836802691A4343691A43C3691A4337
:108090000168CB6823F4164323F00C031343CB6031
:1080A0000268536923F4407381690B435361036889
:1080B000314A934206D002F58062934202D0FEF725
:1080C000C3FD01E0FEF7D0FDE369B3F5004F29D011
:1080D0000021031849411B1841F10001C90041EA80
:1080E0005371DB00181863684FEA83024FEA9373F9
:1080F00041F10001FCF710FE204AA2FB00314909C2
:10810000642303FB11031B013233A2FB03235B092E
:1081100003F0F00202EB011203F00F032168134495
:108120008B6010BD0023021843EB0301121841F1CC
:108130000001C90041EA5271D200101841F100015A
:10814000626892185B41FCF7E7FD0C4AA2FB003124
:108150004909642303FB1103DB003233A2FB032331
:108160005B095A0002F4F87202EB011203F00703F4
:10817000216813448B60D4E7001001401F85EB5148
:108180002DE9F04182B004460D4616469846089FF8
:1081900023681B6835EA03030CBF4FF0010C4FF056
:1081A000000CB44526D1B7F1FF3FF1D0FFF75CFAE0
:1081B0004346C01AB84221D817B32368DA6812F0D0
:1081C000040FE5D0802DE3D0402DE1D01A6812F0E5
:1081D000080FDDD0002501951A6801925B680193B4
:1081E000019B2046FFF7E7FE0823636484F84050B4
:1081F000012000E0002002B0BDE8F0810320FAE792
:108200000320F8E760B310B5044690F8413013B38B
:10821000242384F841302268D36823F40053D360C8
:108220002046FFF725FF2268136923F4904313616A
:108230002268536923F02A0353612268D36843F408
:108240000053D36000206064202384F8413084F818
:108250004230606310BD80F84030FDF79DFBD7E7EA
:10826000012070472DE9F04184B01E4690F841305E
:10827000202B57D104460D46002957D003920AB946
:10828000012050E000234364212380F84130FFF7B0
:10829000EBF90746039BA384E384A368B3F5805FEF
:1082A00002D00023984616E023693BB3002398468A
:1082B00011E0202384F84130032034E0424632F8B4
:1082C000023B90462268C3F308035360E28C92B2EB
:1082D000013A92B2E284E38C9BB293B100963B46A2
:1082E000002280212046FFF74BFF0028E1D1002D1E
:1082F000E4D015F8012B23685A60E7E7A8461D462D
:10830000E9E700963B46002240212046FFF738FF70
:1083100018B9202384F8413005E0202384F8413047
:10832000032000E0022004B0BDE8F0810120FAE75C
:1083300010B5044603685B6990F84120212A09D0F2
:1083400023685B6903F0400394F84220222A19D085
:10835000002010BD03F08003002BF1D0226802F151
:10836000140353E8003F23F08003143242E8003145
:108370000029F3D1A06B08B1FEF73BFF2046FFF7C1
:108380000AFEDDE7002BE3D0226802F1140353E874
:10839000003F23F04003143242E800310029F3D1BA
:1083A000E06B08B1FEF725FF2046FFF704FECFE79C
:1083B000704708B50168CA6822F04002CA602022EE
:1083C00080F84120FFF7F4FF002008BD7047704798
:1083D000704710B5846B23685B6994F84120212AAB
:1083E0000FD023685B6903F0400394F84220222AEF
:1083F00011D0636C43F0100363642046FFF7E8FF7D
:1084000010BD03F08003002BEBD00023E384204653
:10841000FFF7C1FDE5E7002BEBD00023E385204605
:10842000FFF7C9FDE5E708B5806B0023C385FFF7BB
:10843000CFFF08BD704790F84230222B67D1836888
:10844000B3F5805F4DD0826AB3F5805F04D0002B16
:1084500054D10369002B51D103685B681370836AA0
:1084600001338362C38D9BB2013B9BB2C385002B5A
:108470004FD100B583B00268D36823F02003D360E6
:108480000268D36823F48073D3600268536923F0D1
:1084900001035361202380F8423000234363036BC0
:1084A000012B31D100230363026802F10C0353E86E
:1084B000003F23F010030C3242E800310029F3D1D1
:1084C00003681A6812F0100F05D001911A68019222
:1084D0005B680193019B818DFFF7ACFF002003B027
:1084E00000BD0269002AAED1826A03685B68C3F3EB
:1084F00008031380836A02338362B3E703685B680F
:1085000003F07F031370AAE7FFF760FFE6E702209E
:10851000704700207047000010B582B00446026822
:108520001368D068516913F00F0F09D113F0200FB1
:108530000CD010F0200F09D02046FFF77CFF16E08A
:1085400011F0010115D110F4907F12D1216B012996
:1085500079D013F0800F03D010F0800F40F01F810E
:1085600013F0400F03D010F0400F40F01C8102B018
:1085700010BD13F0010F06D010F4807F03D0626CA1
:1085800042F00102626413F0040F04D019B1626C6E
:1085900042F00202626413F0020F04D019B1626C5F
:1085A00042F00402626413F0080F07D010F0200FAD
:1085B00000D119B1626C42F008026264626C002A58
:1085C000D5D013F0200F02D010F0200F29D123684E
:1085D0005B6903F04003626C12F0080F00D163B3D3
:1085E0002046FFF7E8FC23685B6913F0400F20D0BA
:1085F000226802F1140353E8003F23F040031432D1
:1086000042E800310029F3D1E36B73B1684A1A657F
:10861000E06BFEF738FE0028A9D0E06B036D9847A9
:10862000A5E72046FFF707FFD1E72046FFF7D0FE7A
:108630009DE72046FFF7CCFE99E72046FFF7C8FEEE
:108640000023636493E713F0100F82D010F0100F33
:108650003FF47FAF002301931368019353680193A4
:10866000019B536913F0400F5ED0E26B13685B68A7
:108670009BB2002B49D0A18D994246D9E385D3699D
:10868000B3F5807F36D0226802F10C0353E8003F37
:1086900023F480730C3242E800310029F3D12268C0
:1086A00002F1140353E8003F23F00103143242E8BF
:1086B00000310029F3D1226802F1140353E8003F8E
:1086C00023F04003143242E800310029F3D1202383
:1086D00084F842302163226802F10C0353E8003F22
:1086E00023F010030C3242E800310029F3D1E06B93
:1086F000FEF77FFD02236363A18DE38D9BB2C91A50
:1087000089B22046FFF796FE31E7A18D99427FF4AA
:108710002EAFD369B3F5807F7FF429AF0223636363
:108720002046FFF787FE22E7A18DE38D9BB2C91A91
:1087300089B2E38D9BB2002B3FF419AF00293FF4BF
:1087400016AF226802F10C0353E8003F23F4907344
:108750000C3242E800300028F3D1226802F1140301
:1087600053E8003F23F00103143242E800300028B0
:10877000F3D1202384F842302063226802F10C03F5
:1087800053E8003F23F010030C3242E80030002889
:10879000F3D1022363632046FFF74CFEE7E6204651
:1087A000FFF737FCE3E62046FFF703FEDFE600BFF6
:1087B0002784000808B5806B01234363036B012BFA
:1087C00002D0FFF704FE08BD818D4908FFF732FE95
:1087D000F9E708B50346806B1B681B6813F4807FBC
:1087E0002BD10023C385026802F10C0353E8003F3C
:1087F00023F480730C3242E800310029F3D102687F
:1088000002F1140353E8003F23F00103143242E85D
:1088100000310029F3D1026802F1140353E8003F4C
:1088200023F04003143242E800310029F3D1202321
:1088300080F84230036B012B07D000234363036BA6
:10884000012B0FD0FFF7C2FD08BD026802F10C0337
:1088500053E8003F23F010030C3242E800310029B6
:10886000F3D1EAE7818DFFF7E5FDEDE730B583B0A1
:10887000044613468162828500224264222084F8E5
:1088800042002448E56BE8632348E56B28642348ED
:10889000E56BE864E06B026520680A46011DE06B49
:1088A000FEF772FC00282ED1019023681A6801920D
:1088B0005B680193019B23695BB1226802F10C03A1
:1088C00053E8003F43F480730C3242E80031002942
:1088D000F3D1226802F1140353E8003F43F001038F
:1088E000143242E800310029F3D1226802F1140366
:1088F00053E8003F43F04003143242E800310029BE
:10890000F3D103B030BD10236364202384F84230D8
:108910000120F6E7D3870008B5870008D383000855
:1089200008B590F84230202B08D149B10AB901208E
:1089300008BD00230363FFF799FFF9E70220F7E77B
:108940000120F5E750B338B5044603684CF6CC4235
:108950001A60036845F255521A60036842685A600B
:10896000036882689A60FEF77FFE05462368DA682E
:1089700012F0030F0DD0FEF777FE401B41F6010306
:108980009842F3D92368DB6813F0030FEED003207D
:1089900003E04AF6AA221A60002038BD0120704781
:1089A00003684AF6AA221A6000207047034AD2F8E8
:1089B000883043F47003C2F88830704700ED00E05F
:1089C00010B5094C00212046FFF79EF904212046EE
:1089D000FFF79AF908212046FFF796F90C21204667
:1089E000FFF792F910BD00BFB403002003285AD846
:1089F000F8B504460D46B1F57A7F04DC11F57A7FAF
:108A000003DA294D01E04FF47A75284BDB7C6200D4
:108A1000134103F001021646002D1DDB244B04EB2D
:108A2000840003EB80010F4682F00102898853F82D
:108A30002000FEF7A1FA3246B989B868FEF79CFA21
:108A400004EB84041A4B03EB84031B69C3B9194B71
:108A50001B68ADB25D63F8BD154B04EB840003EBFE
:108A600080061746B18853F82000FEF785FA87F094
:108A70000102B189B068FEF77FFA69420DB2DFE703
:108A8000042B06D0082B09D00A4B1B68ADB21D641D
:108A9000E1E7084B1B68ADB29D63DCE7054B1B6843
:108AA000ADB2DD63D7E7704718FCFFFF6C0700200D
:108AB000D83A0108B4030020224B034493F8D23083
:108AC000002B3BD08446202B25D8012B38D910B55C
:108AD0001D4A12F80CE01D4A12F80C20734500D212
:108AE0009E469E4503D20EF1010E5FFA8EFE164899
:108AF00000F80CE002EB4C14154840F82410013249
:108B000092FBF3F103FB1122104B03F80C2000231E
:108B1000184619460BE02023D9E703EB4C140C4A06
:108B200052F82420101841EBE2710133DBB29E456C
:108B3000F3D872460023FCF79FF810BD0846704733
:108B4000084670476C070020880400208C04002031
:108B5000900400200346114A024492F8D220C2B188
:108B6000632A0FD8012A16D90D4850F8230000B9FE
:108B700051B9091A013291FBF2F10844084A42F84E
:108B8000230070476322EFE7054A42F823100846A6
:108B90007047084670470846704700BF6C070020C2
:108BA00078040020374B034493F8D230002B64D074
:108BB0000246202B22D8012B61D910B5A0B0324833
:108BC00010F802C03148805C634500D29C469C4549
:108BD00003D20CF1010C5FFA8CFC2B4C04F802C0A0
:108BE00000EB421E2A4C44F82E10411C91FBF3F07E
:108BF00003FB1011254B995400230DE02023DCE7E3
:108C000003EB4210224951F8200020A901EB830117
:108C100041F8800C0133DBB29C45F1D8002420469A
:108C20000CF1FF339C421FDA0134E4B2234601E029
:108C30000133DBB29C45F2D920AA02EB800252F844
:108C4000802C20A901EB830151F8801C8A42EFDDC2
:108C50000DF1800E0EEB800E4EF8801C20A901EB6A
:108C6000830141F8802CE3E7CCF3470320AA02EB11
:108C7000830353F8800C20B010BD084670470846A7
:108C8000704700BF6C070020880400208C0400207F
:108C9000900400200346032828D8154A125C7AB1B4
:108CA000144A52F820201268506A134AD27C5B00A2
:108CB000013342FA03F313F0010F18D0404270471A
:108CC0000C4A52F820201268516A89B20B4830F8D9
:108CD00013208A1A20F81310094951F8230000FACA
:108CE00082F241F8232051F82300DEE7002070478C
:108CF000283B01082C3B01086C070020D00600200F
:108D0000D8060020032803D8024B53F820007047F0
:108D10000020704790060020032803D8024B53F828
:108D20002000704700207047A0060020032807D8C5
:108D30000023044A1354044A1354044A42F82030CE
:108D4000704700BF8C0400208804002078040020B5
:108D5000032820D80023104A42F820300F4A22F876
:108D600010300F4A42F820300E4A42F820300E4AA6
:108D700042F820300D4A42F820304FF000010C4AF2
:108D800011540C4A13540C4A42F820300B4A52F842
:108D90002020126853627047D8060020D0060020B9
:108DA000C0060020B0060020A0060020900600208B
:108DB0008C04002088040020780400202C3B01084B
:108DC00030B58BB02422002101A806F06EFC0323ED
:108DD000019301220392042305930792099300242F
:108DE0002AE00023164A42F82430164A22F81430AA
:108DF000154A42F82430154A42F82430144A42F801
:108E00002430144A42F824304FF00001124A115520
:108E1000124A1355124A42F82430124B53F8245088
:108E200001A92846FEF760FEE0B2FFF791FF3C2162
:108E30002846FEF7DDFF0134032CD2DD0BB030BD38
:108E4000D8060020D0060020C0060020B006002072
:108E5000A0060020900600208C040020880400203A
:108E6000780400202C3B0108032800D9704770B516
:108E70000446FEF7F9FB05462046FFF70BFF0646C2
:108E8000774B53F82430E91A002B64D0002971D0B5
:108E9000744B53F82400301A04F10802724B03EBB0
:108EA00042039B88714A125D62B9DFF8C8C14CF871
:108EB0002420DFF8C4C14CF824206C4A4FF0010C88
:108EC00002F804C0DFF8ACC15CF8242002444CF87E
:108ED0002420DFF8A4C15CF8240008444CF82400E6
:108EE0004FEA830C624981FB0CE18910BCF1130F3E
:108EF00000DC022103F1FF3C1FFA8CFCBCF1620F85
:108F00005BD9C3B34FEAE27E4FEA4E1C4CEAD26C07
:108F10005101891A6CEB0E0C4FEA8C0C4CEA917CD7
:108F200089008A184EEB0C0E4FEA0E1C4CEA127C9C
:108F30001101891A6CEB0E0C4FEA4C1CA3FB0003C9
:108F40009B00820043EA907348014CEAD161FBF731
:108F500093FE014610E0434B43F82400404B43F896
:108F600024500023434A42F82430434A42F8243034
:108F70003E4A135570BD194600233E4A42F824303C
:108F80003D4A42F824303D4B43F82410364BB3F8A9
:108F9000D030A200134103F00F0213F00C0F54D194
:108FA000022A44D0032A49D0012A4ED12046FFF795
:108FB00083FD334B43F824004AE0312805D882EA88
:108FC000E27CACEBE27C8C4542DB4FEAE27E4FEA8E
:108FD0004E1C4CEAD26C5101891A6CEB0E0C4FEA14
:108FE0008C0C4CEA917C89008A184EEB0C014FEAFC
:108FF000011C4CEA127C4FEA021EBEEB020E6CEB27
:1090000001014901A3FB00039B00820043EA907326
:109010004FEA4E1041EADE61FBF72EFE0146154B8A
:10902000002243F82420144B43F82420ABE72046C9
:10903000FFF790FD124B43F8240009E02046FFF7AC
:10904000B1FD0F4B43F8240002E00D4B43F8241010
:10905000044B43F82460024B43F824508AE700BFD6
:10906000B0060020C00600206C0700205404002039
:10907000676666666804002058040020A006002089
:1090800090060020002300E00133032B17DC0C4A7C
:10909000D25C002AF8D10B4A52F823201268516A98
:1090A00089B2094830F813208A1A20F813100749AA
:1090B00051F8230000FA82F241F82320E4E77047D8
:1090C000283B01082C3B0108D0060020D8060020D0
:1090D000002209E002EB4201054B03EB8103002172
:1090E0001960596099600132032AF3DD704700BFAF
:1090F00038070020032800F2AE8000B5574B03EB81
:109100000012D2F82E1007EE101AD2F832E0C21C6C
:1091100003EB0212D2F806C0D2F80A2000F11001C7
:1091200003EB4101C98807EE901AF8EE677A70EEFA
:10913000600A9B8C81000B4103F00F03012B56D07A
:1091400000EB4001464B03EB8103D3ED006A76EE62
:10915000A06AC3ED006A06EE102AF4EEC66AF1EECC
:1091600010FA03DD3E4B03EB81031A6000EB400174
:109170003B4B03EB810393ED006A06EE902AF1EE80
:10918000666AB4EEE66AF1EE10FA04D5344B03EBEE
:109190008103C3ED006A324B00EB400203EB820215
:1091A000D2ED016A70EEE66AC2ED010A27EE207A7E
:1091B00092ED006A05EE90EA26EE256A37EE067A11
:1091C00006EE10CA66EE266A37EE267AF4EEC77A05
:1091D000F1EE10FA01D5B0EE677AB1EE670AB4EE9F
:1091E000C70AF1EE10FA01DCB0EE470A00BD1C4AD6
:1091F00000EB400302EB830393ED016A70EEC66A55
:1092000026EE877A06EE90EA66EEA06A37EE267AB8
:1092100076EE066A70EEE66AD3ED025A76EEA56A3D
:1092200005EE90CA66EEA56A37EE267A83ED026AED
:10923000C3ED010AF4EEC77AF1EE10FA01D5B0EEF3
:10924000677AB1EE670AB4EEC70AF1EE10FACDDC28
:10925000B0EE470ACAE79FED030A70476C0700208B
:109260003807002000000000032808D8044B00EB5A
:10927000400203EB8202002111605160916070474F
:109280003807002000230EE0084A02EBC302002149
:109290001160516003EB4300054A02EB800211604C
:1092A000516091600133032BEEDD704718070020F9
:1092B000E8060020032800F2DE8000B56F4B03EBC8
:1092C0000012916F07EE101AD2F87CE000F108024C
:1092D000110103EB0212595805EE101A00F12E018C
:1092E00053F8211007EE901A5168B3F876204FEA30
:1092F000800C42FA0CF202F00F0200F1640C33F819
:109300001C3073B900F1080C5C4B03EB4C03B3F851
:1093100004C04FEA8C03BCF1000F03D1B7EE006A22
:1093200008E09B0006EE903AF8EEE66ADFED545A4C
:1093300085EEA66A66EE206A30EE660A012A4ED0F5
:10934000504B03EBC003D3ED006A76EE806AC3EDA9
:10935000006A06EE101AF4EEC66AF1EE10FA03DDAA
:10936000484B03EBC0031960464B03EBC00393ED7E
:10937000006A06EE901AF1EE666AB4EEE66AF1EE65
:1093800010FA04D53F4B03EBC003C3ED006A3D4B1D
:1093900003EBC003D3ED016A70EE666A83ED010A48
:1093A00027EE007A93ED006A05EE90EA26EE256A34
:1093B00037EE067A65EE266A37EE267AF4EEC77A3D
:1093C000F1EE10FA01D5B0EE677AB1EE670AB4EEAD
:1093D000C70AF1EE10FA4DDCB0EE470A4AE000EBA6
:1093E0004002294B03EB820393ED006A70EE466A5C
:1093F00026EE877A06EE90EA66EE806A37EE267AE7
:1094000076EE066A70EE666AD3ED015A76EEA56ACC
:1094100066EE856A37EE267A83ED016A83ED000AEF
:10942000D3ED026A36EE877A83ED027AB4EEE77AFC
:10943000F1EE10FA04DD144B03EB8203C3ED027A64
:1094400000EB4002104B03EB820393ED027AB1EE86
:10945000670AB4EEC07AF1EE10FA04D50A4B03EBBA
:10946000820383ED020A00EB4000074B03EB800010
:1094700090ED020A00BD9FED050A70476C070020C1
:109480000000614518070020E806002000000000E9
:1094900003280DD8074A02EBC00200231360536073
:1094A000054A00EB400102EB81010B604B608B60D1
:1094B000704700BF18070020E806002000B585B0FF
:1094C000642302930192009101230246A0210448E3
:1094D000FCF712FFB0FA80F0400905B000BD00BFF4
:1094E000FC03002000B585B0C823029301920091CF
:1094F00001230246A0210648FCF74CFE10B10020D3
:1095000005B000BD0620FEF7B5F80120F8E700BF62
:10951000FC03002010B5364CE7220021204606F05F
:10952000C4F8344B23600123E37123721223637464
:109530000023E3726FF03D02227301226273A37372
:1095400042E02B4A03F10C0102EB41010A20888022
:1095500003F1340102EB41011420C88002EB031C2B
:109560004FF07E51CCF82E100021CCF83210D81CD0
:1095700002EB0010C0F806101F4CC0F80A4003F1BF
:10958000100002EB40004FF47A74C4801B48CCF802
:10959000780003F1080002EB0010194C446003F15D
:1095A0002E0002EB8000144C0460D018012480F8D7
:1095B000D24003F16C0002EB400261F01700D07062
:1095C00041F0030111712344032BBADD084B43F230
:1095D0001022A3F8D62000226FF03F0183F8E31099
:1095E00083F8E42083F8E520072283F8E62010BD05
:1095F0006C0700200052444D0000FA430000A040D8
:1096000000007A4430B5BBB01D4D0024AC72E3219C
:10961000281D00F033FDA872E62C16D8C4F1E7022D
:1096200092B2A4F1DF039BB2082B0CD81449214459
:10963000E0B2FFF757FF054698B11248FFF7B0F9BF
:109640000834A4B2E8E70822F0E7E72269460020E0
:10965000FFF734FF054618B1009A0B4B9A4203D02E
:10966000002528463BB030BD9DF80A4000238DF808
:109670000A30E32101A800F001FDA042F1D0EFE79C
:109680006C070020F80100200052444DF8B500247A
:109690002646042C16D8E7223C490020FFF70EFF8F
:1096A000064678B93A4D2846FCF75AFD2846FCF79D
:1096B0006BFC1420FDF7DEFF3648FFF771F901342B
:1096C000E4B2E6E786B1344A137803F0FE03137080
:1096D0002E4B1A68314B9A421BD0FFF71BFFFFF746
:1096E00091FF00263046F8BD284B1C795D799F79A3
:1096F000294A137843F001031370FFF70BFF0CB9ED
:1097000005B91FB1214B1C715D719F71FFF77AFF85
:10971000E8E71E4CA57A0023A372E321201D00F088
:10972000ADFCA57285421FD1184B0122DA711A7265
:10973000B3F8E330632B07D9144AB2F8E520B2F549
:10974000006F01D29342CDD3104B00226FF03F0146
:1097500083F8E31083F8E42083F8E520072283F8F8
:10976000E620FFF74FFFBDE7234624795D799E7918
:10977000FFF7D0FE0CB905B91EB1044B1C715D7129
:109780009E71FFF73FFF0026ACE700BF6C0700208B
:10979000FC030020F8010020680700200052444D1F
:1097A00030B5F5B0E7223AA90020FFF787FE48B1AF
:1097B0003A9A3D4B9A4209D0FFF724FF05462846C6
:1097C00075B030BDFFF71EFF0546F8E79DF8F24083
:1097D00000238DF8F230E3213BA800F04FFCA042BB
:1097E00003D0FFF70FFF0546E9E79DF8F93003F0D6
:1097F000E0032E494A7C02F01F0213438DF8F93032
:10980000D1F80B30CDF8F33001238DF8EF308DF81F
:10981000F03000248DF8F240E3213BA800F02EFC4C
:109820008DF8F200E62C17D8C4F1E70292B2A4F149
:10983000DF039BB2082B0DD83AA92144E0B2FFF711
:1098400051FE05460028BAD01948FFF7A9F8083498
:10985000A4B2E7E70822EFE7E72269460020FFF716
:109860002DFE054688B1009A0F4B9A420DD19DF806
:1098700011309DF8F920534013F01F0F05D1DDF88A
:109880000B20DDF8F3309A4202D000231D4696E704
:109890009DF80A4000228DF80A20E32101A800F07B
:1098A000EDFBA0428BD0F0E70052444D6C07002046
:1098B000F8010020F8B5064C27796679A579FFF7FD
:1098C00029FE27716671A571FFF79CFEF8BD00BFE8
:1098D0006C07002030B583B0002318E0244A02EB67
:1098E0008302002111600022224921F8132022491D
:1098F00041F82320214941F823204FF0000020495E
:10990000C854204941F823201F49CA540133032B6E
:10991000E4DD00251D4B1D601D4B1D70FFF7D8FBBE
:10992000FFF7B0FC01951B4B5A6C42F480325A642D
:109930005B6C03F480330193019B174C174B23603E
:1099400053236360A56040F2E733E360A5612046DE
:10995000FEF772F82A460A211820FDF70DFE18209E
:10996000FDF71AFE2046FDF727FF03B030BD00BF0C
:10997000F4080020EC080020CC0800206C0800202F
:10998000680800205808002054080020C80800205B
:10999000C4080020003802407C080020004001403C
:1099A00008B50248FDF746FF08BD00BF7C0800204F
:1099B000032805D8044B03EB800393ED000A70479E
:1099C0009FED020A704700BFF4080020000000006D
:1099D00080B110B50B4BB3F80F40632C00D8642452
:1099E000FDF742FE084B1B6843B1C01AA04205D8E0
:1099F000002006E0054B1870012070470120034B42
:109A0000187010BD6C070020C8080020C408002092
:109A1000032800D9704770B5044610EE106A0D4651
:109A20000846FFF7D5FF00B970BD094B03EB84036F
:109A30001E60FDF719FE074B43F82400002DF3D1FB
:109A4000FDF712FE044B1860044B00221A70EBE77E
:109A5000F4080020CC080020C8080020C40800201A
:109A600008B5104BB3F80F3003B908BDFDF7FCFD86
:109A7000002300E00133032BF7DC0B4A52F82320CC
:109A8000002AF7D0821A0749B1F80F108A42F1D99B
:109A9000064A02EB830200211160034A002142F8CA
:109AA0002310E7E76C070020CC080020F408002012
:109AB000F8B52DED028BFFF7E5FA0023184619469D
:109AC00000E00133032B09DC804AD25C02B10121A2
:109AD0007F4AD25C002AF4D00120F2E7002946D167
:109AE00028B30C4630E07B4B03EB8403D3ED007AC4
:109AF000FDEEE77A17EE903A19B2774B23F814107F
:109B0000E0B2FEF773FF0134032C00F3DC80734BEB
:109B10009B7C6200134113F0030FE4D004F10802B0
:109B20006E4B03EB42039B88002BECD1DBE7044632
:109B3000EAE7664B1B5D33B1E0B2FFF795F902E04F
:109B4000E0B2FFF791F90134032C12DC634B9B7CEC
:109B50006200134103F00303012BEAD05B4B1B5D52
:109B6000002BEDD15A4B1B5D002BECD0E8E7002415
:109B7000EAE700246FE0022D02D0554B00221A556F
:109B8000534B1B5D0BB1022D2DD0504B1B5D002B99
:109B900000F084804D4B00221A55022D3FD04D4BD2
:109BA00003EB8403D3ED007AB0EE678AE5B2284672
:109BB000FFF7A8F800EE900AF8EEE00AB0EE480AC7
:109BC0002846FFF797FA454B9B8CA200134103F000
:109BD0000F03012B2BD0BDEEC00A3F4B10EE102A15
:109BE00023F814205AE03A4B00221A55A600394BAC
:109BF00003EB840393ED008AE3B21F461846FFF798
:109C000049F800EE900AF8EEE00AB0EE480A38464D
:109C1000FFF750FB324B334483ED000AB5E7304B7E
:109C200003EB8403D3ED007AB0EE678ABEE72A4ADD
:109C300032F81430BDEEC00A10EE101A13FA81F398
:109C400022F814302AE009B2234B23F81410E0B2B2
:109C5000FEF7CCFE0134032C35DC204B9B7C6200EC
:109C6000134113F0030508D004F108021B4B03EB6A
:109C700042039B88002B7FF47EAF164B03EB8403DB
:109C8000D3ED007AFDEEE77A134B17EE902A23F816
:109C9000142000230D4A13550D4A13550E4B33F96A
:109CA000140004F110020D4B03EB4203D988B1F507
:109CB0007A7F01DD4FF47A718142C4DB49428142EF
:109CC000C1DC0146BFE7BDEC028BF8BD680800208F
:109CD00054080020F4080020EC0800206C07002045
:109CE000DC080020032803D8024B33F9100070472A
:109CF00000207047EC080020032800D9704708B501
:109D0000034B002223F81020FFF7C2FB08BD00BF61
:109D1000EC08002070B5002427E0184B03EB840307
:109D200000221A600025164B23F81450154B03EB44
:109D300084031A60144B43F824504FF00002134B75
:109D40001A55134B1D55134B43F82450124B43F82F
:109D50002450E6B23046FFF787FA3046FFF798FB0B
:109D600029463046FEF742FE0134032CD5DD0023A0
:109D70000A4A13600A4A137070BD00BFF40800203D
:109D8000EC080020DC080020CC0800206808002037
:109D9000540800206C08002058080020C808002043
:109DA000C40800200346002800F0938002780F2AA0
:109DB00040F08C80027E002A40F08A8042788078D1
:109DC00042EA0022C2F30A020A809878DA78520145
:109DD00042EAD002C2F30A024A80D8781A79920085
:109DE00042EA9012587942EA8022C2F30A028A803B
:109DF00058799A79D20142EA5002C2F30A02CA8023
:109E00009879DA79120142EA1012C2F30A020A8141
:109E1000D8791A7A520042EAD012587A42EA40229D
:109E2000C2F30A024A81587A9A7A920142EA90026F
:109E3000C2F30A028A81987ADA7AD20042EA501290
:109E4000CA811A7B587B42EA0022C2F30A020A82C4
:109E5000587B9A7B520142EAD002C2F30A024A823C
:109E6000987BDA7B920042EA9012187C42EA8022C8
:109E7000C2F30A028A82187C5A7CD20142EA50025A
:109E8000C2F30A02CA82587C9A7C120142EA10127A
:109E9000C2F30A020A83987CDA7C520042EAD012AA
:109EA000187D42EA4022C2F30A024A83187D5A7D95
:109EB000920142EA9002C2F30A028A835A7D9B7D94
:109EC000DB0043EA5213CB83012070470020704728
:109ED0000020704703780F2B01D000207047037ECD
:109EE0000BB10020704701207047844600221046C5
:109EF0000EE04000C0B280F0D5000133072B05DC36
:109F000010F0800FF5D14000C0B2F6E7013292B2F6
:109F10008A4204D21CF8023058400023EEE7704712
:109F2000D0B10378C82B11D14378182B10D110B5BC
:109F300004468378162B0DD117210230FFF7D5FF89
:109F4000637E984214BF0020012010BD002070479E
:109F5000002070470020F8E7704738B504460D46EA
:109F6000FFF7DEFF0246002800F08680E3782179C3
:109F700043EA0123C3F30A032B80217963795B0150
:109F800043EAD103C3F30A036B806179A3799B0091
:109F900043EA9113E17943EA8123C3F30A03AB80D7
:109FA000E179237ADB0143EA5103C3F30A03EB802F
:109FB000217A637A1B0143EA1113C3F30A032B814D
:109FC000617AA37A5B0043EAD113E17A43EA412341
:109FD000C3F30A036B81E17A237B9B0143EA91037C
:109FE000C3F30A03AB81217B637BDB0043EA51139C
:109FF000EB81A37BE17B43EA0123C3F30A032B82BA
:10A00000E17B237C5B0143EAD103C3F30A036B8248
:10A01000217C637C9B0043EA9113A17C43EA81236A
:10A02000C3F30A03AB82A17CE37CDB0143EA510367
:10A03000C3F30A03EB82E17C237D1B0143EA111386
:10A04000C3F30A032B83217D637D5B0043EAD113B5
:10A05000A17D43EA4123C3F30A036B83A17DE37D22
:10A060009B0143EA9103C3F30A03AB83E17D237EA3
:10A07000DB0043EA5113EB83104638BD00B586463A
:10A080008C460023184606E01EF803204240034990
:10A09000885C01339BB26345F6D300BD3C3B0108AD
:10A0A00000B503469646002013E001331A78202AB3
:10A0B000FBD092B100F1010C41F8203000E00133F7
:10A0C000187808B12028FAD110B1002203F8012B2A
:10A0D00060461A780AB17045E8DB00BD10B5044649
:10A0E000FAF7BEF881B2204603F02EFE02210248A4
:10A0F00003F02AFE10BD00BFF825010810B53E4848
:10A10000FFF7ECFF3D4C2046FFF7E8FF3C48FFF728
:10A11000E5FF3C48FFF7E2FF3B48FFF7DFFF3B4826
:10A12000FFF7DCFF3A48FFF7D9FF3A48FFF7D6FFC1
:10A130003948FFF7D3FF3948FFF7D0FF3848FFF71A
:10A14000CDFF2046FFF7CAFF3648FFF7C7FF364866
:10A15000FFF7C4FF3548FFF7C1FF3548FFF7BEFFE3
:10A160003448FFF7BBFF3448FFF7B8FF3348FFF729
:10A17000B5FF3348FFF7B2FF3248FFF7AFFF324871
:10A18000FFF7ACFF2046FFF7A9FF3048FFF7A6FF17
:10A190002F48FFF7A3FF2F48FFF7A0FF2046FFF748
:10A1A0009DFF2D48FFF79AFF2C48FFF797FF2C489B
:10A1B000FFF794FF2B48FFF791FF2B48FFF78EFF27
:10A1C0002A48FFF78BFF2046FFF788FF2848FFF754
:10A1D00085FF2848FFF782FF2748FFF77FFF2748C2
:10A1E000FFF77CFF2648FFF779FF2648FFF776FF49
:10A1F00003F05AFD10BD00BFFC250108C829010865
:10A2000024260108402601086C260108A42601081E
:10A21000D82601082C27010874270108A82701085F
:10A22000DC2701080C2801082C28010868280108EF
:10A23000B0280108EC2801085429010898290108D0
:10A24000CC2901080C2A0108642A0108D42A010833
:10A25000F42A0108342B0108882B0108A42B0108DB
:10A26000EC2B01081C2C0108742C0108C02C0108DF
:10A27000FC2C0108182D0108682D0108BC2D0108CF
:10A280000C2E01087C2E010808B503F0B7F928B997
:10A290000448FFF723FF02F0DBFF08BD0248FFF789
:10A2A0001DFFFAE7FC2E0108E02E010808B5FFF7B4
:10A2B000A9F918B10348FFF711FF08BD0248FFF7DD
:10A2C0000DFFFAE7282F0108402F010808B5FFF716
:10A2D000DDF918B10348FFF701FF08BD0248FFF799
:10A2E000FDFEFAE7542F01086C2F010808B5FFF7AF
:10A2F000E1FA0248FFF7F2FE08BD00BF942F010803
:10A300000FB410B5A2B024AB53F8042B019302ACE8
:10A310008021204605F0A2F92046FFF7DFFE22B09B
:10A32000BDE8104004B0704700B585B0064A117909
:10A33000D379107A0290019300919379527903486E
:10A34000FFF7DEFF05B000BD6C070020A82F010855
:10A350002DE9F04F2DED048B91B0A84BD3F80B10E5
:10A36000587C00F00F03012B17D0032B13D0A44A05
:10A3700010F0100F13D0A34B10F0200F11D1A248F2
:10A380009E4CB4F80F4001940090A048FFF7B8FF2E
:10A390004FF0000924E09E4AEAE79E4AE8E79E4B18
:10A3A000EAE79E48ECE7002328E0002231E09C4BDE
:10A3B0000F9342E0002348E0002390E009930892C5
:10A3C0008DED067B8DED049B8DED028BCDE900AB11
:10A3D00032463B4641469348FFF792FF09F1010997
:10A3E000B9F1030F00F3B680844B9B7C4FEA49011F
:10A3F0000B4103F00302022AD5DC13467F4AB2F870
:10A40000D0204FEA89052A4112F00C0FCDD102F07D
:10A410000F0209F14106844850F823300D93774824
:10A4200009F1080300EB43039B880E93C37C0B41A7
:10A4300013F0010FBBD07D4B0F93704B9B8C2B41C6
:10A4400013F00E0FB6D103F00F03794951F82370C2
:10A450006A4C04EB0913D3F82E80D3F832A009F12B
:10A46000030304EB0313D3F806B009F1100304EB64
:10A470004303D88809F10C0304EB43039B886D491F
:10A4800051F822200B920A9307EE900AF8EE677AB1
:10A4900017EE900AFAF750F8CDE908015846FAF796
:10A4A0004BF8CDE906015046FAF746F8CDE904012C
:10A4B0004046FAF741F8CDE9020101970F9B00935E
:10A4C0000E9B0D9A31465C48FFF71AFFB4F87630C0
:10A4D0002B4113F00E0F7FF46FAF03F00F03544ABC
:10A4E00052F82380454C04EB091303F17805986F6B
:10A4F000FAF722F806460F466868FAF71DF8824612
:10A500008B4609F108052B0104EB0515E058FAF715
:10A5100013F841EC180B09F12E0354F82300FAF755
:10A520000BF841EC190B6868FAF706F841EC170BC9
:10A5300009F1340304EB4303DA8809F1640334F8C6
:10A540001330002B7FF43AAF09F1080104EB41030B
:10A550009B8833E72948B0F8D62002F00F01C2F3F8
:10A560000313B0F8DD50C2F30324B0F8DF60120B20
:10A57000B0F8E170B0F8E3C0B0F8E5E0CDF818E06D
:10A58000CDF814C00497013203920296013401946D
:10A5900000950133B0F8DB2001312848FFF7B0FE09
:10A5A000002111E0264A1BE0264B1448B0F8D800E1
:10A5B000890040FA01F101F00F01013100912146BB
:10A5C0002148FFF79DFE2146032910DC4C1C0B4B54
:10A5D00093F8DA3043FA01F212F0010FE2D01B4A8D
:10A5E000081D034113F0010FDED0194BDDE703F026
:10A5F0005BFB11B0BDEC048BBDE8F08F6C07002055
:10A60000C82F0108E02F0108F02F010828300108A9
:10A61000D82F0108D02F0108E82F0108F82F0108D2
:10A6200000300108B0300108543C0108FC2F01083B
:10A630004C3C01083C3C010868300108F830010836
:10A6400010300108243001083831010804300108B5
:10A650002030010870B582B00020FEF71BFB0646D3
:10A660000120FEF717FB05460220FEF713FB044608
:10A670000320FEF70FFB009023462A46314621486F
:10A68000FFF73EFE0020FEF73DFB06460120FEF7E9
:10A6900039FB05460220FEF735FB04460320FEF792
:10A6A00031FB009023462A4631461748FFF728FE23
:10A6B0000020FFF717FB06460120FFF713FB0546B6
:10A6C0000220FFF70FFB04460320FFF70BFB00906F
:10A6D00023462A4631460D48FFF712FE0C4B1B78E5
:10A6E00013F0010F0BD00B490B48FFF709FEFCF7E5
:10A6F000BBFF01460948FFF703FE02B070BD0849E1
:10A70000F2E700BF7C31010898310108B43101083B
:10A710006807002060310108CC310108D4310108FC
:10A72000743101082DE9F04F2DED028B91B0041E1C
:10A730001CDD0D460E68BC493046F9F731FD002896
:10A7400040F0E180012C0EDD686803F055FB824685
:10A75000461E032E0FD8022C11D0042C5BDCB3480C
:10A76000FFF7BCFC02E0B248FFF7B8FC11B0BDEC4B
:10A77000028BBDE8F08FAF48FFF7B0FCF6E7AE4BB9
:10A780009B8CB200134103F00F03012B40D0AB4B65
:10A790009B46A94B03EB0612D2F82E00D2F83240AA
:10A7A000F21C03EB0212D2F80650D2F80A209146AE
:10A7B00006F1100203EB4202D28807EE902AB8EEAF
:10A7C000678A0C3603EB46039E88F9F7B5FE074609
:10A7D0008846CDF824B0089618EE100AF9F7ACFEBA
:10A7E000CDE906014846F9F7A7FECDE90401284660
:10A7F000F9F7A2FECDE902012046F9F79DFECDE969
:10A8000000013A46434651468D48FFF779FDADE7D2
:10A810008C4B9B46BDE7A86803F0EBFA51EC100B9C
:10A82000FAF7DAF9844B03EB0617C7F82E00E8684D
:10A8300003F0DFFA51EC100BFAF7CEF9C7F832004B
:10A84000286903F0D6FA51EC100BFAF7C5F9F31C9E
:10A85000794A02EB0313C3F80600052C0CDC072C25
:10A860002FDCF6B23046FEF7FFFC3046FFF744FA25
:10A870007548FFF733FC79E7686903F0BAFA51ECE1
:10A88000100BFAF7A9F9F21C6B4B03EB0213C3F898
:10A890000A00062CE5DDA86903F0AEFA81B206F1E4
:10A8A0001002654B03EB4203D880B1F57A7FD6D90D
:10A8B000614B03EB42036FF017029A710322DA71C6
:10A8C000CDE7E86903F098FA80B2012819D906F1BA
:10A8D0000C02594B03EB42039880082CC1DD286A17
:10A8E00003F08AFA0128BCD853498B8CB4000F229C
:10A8F000A24023EA020200F00F03A34013438B841B
:10A90000AFE70220E3E751493046F9F749FC002858
:10A9100040F0E480012C0EDD686803F06DFA834698
:10A92000461E032E0BD8022C0DD0042C51DC4848B7
:10A93000FFF7D4FB1AE74748FFF7D0FB16E73D487F
:10A94000FFF7CCFB12E73C4BB3F87630B200134173
:10A9500013F00F0F3AD1394B0B93374B03EB061221
:10A96000906FD46F06F10802110103EB02125D58DB
:10A9700006F12E0153F821108A465268914606F1DD
:10A98000340203EB4203DE88F9F7D6FD074688461A
:10A990000B9B099308964846F9F7CEFDCDE90601D1
:10A9A0005046F9F7C9FDCDE904012846F9F7C4FD81
:10A9B000CDE902012046F9F7BFFDCDE900013A4695
:10A9C000434659462448FFF79BFCCFE61D4B0B93AB
:10A9D000C3E7A86803F00DFA51EC100BFAF7FCF886
:10A9E000154F07EB061303F178020B929867E8689E
:10A9F00003F0FFF951EC100BFAF7EEF80B9A5060E8
:10AA0000286903F0F6F951EC100BFAF7E5F806F1B6
:10AA100008031B01F850052C20DCF0B2FEF738FDCE
:10AA20000948FFF75BFBA1E6D83201087C33010837
:10AA3000E4320108283301086C070020F0310108D6
:10AA400034330108E4310108AC330108BC33010898
:10AA500050340108C433010804340108686903F064
:10AA6000C8F951EC100BFAF7B7F806F12E0347F8C6
:10AA70002300062CD1DDA86903F0BBF951EC100BC3
:10AA8000FAF7AAF806F1080207EB02135860072C40
:10AA9000C3DDE86903F0B0F983B2012B1CD906F1DC
:10AAA0003401A84A02EB4102D380082CB5DD286AA4
:10AAB00003F0A2F903460128AFD8A248B0F87620E7
:10AAC000B4000F21A14022EA010203F00F03A340CA
:10AAD0001343A0F87630A0E70223E0E79A49304616
:10AAE000F9F75EFB78BB012C1BDD686803F084F985
:10AAF000461E032E19D8022C1BD0A86803F07CF93F
:10AB000006F108028F4B03EB42039880F6B2304601
:10AB1000FEF7AAFB3046FFF7EFF88C48FFF7DEFAA6
:10AB200024E68B48FFF7DAFA20E68A48FFF7D6FAE0
:10AB30001CE60836834B03EB46039A880146864899
:10AB4000FFF7DEFB12E685493046F9F729FB0028BE
:10AB50003BD1012C24DD686803F04EF9461E032E1C
:10AB600022D8022C24D0774BDC7C73001A461F4677
:10AB70000123934024EA0304A86803F03DF910B3CD
:10AB80000123BB401C436F4BDC74F6B23046FEF72A
:10AB90006BFB3046FFF7B0F86C48FFF79FFAE5E52E
:10ABA0006F48FFF79BFAE1E56A48FFF797FADDE5A2
:10ABB000644BDA7C7600324102F0010201466948BA
:10ABC000FFF79EFBD2E50346DBE767493046F9F71E
:10ABD000E7FA002840D1012C28DD686803F00CF961
:10ABE000461E032E26D8022C28D0564BDC7C730040
:10ABF00001331A461F460123934024EA0304A86840
:10AC000003F0FAF830B30123BB401C434D4BDC7416
:10AC1000F6B23046FEF79CF83046FEF725FB30468C
:10AC2000FFF76AF84948FFF759FA9FE54F48FFF7E1
:10AC300055FA9BE54748FFF751FA97E5414BDA7C17
:10AC4000730001331A4102F0010201464848FFF740
:10AC500057FB8BE50346D7E746493046F9F7A0FA9C
:10AC6000002840F09B80012C29DD686803F0C4F8BF
:10AC7000461E032E27D8022C29D0AC683E49204618
:10AC8000F9F78EFA002836D03C492046F9F788FAC1
:10AC9000002846D03A492046F9F782FA00284CD1DC
:10ACA00028498B7C70000322824023EA020302229F
:10ACB000824013438B74F0B2FEF74AF823E0314828
:10ACC000FFF70CFA52E52348FFF708FA4EE51D4B53
:10ACD0009B7C7600334103F00303022B09D0012B48
:10ACE00005D0294A01462948FFF70AFB3EE5284AD4
:10ACF000F8E7284AF6E713498B7C7000032282406C
:10AD000023EA02038B74F6B23046FEF7ADFA304602
:10AD1000FEF7BEFB3046FEF7EFFF0C48FFF7DEF90B
:10AD200024E508498B7C70000322824023EA020359
:10AD30000122824013438B74E5E71748FFF7CEF9F1
:10AD400014E500BF6C0700207C340108AC33010817
:10AD5000803401082833010898340108A43401081C
:10AD6000A8340108C0340108D0340108D8340108DF
:10AD7000F434010808350108443501084C35010850
:10AD8000643501081035010808320108343501081E
:10AD900000320108FC31010854350108B34930463E
:10ADA000F9F7FEF900287FD1012C42D002F026FCF1
:10ADB0000746002859D1686803F01EF8A0F596628E
:10ADC000AB4B9A4255D8AB4BC3F80B00022C5ADD63
:10ADD0005E7C06F0EF06A86803F00EF808B11023B9
:10ADE0001F463E43F6B2A34B5E74032C4BDDEC686A
:10ADF000A1492046F9F7D4F900283ED09F492046C2
:10AE0000F9F7CEF9002844D09D492046F9F7C8F952
:10AE1000002845D1974A26F00F0343F003035374EB
:10AE20006FF05F03D3726823137306235373907319
:10AE300029E0904BD3F80B10587CC0F3001210F0AF
:10AE4000100F0CD08F4B00F00F0001280BD00328FF
:10AE500007D08D4800908D48FFF752FA86E48C4B5E
:10AE6000F1E78C48F6E78C48F4E78C48FFF736F9B1
:10AE70007CE48B48FFF732F978E426F00F0343F0C7
:10AE800001037C4A537401F0D5FD8648FFF726F98B
:10AE90006CE426F00F0343F00203764A5374F2E7A2
:10AEA0008148FFF71BF961E480493046F9F778F9EA
:10AEB000002840D1012C13DD686802F09DFF064692
:10AEC000431E032B10D8022C12D0A86802F094FF66
:10AED0000246431E0F2B19D97548FFF7FFF845E4CA
:10AEE0007448FFF7FBF841E47348FFF7F7F83DE4D7
:10AEF000604BB3F8D620431E9B001A4102F00F02AC
:10AF0000013201466D48FFF7FBF92FE4594CB4F8C4
:10AF1000D610731E9B000F20984021EA0001013AD1
:10AF200002F00F0202FA03F30B43A4F8D630644890
:10AF3000FFF7D4F81AE463493046F9F731F90028ED
:10AF400040D1012C13DD686802F056FF0146461E11
:10AF5000032E11D8022C14D0A86802F04DFF03462E
:10AF600001281DD95848FFF7B9F8FFF7FFBB57482C
:10AF7000FFF7B4F8FFF7FABB4F48FFF7AFF8FFF75A
:10AF8000F5BB3C4B93F8DA30334113F0010205D0A6
:10AF90004F4B5048FFF7B4F9FFF7E8BB4E4BF8E7CB
:10AFA000344890F8DA200121B14022EA010203F08E
:10AFB0000103B340134380F8DA304148FFF78EF8BD
:10AFC000FFF7D4BB45493046F9F7EAF8002840F0CE
:10AFD000B080012C27DD686802F00EFF0746461E90
:10AFE000032E25D8022C28D0022C17DDA86802F0E9
:10AFF00003FF034601287BD8DFF878C09CF8DA10FD
:10B000003A4603320120904021EA000103F0010397
:10B0100093400B438CF8DA30032C6EDC2848FFF7A2
:10B020005DF8FFF7A3BB2E48FFF758F8FFF79EBB6C
:10B030002148FFF753F8FFF799BB0E4B93F8DA302E
:10B0400002460332134113F0010F4FD0254A094B3A
:10B05000B3F8D830B600334103F00F03013339465B
:10B060002148FFF74DF9FFF781BB00BF68350108A4
:10B0700050043D006C070020C4350108CC350108A0
:10B08000E8350108E02F0108C82F010870350108D4
:10B09000E82F0108D82F0108D02F01088C350108AE
:10B0A000AC350108F0350108D43501080036010837
:10B0B0003836010808360108283301082836010807
:10B0C000AC3301084C3601088836010854360108B3
:10B0D000103201087036010824320108A836010830
:10B0E000B036010820300108E0360108B44AAEE766
:10B0F000B448FEF7F3FFFFF739BBE86802F07CFEC7
:10B100000346421E0F2A0FD8AF48B0F8D820B60029
:10B110000F21B14022EA0102013B03F00F03B340CB
:10B120001343A0F8D83079E7A848FEF7D7FFFFF718
:10B130001DBBA7493046F9F733F8A0B9012C0AD056
:10B14000686802F059FEA04BA3F80F00A148FEF773
:10B15000C5FFFFF70BBB9C4BB3F80F109E48FFF7E2
:10B16000CFF8FFF703BB9D493046F9F719F808BB44
:10B17000012C0CD1944B5B7C13F0200F05D0984927
:10B180009848FFF7BDF8FFF7F1BA9749F8E78E4BFB
:10B190005C7C04F0DF04686802F02EFE40B12023DE
:10B1A0001C43894B5C748B48FEF798FFFFF7DEBAAF
:10B1B0000346F5E78D493046F8F7F2FF88BB012CCE
:10B1C00014D0022C1EDD686802F016FE0446A86842
:10B1D00002F012FE632C04D9B0F5006F01D2844254
:10B1E00015D38348FEF77AFFFFF7C0BA764BB3F862
:10B1F000E310B3F8E5208B185B107E48FFF780F86A
:10B20000FFF7B4BA7C48FEF769FFFFF7AFBA6E4AA2
:10B21000A2F8E340A2F8E5006E48FEF75FFFFFF7F3
:10B22000A5BA76493046F8F7BBFF00284CD1012C6F
:10B230001EDD686802F0E0FD0146461E032E1CD8A4
:10B24000022C23D1604B9B7C7200134103F003035B
:10B25000012B19D0022B15D0694B6C365A4A02EBE0
:10B260004602B2F803206748FFF74AF8FFF77EBAB4
:10B270006548FEF733FFFFF779BA6448FEF72EFF03
:10B28000FFF774BA624BE8E7624BE6E7A86802F0A2
:10B29000B3FD4D4A06F16C0302EB4303A3F8030030
:10B2A000927C730042FA03F303F00303012B09D0ED
:10B2B000022B05D052495848FFF722F8FFF756BA3B
:10B2C0005349F8E75349F6E754493046F8F768FF21
:10B2D00018BB012C0ADD686802F08EFD441E032CA9
:10B2E00009D94A48FEF7FAFEFFF740BA4C48FEF784
:10B2F000F5FEFFF73BBAE4B22046FDF729FD2046F4
:10B30000FDF7B2FF2046FEF7C3F82046FEF7F4FC37
:10B310004448FEF7E3FEFFF729BA43493046F8F701
:10B320003FFF8446002840F0E480012C40F38280F7
:10B33000686802F061FD8046461E032E00F2A1807F
:10B34000022C00F0A380022C7FF710AAA86802F05C
:10B3500053FD0746032800F2B9801B49B1F8D030ED
:10B36000B0000F22824023EA020307F00F0282405E
:10B370001343A1F8D030032C0EDDE86802F03CFD49
:10B380000346022F00F0A780421E1F2A00F2AC8065
:10B390000D4A324482F8D230244B0FCB10AC04E972
:10B3A0000F00094B334404EB870693F8D23056F86C
:10B3B000102C41461E48FEF7A3FFFFF7D7B900BF88
:10B3C00024300108FC3601086C0700200C37010806
:10B3D00020370108AC33010828370108303701084D
:10B3E000F82F0108AC3001083C3201083C37010855
:10B3F000A43701084837010864370108D03701082D
:10B40000A4320108FC370108DC37010828330108A1
:10B410007032010844320108103801082038010850
:10B4200028380108403801084438010898250108E7
:10B43000D43801084B4B0FCB10AC04E90F0010E0DF
:10B4400000230CF101044849614410AA02EB830275
:10B4500091F8D23052F8102C21464448FEF750FFA4
:10B46000A446BCF1030F3FF781A93F4BB3F8D0309E
:10B470004FEA8C02134113F00C0FE1D103F00F03DC
:10B48000DFE73B48FEF72AFEFFF770B9354B0FCBDD
:10B4900010AC04E90F00344BB3F8D030B2001341C4
:10B4A00013F00C0F02D103F00F0300E000232E492C
:10B4B000314410AA02EB830291F8D23052F8102CDA
:10B4C00041462A48FEF71CFFFFF750B92948FEF70E
:10B4D00005FEFFF74BB9421E622A7FF659AF264898
:10B4E000FEF7FCFDFFF742B92448FEF7F7FDFFF732
:10B4F0003DB923493046F8F753FE00287FF436A9BA
:10B50000012C13DD686802F077FC0146461E032E0D
:10B5100011D8022C14D0A86802F06EFCB0F5803F60
:10B5200017D31848FEF7DAFDFFF720B91648FEF7E3
:10B53000D5FDFFF71BB90E48FEF7D0FDFFF716B992
:10B540006436094B33F816201048FEF7D9FEFFF792
:10B550000DB96436044A22F816000D48FEF7BEFD08
:10B56000FFF704B9982501086C0700204C38010842
:10B570002833010868380108A0380108B8380108E4
:10B58000FC38010840390108083901082839010848
:10B59000AC33010808B50021044B1970044B197035
:10B5A0008022044804F081F808BD00BF050900208E
:10B5B000040900200809002030B5A9B00D2807D0E3
:10B5C00004460A2804D0B24B1B787E2B40F2D78168
:10B5D000AF4B1B78AF4A0021D15413B113782F2BF6
:10B5E00010D0AB4B1B7823B1AA4B1B782F2B00F04C
:10B5F000C1810021A64B19708022A64804F055F89D
:10B6000029B030BD0221A44802F09EFB08AC7F2285
:10B61000A249204604F063F800238DF89F300822E9
:10B6200069462046FEF73CFD0546002800F0B7803D
:10B63000009C9B492046F8F7B3FD002800F0B2803B
:10B6400098492046F8F7ACFD002800F0B0809649F4
:10B650002046F8F7A5FD002800F0AE80934920466B
:10B66000F8F79EFD002800F0AC8091492046F8F7DD
:10B6700097FD002800F0AA808E492046F8F790FD3B
:10B68000002800F0A8808C492046F8F789FD0028A2
:10B6900000F0A68089492046F8F782FD002800F0D6
:10B6A000A48087492046F8F77BFD002800F0A2809F
:10B6B00084492046F8F774FD002800F0A2808249F2
:10B6C0002046F8F76DFD002800F0A2807F49204653
:10B6D000F8F766FD002800F0A2807D492046F8F7C3
:10B6E0005FFD002800F0A2807A492046F8F758FD57
:10B6F000002800F0A28078492046F8F751FD002884
:10B7000000F0A28075492046F8F74AFD002800F0B5
:10B71000A28073492046F8F743FD002800F0A2807C
:10B7200070492046F8F73CFD002800F0A2806E49E1
:10B730002046F8F735FD002800F0A2806B4920462E
:10B74000F8F72EFD002800F0DF8069492046F8F761
:10B7500027FD002800F0DF8066492046F8F720FD2D
:10B76000002800F0DF8064492046F8F719FD002822
:10B7700000F0DF8061492046F8F712FD002800F054
:10B78000DF805F492046F8F70BFD002840F0DF809E
:10B790005C4B187069462846FEF7C4FF21E7594BF9
:10B7A000187026E7574B1870FEF7A8FC19E7554BA1
:10B7B0001870FEF7B9FD14E7524B1870FEF7C8FD7C
:10B7C0000FE7504B1870FEF745FF0AE74D4B187016
:10B7D000FEF75AFD05E74B4B1870FEF767FD00E7D3
:10B7E000484B1870FEF772FDFBE6464B1870FEF7EB
:10B7F0007DFDF6E6434B187069462846FEF792FF3A
:10B80000EFE6404B187069462846FEF78BFFE8E6E6
:10B810003C4B187069462846FEF784FFE1E6394B39
:10B82000187069462846FEF77DFFDAE6354B18703A
:10B8300069462846FEF776FFD3E6324B1870694614
:10B840002846FEF76FFFCCE62E4B18706946284657
:10B85000FEF768FFC5E62B4B187069462846FEF7D1
:10B8600061FFBEE6274B187069462846FEF75AFF6F
:10B87000B7E6244B187069462846FEF753FFB0E63A
:10B88000204B187069462846FEF74CFFA9E600BF1A
:10B890000509002008090020F825010809090020F1
:10B8A000543901085C390108643901086C39010810
:10B8B000743901087C390108843901088C39010880
:10B8C000D8320108BC330108083501087C3401086E
:10B8D000A4340108D034010844380108FC380108B8
:10B8E0002038010868350108303701082037010881
:10B8F000003601084C360108A8360108D037010887
:10B900003C37010804090020284B18706946284676
:10B91000FEF708FF65E6254B187069462846FEF7D6
:10B9200001FF5EE6214B187069462846FEF7FAFED5
:10B9300057E61E4B187069462846FEF7F3FE50E6A0
:10B940001A4B187069462846FEF7ECFE49E6174A7E
:10B95000137801331546137021461548FEF7D0FCC5
:10B960002B78022B7FF63DAE1248FEF7B7FB002284
:10B970002A7036E60221104802F0E6F939E62F284F
:10B9800008D0002B3FF43CAE591C0C4A11700C4AF5
:10B99000D05435E60021094D29708022084803F073
:10B9A00084FE01232B70064B1C7029E6040900203D
:10B9B00094390108AC390108E03901080509002073
:10B9C00008090020BFF34F8F0549CA6802F4E062FE
:10B9D000044B1343CB60BFF34F8F00BFFDE700BFA5
:10B9E00000ED00E00400FA0508B502F0ADF908BD6D
:10B9F00000B583B0AA238DF800308DF80100012333
:10BA00008DF802300B4601B1FF238DF8033003217E
:10BA10000DF10100FEF732FB8DF8040005216846A8
:10BA2000FFF7E2FF03B000BD10B582B00023019321
:10BA3000174C236C43F080532364236C03F0805332
:10BA40000193019BFBF720FD636F43F001036367E4
:10BA5000FBF70AFE04460E4B5B6F13F0020F04D196
:10BA6000FBF702FE001B6428F5D9094B1B6F13F48A
:10BA7000004F08D1064B1A6F42F400721A671A6F12
:10BA800042F400421A67034B034A1A65FFF79AFF14
:10BA90000038024000280040524D424C2DE9F0474A
:10BAA00084B0222800F088820F46144624D9412809
:10BAB00000F0FB823FD8312800F08882402800F057
:10BAC000D682302826D101F099FD18BB032C21D94C
:10BAD0008C4B1878FDF77CFFE0B138787B78B9782B
:10BAE000FA7841EA022109B203B14942032811D888
:10BAF00009B2FCF77BFF0DE0122800F00B810CD897
:10BB000010283AD011284ED0012803D1002101205D
:10BB1000FFF76EFF04B0BDE8F087202800F04382F5
:10BB20002128F7D1FDF7B2FD80F00101C9B2212033
:10BB3000FFF75EFFEEE7442800F0C3820FD84328EA
:10BB4000E8D1002A00F0B8820B78003B18BF01232F
:10BB50006D4A137000214320FFF74AFFDAE75228AD
:10BB600000F0C6825328D5D100215320FFF740FFB3
:10BB70006420FBF77FFDFFF725FFAA23634C2370AA
:10BB800010236370E722A2706149E01C03F031FECC
:10BB9000E921601CFEF772FA84F8EA00EB212046E6
:10BBA000FFF722FFB6E7E72A40F0A78001AB584C29
:10BBB0002068616803C32189A27A19809A70637C26
:10BBC0001D46D4F80B2016461B099846E722394635
:10BBD000204603F00EFE01AB03CB206061601A88A3
:10BBE0009B782281A372B4F8E330632B06D9B4F8B2
:10BBF000E520B2F5006F01D293420CD3444B0022F2
:10BC00006FF03F0183F8E31083F8E42083F8E52028
:10BC1000072283F8E620002200E00132032A3CDC00
:10BC20003B4B997C500041FA00F303F00303022BD5
:10BC300005DD0323834021EA0301354B9974344B1E
:10BC4000998C930041FA03F010F00E0F05D00F20ED
:10BC5000984021EA00012E4881842D49B1F87610E0
:10BC600041FA03F010F00E0F06D00F20984021EAA1
:10BC700000012748A0F876102549B1F8D01041FA04
:10BC800003F010F00C0FC8D00F2000FA03F321EAE4
:10BC900003011F4BA3F8D010BFE701F0AFFC78B948
:10BCA0001B4B5A7C2B46534013F00F0F04D1184BFB
:10BCB000D3F80B30B34205D000F0BCFEFDF7A2FC78
:10BCC000002313E088EA121313F0010FF8D0F3E712
:10BCD0001D46DAB214461046FDF7C6FA2046FDF7B7
:10BCE000D7FB2046FEF708F82B460133032BEFDD88
:10BCF00000211120FFF77CFE0CE701211120FFF746
:10BD000077FE07E7860A0020790A002088090020CC
:10BD10006C070020022A40F241813B787A7843EA9E
:10BD200002239846A21E92B291460A2B46D913448A
:10BD3000E72B00F22E81A448457CD0F80B602B093C
:10BD40009A4639460231404403F053FD01F056FC57
:10BD500068B99D4B5A7C2B46534013F00F0F04D10A
:10BD6000994BD3F80B30B3422DD000F063FE43461D
:10BD7000E62B41D84B44E32B19DD934AB2F8E3207C
:10BD8000632A07D99049B1F8E510B1F5006F01D2E7
:10BD90008A420CD38C4A00216FF03F0082F8E30006
:10BDA00082F8E41082F8E510072182F8E610424696
:10BDB000122A21D8122B22DD00230BE002211220AF
:10BDC000FFF716FEA6E68AEA121313F0010FCED093
:10BDD000CBE70133032B0FDC7B4A917C580041FAFF
:10BDE00000F202F00302022AF3DD0322824021EA7C
:10BDF0000201754A9174ECE74346252B18D8434657
:10BE00004B44242B17DD002300E00133032B0FDC10
:10BE10006D4A928C990042FA01F010F00E0FF4D0A6
:10BE20000F2000FA01F122EA010267498A84ECE757
:10BE30004346772B1AD843464B44762B19DD002313
:10BE400000E00133032B11DC5F4AB2F87620990041
:10BE500042FA01F010F00E0FF3D00F2000FA01F1BA
:10BE600022EA01025849A1F87620EAE74346D12B9D
:10BE70001AD843464B44D02B19DD002300E0013390
:10BE8000032B11DC504AB2F8D020990042FA01F09D
:10BE900010F00C0FF3D00F2000FA01F122EA01029A
:10BEA0004949A1F8D020EAE74346D52B26D8434696
:10BEB0004B441D46D02B0FDC4346122B1ED8122DAF
:10BEC0001FDD002318E01C46D8B2FCF72FFF2346E5
:10BED0000133032BF7DDEFE70023FAE71D46DAB263
:10BEE00014461046FDF7C0F92046FDF7D1FA20466A
:10BEF000FDF702FF2B460133032BEFDD4346132BE7
:10BF000018D843464B44132B17DD002310E01D4681
:10BF1000DAB214461046FCF71BFF2046FDF7A4F9E1
:10BF20002046FDF7B5FA2046FDF7E6FE2B46013325
:10BF3000032BECDD43466D2B12D842464B46D318FB
:10BF40002E2B19DC2D2A0BD8242B0CDD002305E029
:10BF50001C46D8B2FDF788F923460133032BF7DDE1
:10BF60004346CF2B03D843464B44762B0FDC0021AE
:10BF70001220FFF73DFDCDE50023EFE71C46D8B2C8
:10BF8000FDF786FA23460133032BF7DDEFE70023A5
:10BF9000FAE701211220FFF72BFDBBE5012112205A
:10BFA000FFF726FDB6E5FDF72DFB80F00101C9B2D4
:10BFB0002020FFF71DFDADE5FDF77CFC00212220D0
:10BFC000FFF716FDA6E500BF6C07002001F016FB89
:10BFD00000287FF49FAD0F2C7FF69CAD3B787A78DC
:10BFE00043EA0223BA7843EA0243FA7843EA026357
:10BFF00000EE103A3B797A7943EA0223BA7943EAB0
:10C000000243FA7943EA02653B7A7A7A43EA0223E9
:10C01000BA7A43EA0243FA7A43EA02663B7B7A7BC6
:10C0200043EA0223BA7B43EA0243FA7B43EA02670C
:10C03000344C2178B8EEC00AFDF7EAFC217807EE0F
:10C04000905AB8EEE70A0120FDF7E2FC217807EEEE
:10C05000906AB8EEE70A0220FDF7DAFC217807EED5
:10C06000907AB8EEE70A0320FDF7D2FC52E5012AE8
:10C0700016D90B784A7843EA0223234A1360132B1C
:10C0800002D8134614221A60204B01221A70FBF7C3
:10C09000EBFA1F4B186000214020FFF7A9FC39E59F
:10C0A00001214020FFF7A4FC34E50021174B197053
:10C0B0004120FFF79DFC2DE501214320FFF798FC6F
:10C0C00028E582B10B78003B18BF0123114A137099
:10C0D00023B900214420FFF78BFC1BE5FBF7C4FAD2
:10C0E0000D4B1860F5E701214420FFF781FC11E5B5
:10C0F00000215220FFF77CFC6420FBF7BBFAFFF71E
:10C1000093FC00BF860A0020800A00207A0A0020E3
:10C110007C0A0020780A0020740A00202DE9F843E8
:10C12000264B1D88013DADB24FF6FF739D4238D0BE
:10C1300000240DE094B20BE0214A12F80390601C39
:10C14000B11C1044FDF79AFF814518D00134A4B208
:10C15000A31CAB4225DA1A4A125DAA2AF6D1621C48
:10C1600017498F5CCE5C06F10408E72EE2D808EB95
:10C170000403013BAB42DFDD0134A4B2E8E7E11C7C
:10C1800032460F4B19443846FFF788FC04EB08038E
:10C190009BB2EB1A9DB26E1CB6B226B9074B1E803D
:10C1A0004EB9BDE8F88308EB040105483246014466
:10C1B00003F062FAF2E70024CAE700BF880A002011
:10C1C0008C0A002038B500244FF000050A4B1C8073
:10C1D0000A4B1C804FF480522146094803F065FA4F
:10C1E000084B1D70084B1C60084B1D70084B1D70E0
:10C1F000084B1C6038BD00BF880A0020840A00205C
:10C200008C0A00207A0A0020800A0020790A002087
:10C21000780A0020740A002038B505462E4B1970A4
:10C220002E4B1A88B2F5805F26D3002101E0013140
:10C2300089B28A4203D92A4B5B5CAA2BF7D179B920
:10C240006AB1274B9B78E72B0CD9012101E0013122
:10C2500089B28A4203D9224B5B5CAA2BF7D109B180
:10C260008A4215D88A4202D81C4B00221A801B4BE6
:10C270001A88B2F5805F15D21A4B00221A80174A2D
:10C280001388591C1180164AD554FFF747FF38BD53
:10C29000531A1C4612481A46014403F0EDF90F4B9D
:10C2A0001C80E4E70F490B8801339BB20B80642BA1
:10C2B000EDD90B4B1B78AA2BE9D1531E1C460A491A
:10C2C0001A46481E03F0D8F9044B1C80054B002287
:10C2D0001A80FFF723FFDAE7860A0020880A002089
:10C2E0008C0A0020840A00208D0A0020644B1B78F1
:10C2F00003B9704770B5A4B0FBF7B6F9614B1B6882
:10C30000C31A614A126893426FD35E4B18600024CF
:10C310000EE0E6B23046FCF7BDFC24AB03EB84052F
:10C3200045F8100C3046FCF7EDFC45F8200C0134C4
:10C33000032CEEDD554B1B78002B58D11C4661E0D9
:10C34000E6B23046FCF7E8FC24AB03EB840545F885
:10C35000900C3046FDF72CFB05ED200A0134032C30
:10C36000EEDDAA238DF82030F0238DF8213048230C
:10C370008DF8223020AC0FCCCDF82300CDF827105B
:10C38000CDF82B20CDF82F3004AC0FCCCDF83300F6
:10C39000CDF83710CDF83B20CDF83F301CAC0FCC9A
:10C3A000CDF84300CDF84710CDF84B20CDF84F30F5
:10C3B0006C460FCCCDF85300CDF85710CDF85B206C
:10C3C000CDF85F30324B1B68CDF86330314B1B68C2
:10C3D000CDF867304A210DF12100FDF74FFE8DF8B1
:10C3E0006B004C2108A8FFF7FFFA24B070BD0024B1
:10C3F000B5E7E0B2FDF7DCFA24AB03EB840303ED11
:10C40000200A0134032CF4DDAA238DF82030F02318
:10C410008DF8213038238DF8223020AC0FCCCDF8A8
:10C420002300CDF82710CDF82B20CDF82F3004AC09
:10C430000FCCCDF83300CDF83710CDF83B20CDF838
:10C440003F301CAC0FCCCDF84300CDF84710CDF8F1
:10C450004B20CDF84F300E4B1B68CDF853300D4BB1
:10C460001B68CDF857303A210DF12100FDF706FE8B
:10C470008DF85B003C2108A8FFF7B6FAB5E700BFCE
:10C480007A0A00207C0A0020800A0020780A002016
:10C49000901B00208C1B002000B585B0AA238DF8CE
:10C4A0000430F1238DF8053006238DF806308DF821
:10C4B00007008DF808108DF80920C2F307238DF8C6
:10C4C0000A30C2F307438DF80B30120E8DF80C20A2
:10C4D00008210DF10500FDF7D1FD8DF80D000A21B1
:10C4E00001A8FFF781FA05B000BD0000184B1B78CA
:10C4F0006BB300B58BB0AA238DF80430F2238DF80E
:10C50000053020238DF80630002311E05A0010F882
:10C5100013102B326A4402F8241C30F813109A1CB2
:10C52000090A0DF1280C0CEB420202F8241C01331D
:10C530000F2BEBDD22210DF10500FDF79FFD8DF89E
:10C540002700242101A8FFF74FFA0BB000BD704768
:10C55000790A0020064BB3FBF0F04F2803D9B0F561
:10C56000C87F02D87047502070474FF4C870F9E771
:10C57000C0C62D002DE9F04705468846A54BB3F807
:10C58000E360B3F8E570A7EB060909EBD979C9F3C5
:10C590004F09BE420BD2B7F5006F13D2B9F1000FAD
:10C5A0000AD14FF448794FF4E067C02604E04FF415
:10C5B00048794FF4E067C02606EB090A1FFA8AFAA9
:10C5C000002496E04FF448794FF4E067C026F3E783
:10C5D00035F8133007EE103AB8EEC77A37EE467AE0
:10C5E000C7EE267AB7EE007AF4EEC77AF1EE10FACB
:10C5F00019DDF7EE007A231D42FA03F313F0010F61
:10C600001ED0844BB3F8D8300B4103F00F0335F83C
:10C610001330A3EB0A03102B30DC13F1100F30DAC8
:10C62000BFEE000A0EE0BFEE007AF4EEC77AF1EE3C
:10C6300010FAE0D5FFEE007ADDE7DFED777ADAE792
:10C64000B7EE000A734B9B7C6200134103F00303B7
:10C65000022B19D0012B29D004F16C026D4B03EB96
:10C660004203B3F8033007EE103AB8EE477AABB3A3
:10C67000B3F57A7F34D99FED697A31E0B7EE000ADD
:10C68000E0E79FED650ADDE704F16C02614B03EB27
:10C690004203B3F8033007EE103AB8EE477A092B9D
:10C6A00001D89FED5F7A67EE877A1BE004F16C0298
:10C6B000584B03EB4203B3F8033007EE103AB8EEE1
:10C6C000477A33B144F62062934204D99FED557AFC
:10C6D00001E09FED557A67EE877A03E09FED4F7A90
:10C6E00067EE877A414620EE270AE0B2FDF790F91F
:10C6F0000134032C00F38C80464BB3F8D630A100F4
:10C700000B4103F00F0335F81320B24213D3BA42A2
:10C7100011D8464830F81300824202D2434820F82C
:10C72000132035F81320424830F81300824202D912
:10C730003F4820F8132007EE90AAB8EE676A07EE8C
:10C74000909AF8EE676A3A4A32F81300374A32F89C
:10C75000132090422FD94FF6FF7C62452BD0AAF1CF
:10C76000100C624527DA0AF1100C604523DD07EE54
:10C77000902AF8EE677A07EE100AB8EE477A77EE5D
:10C78000877AB6EE007A67EE877A9FED2A7A36EEE0
:10C79000077AB4EEE77AF1EE10FA01D4B0EE677AD8
:10C7A000DFED247A36EE676AB4EEC76AF1EE10FA6E
:10C7B00001DCB0EE476AB9F1000F01D1F7EE006A73
:10C7C000144A92F8DA2042FA04F010F0010F3FF414
:10C7D000FFAE35F813309B1B07EE903AB8EEE77AC0
:10C7E000BB1B06EE903AF8EEE66AC7EE267AF5EE47
:10C7F000C07AF1EE10FA3FF520AFB7EE007AF4EE12
:10C80000C77AF1EE10FA7FF7F6AEF7EE007AF2E6AD
:10C81000BDE8F0876C0700200000000000007A44AB
:10C820000000614500409C4600401C466C1B0020F7
:10C830004C1B00200000004370B584B0204B1A5CF4
:10C84000003A18BF01224FF400511E48FAF794FB3A
:10C850001D4C1E4B63604FF4806323614FF4005600
:10C86000E6600025A560042363612046FBF760FDB8
:10C870002046FBF7C7FC2620FAF792FE00952368B6
:10C880001A6800925A680092009A01951A680192FB
:10C890005A680192019A02951A6802925A680292A5
:10C8A000029A03951A6803925B680393039B3246CE
:10C8B00007492046FCF734F8064B1D6004B070BDF4
:10C8C000943C0108000802404C020020A0860100B0
:10C8D000DC3B0020141B002030B585B01F4B1A5CD8
:10C8E000003A18BF01224FF400511D48FAF744FBEB
:10C8F0001C4D1D4B6B6000242C61EC60AC60284625
:10C90000FBF716FD2846FBF77DFC2620FAF748FECC
:10C9100000942B681A6800925A680092009A019459
:10C920001A6801925A680192019A02941A68029256
:10C930005A680292029A03941A6803925B680393FE
:10C94000039B4FF4005209492846FBF7E9FF084BC7
:10C950001C60084B1C7005B030BD00BF903C010846
:10C96000000802404C020020A0680600DC3B0020CA
:10C97000141B0020361B002030B585B00446234B25
:10C980005A5C003A18BF01224FF400512048FAF7D0
:10C99000F3FA204B53F824301F4D6B6000242C61B8
:10C9A000EC602846FBF7C4FC2846FBF72BFC26204E
:10C9B000FAF7F6FD00942B681A6800925A68009204
:10C9C000009A01941A6801925A680192019A02949D
:10C9D0001A6802925A680292029A03941A680392A1
:10C9E0005B680393039B4FF400520C492846FBF706
:10C9F00097FF0B4B1C600B4B1C700B4B1C700B4BB5
:10CA00001C700B4B1C7005B030BD00BF903C010882
:10CA100000080240603C01084C020020DC3B002082
:10CA2000141B0020111B0020101B00200F1B0020D6
:10CA30000C1B002030B585B000243C4B1C703C4BD7
:10CA40001C603C4B1C603C4B1C803C4B1C70FAF740
:10CA50000BFE3B4B1860FAF707FE3A4B1860234673
:10CA600009E0394A4FF6FF7122F81310374A0021C6
:10CA700022F8131001330F2BF3DD354C627CC2F327
:10CA800000124FF400513348FAF776FA324D284637
:10CA9000FBF74EFCD4F80B306B60637C03F00F03A4
:10CAA000012B3CD02C4B00221A61DA602A4C002565
:10CAB000A560042363612046FBF7A4FB2620FAF758
:10CAC0006FFD2368DA6822F02002DA60DA6822F467
:10CAD0008072DA605A6922F001025A6100951A6880
:10CAE00000925A680092009A01951A6801925A6859
:10CAF0000192019A02951A6802925A680292029A69
:10CB000003951A6803925B680393039B134B4FF0E2
:10CB100000621349204600F0C1FF05B030BD4FF45C
:10CB200080622A614FF40052EA60BFE7B81B002020
:10CB3000901B00208C1B0020D81B00203D1B0020D8
:10CB4000B41B0020481B00206C1B00204C1B002045
:10CB50006C070020000802404C020020DC3B002053
:10CB60008860024010B5674B1B78012B44D0032B23
:10CB700065D0022B00F08680092000F05FFDFDF7F4
:10CB8000C9F8FCF77FFA5F4B1B78002B40F09980C7
:10CB90005C4B1B78002B00F0A6805B4B587CD3F8D5
:10CBA0000B20C0F3001100F00F00FFF775FC574C8D
:10CBB0002046FBF7F5FEFFF73DFF2046FBF7F0FEB2
:10CBC000504B1B78002B00F098804F4B5B7C03F0A0
:10CBD0000F03012B00F08F80032B00F08A804C495B
:10CBE000494BD3F80B204B48FDF78AFB00234A4AF8
:10CBF00013704A4A137010BD434A537C23F00F014F
:10CC000041F00101517400206FF05F01D1726FF0AB
:10CC10007901117301215173907323F01F030B43AA
:10CC20003F4909783F4C615C090101F010010B4359
:10CC300053743D4B1870062000F000FD9FE7324A08
:10CC4000537C23F00F0141F00301517400206FF079
:10CC50005F01D1726821117306215173907323F023
:10CC60001F0343F003032E490978304C615C09012E
:10CC700001F010010B4353742B4B1870082000F087
:10CC8000DDFC7CE720494B7C23F00F0242F00202DE
:10CC90004A74274A1078274A52F82020C1F80B20FE
:10CCA00023F01F0343F002031D4A12781F48825CE1
:10CCB000120102F0100213434B74072000F0BEFC77
:10CCC0005DE7FCF76DFD18B11048FBF769FE5FE703
:10CCD0001948FDF715FBFCF795FC0028F4D117481F
:10CCE000FDF70EFBF0E71A4619461846FFF7D4FB8E
:10CCF0005DE7134974E7134972E71348FDF700FB3A
:10CD000074E700BF381B00206C070020F8010020EA
:10CD1000C82F0108683A01083C1B00203B1B00207B
:10CD20003A1B0020943C0108441B0020903C010861
:10CD3000391B0020603C0108203A0108503A0108E4
:10CD4000D82F0108D02F0108803A010830B583B0F0
:10CD50001F4C2046FBF7ECFA4720FAF721FC23682A
:10CD6000DA6822F02002DA60DA6822F08002DA6003
:10CD7000DA6822F04002DA60164D00232B80164B51
:10CD80004FF020621549204600F088FE2B88ADF850
:10CD9000063006E00DF106020D4BD96B0E4800F08F
:10CDA000D9FEBDF806200A4BD96B0B4800F0C2FE35
:10CDB0000028EFD1074BBDF806201A8000F074FF61
:10CDC0004FF020620649024800F0DAFE03B030BDA1
:10CDD00004020020D61B0020DC1B0020406402401F
:10CDE000A0640240012800D0704708B5034B01221F
:10CDF0001A70FAF739FC024B186008BD3D1B002081
:10CE0000401B002070B5A2B08D4B1D78032D00F0A3
:10CE1000068114D8012D18D0022D14D1894BDB6B5B
:10CE20001B685B689BB2C3F50054A4B2013B9BB284
:10CE3000B3F5005FC0F0978041F6FF7493E0042DD6
:10CE400001D1FFF78FFE22B070BD7E4BDB6B1B68FC
:10CE50005B689BB2C3F50054A4B2013B9BB2B3F52F
:10CE6000005F16D341F6FF7413E0774B1970774BD0
:10CE700001221A700DE0764B01221A70744B1B7858
:10CE8000012B30D16E4B04221A70DCE76F4B00226D
:10CE90001A70704B1B689C42F0D06F4AD15C013312
:10CEA000C3F30C036B4A1360684B1B780BB90F2953
:10CEB000DBD05A1ED2B2172AE8D85A1CD2B2634825
:10CEC00002706148C154182AE3D9FDF703F830B164
:10CED000624A13780133DBB21370012BCBD85B4B62
:10CEE00000221A70D5E7FAF7BFFB5D4B1B68C01A2A
:10CEF0006328A8D95B4B18780130C0B2187001289C
:10CF000011D90024574B1C702046FFF7E5FC534B0A
:10CF10001C704E4B1C704A4B02221A70FAF7A4FB8D
:10CF20004F4B18608FE7FFF787FC00234B4A1370C5
:10CF3000464A1370FAF798FB494B186083E7424B57
:10CF40001970424B01221A700DE0414B03221A70F6
:10CF50003F4B1B78032B30D1394B04221A7072E7F8
:10CF60003A4B00221A703B4B1B689C42F0D03A4A65
:10CF7000D15C0133C3F30C03364A1360334B1B7887
:10CF80000BB9C829DBD05A1ED2B2182AE8D85A1CCD
:10CF9000D2B22E4802702C48C154192AE3D9FCF7AA
:10CFA000BFFF30B12D4A13780133DBB21370012B70
:10CFB000CBD8264B00221A70D5E7FAF755FB284B41
:10CFC0001B68C01A4F287FF63EAF264B18780130F9
:10CFD000C0B21870012816D90024234B1C70214BB5
:10CFE0001C7021462046FFF7C7FC204B1C70204BCD
:10CFF0001C70204B1C70124B03221A70FAF734FB82
:10D00000174B18601FE7FFF767FC0023134A1370E4
:10D010000E4A1370FAF728FB114B186013E7094BFF
:10D02000DB6B1B685B689BB2C3F50056B6B2013B75
:10D030009BB2B3F5005F33D341F6FF7630E000BF1B
:10D040003C1B00204C0200201C1B0020361B002033
:10D05000381B0020141B0020DC3B0020371B002065
:10D06000181B00203A1B0020391B0020111B002038
:10D070000F1B00200C1B0020002B2FD0012B04D1F4
:10D08000644B1C70644B02221A70644B1B78002B9B
:10D0900040F08180624B1B78002B66D12F2C5DD035
:10D0A000604B1B689E4276D05F4AD45C0133C3F369
:10D0B0000C035C4A1360584B1B78022B14D0DBD94D
:10D0C000032B23D0042BE0D1524B1B788DF8043076
:10D0D000564B19788DF8051000232FE0AA2CD4D1D7
:10D0E0004D4B01221A70D0E7802C0BD84F4B1C708F
:10D0F0004F4B00221A701CB90422474B1A70C4E728
:10D100002A46FAE7444B00221A70BEE748490A78DB
:10D11000531CDBB20B7047498C54444A127893423B
:10D12000B3D33D4B04221A70AFE74248C05C03F111
:10D130008A026A4402F8840C0133DBB29942F4D8C3
:10D14000023101A8FCF79AFFA04203D0324B002223
:10D150001A709AE7314B02221A7096E7304B01227F
:10D160001A70354B00221A709AE70D2C10D00A2C39
:10D170000ED0203CE4B25E2C15D82F4A1378013330
:10D18000DBB21370142B8BD9254B00221A7087E762
:10D19000224B02221A70214B1B78022B07D1274BFE
:10D1A00004221A704FE61E4B00221A7078E7FAF735
:10D1B0005BFA234B1D68451B224B1C78224B53F80E
:10D1C0002400FFF7C7F98542FFF43DAE1F4B1978E5
:10D1D0000131C9B2197001290CD91C4B00221A70F7
:10D1E000601CC0B2174B18700B280BD9134B0422CC
:10D1F0001A7028E62046FFF7BFFBFAF735FA104B06
:10D20000186020E61146FFF7B7FBFAF72DFA0C4B32
:10D21000186018E60E1B00200F1B0020381B002092
:10D22000111B0020141B0020DC3B00200D1B0020E4
:10D230000C1B00208C1A0020101B00203C1B00201F
:10D24000181B0020391B0020603C01083A1B0020FD
:10D25000144B1B7803B1704710B50123114A1370AA
:10D26000114A13700024114B1C70114B1C70114B90
:10D270001C70114B1C70114B1C70114B1C70114B0E
:10D280001C70114B1C70114B1C70052000F0D6F95E
:10D29000FCF740FD2046FFF7CFFAFAF7E5F90C4B13
:10D2A000186010BD3B1B00203C1B00203A1B0020D7
:10D2B000391B0020381B0020371B0020361B0020A4
:10D2C000111B0020101B00200F1B00200C1B002036
:10D2D000181B0020F0B589B0A04B5F7CC7F3401746
:10D2E00087F001069E4B1A889E4BD96B9E4800F032
:10D2F00021FC0DE09A4A9B4BD96B9B4800F02AFC1D
:10D3000005463146FEF788FF2846FEF755F92046C8
:10D31000431E9CB20028EDD1944B1B7853B1FFF70C
:10D3200071FD934B1B78002B40F04F81FEF7DEFF21
:10D3300009B0F0BD8F4B1A888F4BD96B8F4800F026
:10D34000F9FB864B5B7C03F00F03012B2AD0032BE8
:10D3500040F03681A6E08A4B18708A4B01221A7081
:10D360001FE0894A136801331360FAF77DF9874B90
:10D370001860874B00221A70DFF824C265466E469B
:10D380000FCE0FC596E80F0085E80F006046FFF747
:10D39000ADF839466846FFF7EDF82BE0794B0022EF
:10D3A0001A702046431E9CB240B3724A724BD96B2E
:10D3B000724800F0CFFB734B1B780BB90F28CAD013
:10D3C0005A1ED2B2172AE9D85A1CD2B26D490A7035
:10D3D0006B49C854182AE4D96E4A136801331360A4
:10D3E000FAF742F96C4B186069466548FCF7DAFCBD
:10D3F0000028B6D1634B00221A70D2E7614B1B782C
:10D40000F3B9634B1B78042B8BD8FAF72DF95F4BDC
:10D410001B68C31A40F6B832934282D95C4A13782B
:10D4200001331370FAF720F9584B18605B4C204613
:10D43000FBF7B6FAFFF7FEFA2046FBF7B1FA70E702
:10D44000FAF712F9544B1B68C31A142BD9D94D4B58
:10D4500000221A70D5E74A4B18704A4B01221A7005
:10D460001FE0494A136801331360FAF7FDF8474B90
:10D470001860474B00221A70DFF824C165466E46DB
:10D480000FCE0FC596E80F0085E80F006046FFF746
:10D490002DF839466846FFF76DF82BE0394B00222E
:10D4A0001A702046431E9CB240B3324A324BD96BAD
:10D4B000324800F04FFB334B1B780BB9C828CAD059
:10D4C0005A1ED2B2182AE9D85A1CD2B22D490A7073
:10D4D0002B49C854192AE4D92E4A13680133136022
:10D4E000FAF7C2F82C4B186069462548FCF735FD61
:10D4F0000028B6D1234B00221A70D2E7214B1B78AB
:10D5000003BB234B1B78042B3FF60BAFFAF7ACF8A9
:10D510001E4B1B68C31A40F6B83293427FF601AF28
:10D520001B4A137801331370FAF79EF8174B1860F3
:10D530001A4C2046FBF734FAFFF77CFA2046FBF73B
:10D540002FFAEEE6FAF790F8134B1B68C31A142B68
:10D55000D7D90C4B00221A70D3E700BF6C0700200C
:10D56000D61B002004020020DC1B00203B1B0020F7
:10D570003D1B0020D81B00204C020020DC3B00207B
:10D58000BC1B0020B81B00208C1B0020481B002067
:10D59000441B0020901B0020B41B0020F801002039
:10D5A000941B0020104A114BD96B114800F0D2FA9D
:10D5B00005463946FEF730FE2846FDF7FDFF2046BA
:10D5C000431E9CB20028EDD1ABE6FAF74DF8094BAB
:10D5D0001B68C01AB0F57A7F7FF6A8AE064B002212
:10D5E0001A70FFF735FEA1E6D81B00204C02002080
:10D5F000DC3B0020401B00203D1B0020014B187825
:10D60000704700BF3B1B002008B50022064B1A7074
:10D61000064B1A60064B1A70064B1A70102106480A
:10D62000F9F7AAFC08BD00BFE45B0020E05B002026
:10D63000DD5B0020DC5B00200000024008B50A4BE7
:10D640001B78834200D108BD074B1870FAF70CF81D
:10D65000064B18600022064B1A70064B1A701021F8
:10D660000548F9F789FCEEE7E45B0020E05B002069
:10D67000DD5B0020DC5B00200000024010B5F9F704
:10D68000F3FFB24B1C68041BB14B1B78052B00F059
:10D69000F28019D9082B00F03D8155D8062B00F0F7
:10D6A000F880072B28D1AB4B1B78012B40F21A8155
:10D6B00000221021A848F9F75FFCB4F5FA6F1BD9D6
:10D6C0000320FFF7BBFF17E0022B71D015D8002B0A
:10D6D0004DD0012B10D1A14AA2FB043292094FF484
:10D6E0007A7303FB1242B2F5FA7F34BF00220122A3
:10D6F00010219948F9F740FC10BD032B6AD0042B88
:10D70000FAD1A308964AA2FB03235B0940F24C42DC
:10D7100002FB13439BB2C72B40F28F80B3F5C87F47
:10D72000C0F09180B3F5167FC0F09380B3F5487FC9
:10D73000C0F09580B3F57A7F80F0978000221021A9
:10D740008548F9F719FCD7E7092B00F01A810A2B55
:10D75000D2D1844BA3FB0432C2F3401282F0010207
:10D7600002F0010210217C48F9F706FCC4E7794B6E
:10D770001B78022B16D87B4AA2FB0432C2F3471255
:10D78000D24302F0010210217348F9F7F5FB714B07
:10D790001A78C82302FB0333A342ADD801326D4B84
:10D7A0001A70A9E7002210216B48F9F7E5FBA3E7FF
:10D7B0006A4AA2FB043292094FF47A7303FB1242C5
:10D7C000B2F5487F34BF0022012210216248F9F7E8
:10D7D000D3FB91E7A308624AA2FB03235B0940F253
:10D7E0004C4202FB13439BB2952B0ED9B3F5967FA7
:10D7F00011D3B3F5E17F14D3B3F5167F17D201220D
:10D8000010215548F9F7B8FB76E70022102152485D
:10D81000F9F7B2FB70E7012210214F48F9F7ACFB92
:10D820006AE7002210214C48F9F7A6FB64E70122C1
:10D8300010214948F9F7A0FB5EE700221021464875
:10D84000F9F79AFB58E7012210214348F9F794FBB6
:10D8500052E7002210214048F9F78EFB4CE70122E5
:10D8600010213D48F9F788FB46E7012210213A488C
:10D87000F9F782FB40E73B4AA2FB0442C2F30012E5
:10D8800082F0010202F0010210213348F9F774FB23
:10D8900032E7304B1B78022B17D8324AA2FB0432F6
:10D8A000C2F34712D24302F0010210212A48F9F7CD
:10D8B00063FB284B1A78C82302FB0333A3423FF6CD
:10D8C0001BAF0132234B1A7016E7002210212248A9
:10D8D000F9F752FBB4F5FA6F7FF60EAF0220FFF7AF
:10D8E000ADFE09E71F4AA2FB0432C2F34712D2433E
:10D8F00002F0010210211848F9F73EFB154B1A7887
:10D90000C82302FB0333A3423FF6F6AE0132114BAC
:10D910001A70F1E60F4B1B78032B25D8114AA2FB96
:10D920000432C2F34712D24302F0010210210A4826
:10D93000F9F722FB074B1A78C82302FB0333A342F3
:10D940003FF6DAAE0132034B1A70D5E6E05B0020F9
:10D95000E45B0020DC5B002000000240D34D62103D
:10D96000DD01CA1D1F85EB51002210211448F9F773
:10D9700003FBB4F5FA6F7FF6BFAE0420FFF75EFE3F
:10D98000BAE6104BA3FB0423DB094FF4FA6202FB57
:10D9900013439BB2B3F57A7F0CD20B4AA2FB03234D
:10D9A000C3F34712D24302F0010210210448F9F7F1
:10D9B000E3FAA1E6012210210148F9F7DDFA9BE61E
:10D9C00000000240D34D62101F85EB51054B1A68D1
:10D9D000536923F080035361034B1B889BB2034AB6
:10D9E00013807047EC7B0020EA5B0020E85B00209E
:10D9F00008B5174B1A8892B2164B1B889BB29A42F5
:10DA000013D0154B1A68536913F0800F0DD1114BC9
:10DA1000198889B20E4B1B889BB28B4206D90C4BDE
:10DA20001B889BB25B1A9BB223B908BDC1F500539A
:10DA30009BB2F9E709480380506940F080005061CB
:10DA40000432074801440748F9F79EFBEDE700BFA1
:10DA5000EA5B0020E85B0020EC7B0020E65B002016
:10DA6000EC5B0020F07B002008B5094B1A68536975
:10DA700023F08003536107490B88074A128892B24A
:10DA800012FA83F3C3F30C030B80FFF7B1FF08BD59
:10DA9000EC7B0020E85B0020E65B002070B582B0E4
:10DAA00005461E461F4B99422DD8002300931E4B5E
:10DAB000186B40F4001018631B6B03F40013009301
:10DAC000009B184B99422BD8184C216062600022B1
:10DAD000A260E2604FF4806323616261A2614FF44F
:10DAE0008073E3614FF40033236262622046F9F7EA
:10DAF000E3FAEC63A5634FF4005231462846FAF787
:10DB00000FFF02B070BD00230193074B186B40F468
:10DB1000800018631B6B03F480030193019BD0E723
:10DB2000034CD2E70F64024000380240B07C002072
:10DB3000507C00200B68586880B2C0F5005080B25D
:10DB4000904202D3801A80B27047801A00F50050CC
:10DB500080B270470B68596889B2C1F5005189B22B
:10DB600013888B420AD0C05C01335942C3F30C03C3
:10DB7000C1F30C0158BF4B4213807047002070471F
:10DB800070B582B0064600681A4B186000251A4B23
:10DB90001D801A4B1D800195194B186B40F48000B5
:10DBA00018631B6B03F480030193019B154C2160E8
:10DBB00062604023A360E5604FF480632361656188
:10DBC000A561E5614FF40033236265622046F9F7F1
:10DBD00073FAB463A6630C4BE3630C4BE3642A460D
:10DBE00006214520F9F7C8FC4520F9F7D5FC02B01D
:10DBF00070BD00BFEC7B0020EA5B0020E85B0020EA
:10DC000000380240F07B002069DA0008CDD9000816
:10DC100038B596461A46002B3DD003889BB20C8837
:10DC2000A4B2A3420BD3E41A41F6FF7111FA84F4B3
:10DC3000A4B2944200D3144674B3002116E0E41A4F
:10DC4000A4B2013CA4B2F4E71EF801C0134A02F8E2
:10DC500003C00133D3F1000CC3F30C03CCF30C0C61
:10DC600058BFCCF100039BB2013189B28C42EBD892
:10DC7000EFF31082154672B60380094B1A8892B2F0
:10DC8000084B1B889BB29A4202D12DB962B603E0C1
:10DC9000FFF7AEFEF9E71C46204638BDEC5B0020DE
:10DCA000EA5B0020E85B002010B582B0F9F7DCFCED
:10DCB000044605E0019B01330193019B632BF9DDD1
:10DCC000174B1A8892B2174B1B889BB29A4208D006
:10DCD000F9F7CAFC001BB0F5FA7F02D200230193CA
:10DCE000EBE70F4B1A8892B20E4B1B889BB29A42FD
:10DCF00001D102B010BD0C4C2046F9F77AFA0B4B5B
:10DD00001A68536923F080035361054B1B889BB24B
:10DD1000044A1380064BE363064BE364E9E700BF64
:10DD2000EA5B0020E85B0020F07B0020EC7B002019
:10DD300069DA0008CDD9000808B50248F9F7B6FA43
:10DD400008BD00BFF07B0020F0B583B006460D464D
:10DD5000F9F78AFC0746002406E0019B0133019392
:10DD6000019BB3F5FA6FF8DBAC4212D22B1B9BB2CE
:10DD7000321909490948FFF74BFF204484B2A542F4
:10DD800007D9F9F771FCC01BC82802D800230193FA
:10DD9000E6E7204603B0F0BDE85B0020EA5B002028
:10DDA000DFF834D0FAF702FE0C480D490D4A002383
:10DDB00002E0D458C4500433C4188C42F9D30A4A40
:10DDC0000A4C002301E013600432A242FBD301F0AD
:10DDD000E9FCF7F727FB7047000001200000002056
:10DDE000D4010020D0400108D4010020607E002032
:10DDF000FEE7002100F014BE0A22002100F096BECA
:10DE000070B504460D4645EC104B164603F036FB44
:10DE100051EC100B7EB1C5F30A53C3F16B03002B19
:10DE200009DD1B0503F17F55002405F54015224649
:10DE30002B46F6F7D9FB41EC100B70BD000000003B
:10DE40002DE9F04F9FB00E461792002204901A92CF
:10DE50004FF000084FF0000919910A782B2A0D465F
:10DE600001F101011CD00AD80D2A05D8082AF3D8DF
:10DE700072B100230B9382E0202AEDD0F9E72D2A1E
:10DE800010D10122691C19910B926A78002A37D1AE
:10DE9000179B1996002B40F0A88542464B462AE076
:10DEA0000022EFE700210B91302A40F09D806A7834
:10DEB00002F0DF02582A5AD102930B9B01931AAB4E
:10DEC0000093874A04981BAB19A902F0B9FB10F024
:10DED0000F04064605D0062C14D1013500231995F0
:10DEE0000B93179B002B40F082850B9B002BD4D00B
:10DEF000424609F1004343EC102B1FB0BDE8F08F00
:10DF00000D46D1E71A9A3AB135211CA803F0AFFBB0
:10DF10001A99049802F066FF013C042C06D8DFE849
:10DF200004F014031E211400DDE91C89F10548BF2B
:10DF300049F0004929F000431B0D1B05002BD0D1EF
:10DF400001F02AFC22230360CBE7DDE91C831B9A46
:10DF500023F4801302F2334243EA0259E6E7DFF882
:10DF60008891E3E76FF000494FF0FF38DEE70135B5
:10DF700019952B78302BFAD0002BB2D001234FF01B
:10DF8000000A07932846CDF838A0D3460A23047820
:10DF9000A4F13002092A29D95249012201F08DFB4E
:10DFA000002836D00020224606905C460146652AAD
:10DFB00001D0452A16D124B9079B03433FF468AF2B
:10DFC0000024199E731C199372782B2A7FD02D2A56
:10DFD00000F083804FF0000CA2F13003092B40F2D7
:10DFE000898019960023ACE00023C8E7BBF1080F35
:10DFF000DCBF0E9A03FB024200F10100D5BF303AAC
:10E0000003FB0A420E92A2F1300A0BF1010B1990A8
:10E01000BDE7199B5A1C19925A78BBF1000F3BD0EF
:10E0200006905C46A2F13003092B11D90121BEE70D
:10E03000199B5A1C19925A780130302AF8D0A2F153
:10E040003103082B00F2D8840690199D0020044665
:10E05000303A00F1010319D006990594194406914C
:10E06000A4464FF00A0E0CF10107391B8B4215DC58
:10E07000059920EAE07001440134082904441CDCBD
:10E080000E990A2303FB01230E930023199A511CB6
:10E09000199152781846C5E75846CEE7BCF1080FEB
:10E0A00005DC0E990EFB01F10E91BC46DBE70AFB85
:10E0B0000EFC102FD8BFE246F7E70F29DCBF0A237A
:10E0C00003FB0A2AE1E700230693012174E74FF0DE
:10E0D000000CB31C1993B2787EE74FF0010CF8E7FF
:10E0E000803E0108963C01080000F07F199B5A1CF5
:10E0F00019925A78302AF9D0A2F13103082B3FF651
:10E1000071AFDDF864E0CDF814E0A2F130030A93BA
:10E11000059B013319931A780593A2F13007092F53
:10E120003BD9A3EB0E03082B44F61F633DDC0A9F8B
:10E130009F42A8BF1F460597BCF1000F02D0059B68
:10E140005B420593002C51D1079B03437FF4C9AE7A
:10E1500000297FF49DAE692A2BD028DC492A28D0DB
:10E160004E2A7FF495AE9F4919A802F087FC00283B
:10E170003FF48EAE199B1B78282B31D19A491CAAEB
:10E1800019A802F090FC05282AD11D9BDDF87080AB
:10E1900043F0FF4949F4E009A3E60A9B0A2707FB7D
:10E1A0000327A7F130020A92B2E70593C4E76E2A6B
:10E1B000D7E78E4919A802F061FC00283FF468AE49
:10E1C000199B8B49013B19A8199302F057FC10B910
:10E1D000199B01331993DFF828924FF0000880E66D
:10E1E000844801F015FB59EC108B7AE6DDE9053225
:10E1F0000E989B1ABBF1000F08BFA346102C0A9380
:10E200002646A8BF1026F6F775F9092C80468946E0
:10E2100013DC0A9B002B3FF464AE0A9B6FDD162BC8
:10E2200056DC754901EBC301D1E9000142464B467A
:10E23000F6F7DAF98046894653E66F4B03EBC603DF
:10E2400053E91223F6F7D0F9804650468946F6F78F
:10E2500051F902460B4640464946F6F70FF80F2C97
:10E2600080468946D5DD0A9BA4EB060A9A44BAF19A
:10E27000000F40F392802AF00F061AF00F0A4DD1DA
:10E28000B6F59A7F5ADC4946DFF870913611404660
:10E290000027012E76D1A1F15479584901EBC7012D
:10E2A00002464B46D1E90001F6F79EF9544B0A4667
:10E2B0000B4054498B42804640D8A1F580118B42D7
:10E2C00086BFDFF844914FF0FF3802F1547932E015
:10E2D0000A9AC4F125039342C5DB474DC4F10F04EC
:10E2E00005EBC40142464B46D1E90001F6F77CF943
:10E2F0000A9B1C1B05EBC405D5E9002398E71633E0
:10E30000B1DBDDE905239A1A3B4B03EBC203D3E9EA
:10E31000002340464946F6F791FA8BE7364901EB70
:10E32000CA0142464B46D1E90001F6F75DF9804645
:10E330008946002EA4D1002307939BE00024059476
:10E340000E940694049ADFF8B890222313604FF0DD
:10E3500000080E9B002B3FF4C4AD1A99049802F0FC
:10E3600041FD0699049802F03DFDDDE9040102F04B
:10E3700039FD0E99049802F035FD0498214602F00B
:10E3800031FDAEE5F20703D5D9E90023F6F72CF904
:10E390000137761009F108097BE7CCD0CAF1000AF1
:10E3A0004FEA2A161AF00F0A0DD11F2E2EDD002477
:10E3B00005940E940694049A22234FF000084FF01F
:10E3C00000091360C5E70C4B03EBCA0340464946FE
:10E3D000D3E90023F6F732FA80468946002EAAD008
:10E3E000E3E700BFA53C01086C3E01089D3C010825
:10E3F000D73C0108693E0108F83F0108D03F0108F9
:10E400000000F07F0000A07CFFFFEF7F16F01003FC
:10E4100018BF6A23754F079340464946F30703D553
:10E42000D7E90023F6F7E0F8761007F10807F5D1F1
:10E43000079B80468946ABB1C1F30A52C2F16B0318
:10E44000002B0F460EDD1F2B55DD342BDEBF4FF0AA
:10E45000FF33C2F14B029340B046CCBF4FF05C7922
:10E4600003EA01090022002340464946F6F724FB4F
:10E4700000289CD10E9B0093049823465A462946B7
:10E4800002F018FD0E9000283FF458AFDDE9052397
:10E490009B1A0A9A002AA8BF00231493002422EA98
:10E4A000E273169305940E9B0498596802F05CFC85
:10E4B000069000283FF446AF0E9B1A69023203F122
:10E4C0000C0192000C3001F094F949EC108B049887
:10E4D0001CAA1BA9CDE90C8903F040F81A9000286A
:10E4E0003FF430AF0498012102F07AFD0590034615
:10E4F00040B9059326E74FF0FF3202FA03F303EA2F
:10E500000008AFE71B9D079A002DABBF149B169B1D
:10E51000169E149FACBFEF185E1B1C9BAD1A1D44CA
:10E52000334A013D9542C3F1360354DA3149521B57
:10E530008D42A3EB02034FF0010140DB01FA02FA26
:10E54000002507EB030B1E44079B5F451E443B461B
:10E55000A8BF5B46B342A8BF3346002BC2BFABEB9C
:10E56000030BF61AFF1A149B002B18DD1A46DDE97F
:10E57000040102F001FE059003460028B9D00146CF
:10E580001A9A049802F042FD034600283FF4DAAEDE
:10E590001A9904980F9302F025FC0F9B1A93BBF174
:10E5A000000F1ADC0A9B002B26DD169A06990498A8
:10E5B00002F0E2FD06900346F0B90693C2E6C5F10B
:10E5C0007F4505F57F0505F57B45E23501FA05F543
:10E5D0004FF0010AB5E70025FAE71A9904985A4660
:10E5E00002F026FE1A900028DCD1ABE6983E010826
:10E5F00002FCFFFFE3FBFFFF002E08DD06990498F5
:10E60000324602F015FE069003460028D5D0002FB2
:10E6100008DDDDE904013A4602F00AFE0590002813
:10E620003FF490AE069A1A99049802F08FFE0446C1
:10E6300000283FF487AEC3680F9300230599C36099
:10E6400002F068FE00283CDA0F9B53EA08035FD112
:10E65000C9F313034E46002B5AD129F000431B0D7A
:10E660001B05B3F1D66F53D9636913B92369012B25
:10E670004EDD21460122049802F0DAFD0599044698
:10E6800002F048FE002843DDAD4B079A3340002AD4
:10E690005DD0B3F1D66F5AD8B3F15C7F7FF68BAE05
:10E6A000A84B404649460022F5F79EFFA44B0B407D
:10E6B00080468946002B7FF450AE049A22231360D3
:10E6C0004BE64E4660D10F9AC9F313034AB39E4AF4
:10E6D000934229D1079B4146F3B1994B09EA0303C1
:10E6E000B3F1D46F4FF0FF3219D81B0DC3F16B0398
:10E6F00002FA03F3994217D1944B9E4202D10131A1
:10E700003FF420AE8E4B334003F580194FF00008E4
:10E71000079B002BC4D120E64FF0FF33EAE71346F6
:10E72000E8E753EA0803AFD0D5B13542F0D00F9BEC
:10E73000079A40464946B3B1FFF762FBDDE90C0199
:10E7400053EC102BF5F79AFD80468946E0E7A3F5D8
:10E7500080136FEA13596FEA09594FF0FF38D7E772
:10E760001AEA080FE2E7FFF74BFBDDE90C0153EC77
:10E77000102BF5F781FD0022002380468946F6F72D
:10E780009BF90028C4D016E60599204602F03EFF0A
:10E790005BEC10AB00224FF0804350465946F6F731
:10E7A0009FF9002872D00F9B002B7DD1B8F1000F8C
:10E7B00058D1C9F31303002B5AD1654B00225046A0
:10E7C0005946F6F783F900285BD150465946614B0C
:10E7D0000022F5F709FF82468B460BF10043CDF886
:10E7E00020A00993DDE90823554DCDE9102306EA61
:10E7F00005031593584B06EA05029A4240F0B08093
:10E80000A6F1547949EC108B02F038FEDDE90823BB
:10E8100051EC100BF5F7E8FE42464B46F5F72EFD9E
:10E820004E4A0D409542804645D90D9A474B9A4233
:10E8300003D10C9B01333FF485ADDFF810914FF00D
:10E84000FF381A99049802F0CDFA0699049802F05C
:10E85000C9FADDE9040102F0C5FA0498214602F084
:10E86000C1FA20E6B8F1010F02D1002E3FF4A3ADAA
:10E870009FED2B7BDFF8D8B08DED087B4FF0000AC1
:10E88000B0E7DFF8D0B04FF0000AA6E7314B5046B2
:10E8900059460022F5F7A8FE0F9B82468B46002BB7
:10E8A0009BD0CDE908AB9DE79FED1F7B8DED087BED
:10E8B0005BEC17AB96E701F15479079B002BC0D1B5
:10E8C000159A29F000431B0DB2EB035FB9D15046F6
:10E8D000594603F08FFCF5F759FE02460B465046A9
:10E8E0005946F5F7C9FC0F9AC9F3130343EA080325
:10E8F000134306460F4672D00DA3D3E90023F6F763
:10E90000E5F800287FF429AD0BA3D3E900233046B6
:10E910003946F6F7F9F8002893D01EE5AFF30080EA
:10E92000000000000000F0BF000000000000F03F09
:10E930009535A094FFFFDF3F35E5AF350000E03FA0
:10E940000000F07F00005039FFFF0F00FFFFEF7F56
:10E950000000F03F0000E03F0000E07FFFFF9F7CF1
:10E96000079B33B3159BB3F1D46F22D828A3D3E907
:10E97000002350465946F6F7B3F8A0B15946504621
:10E98000F6F70AF9012838BF0120F5F7B3FD0F9B10
:10E9900082468B4603BB01F1004312901393DDE9DD
:10E9A0001223CDE91023119B159A03F1D6639B1A0C
:10E9B00011939DED0C0BDDE9106702F05FFD304611
:10E9C00053EC102B3946F5F70FFEDDE90C23F5F774
:10E9D00055FC8046894670E7CDE912ABDFE70EA310
:10E9E000D3E90023F6F772F895E700230B93179A03
:10E9F000199B1360FFF779BA652A3FF464AB452A87
:10EA00003FF461AB0121FFF79FBB00BFAFF3008074
:10EA10000000C0FFFFFFDF419535A094FFFFCF3F0F
:10EA20000A4601460248034B0068FFF709BA00BFD7
:10EA30008401002018000020242B2DE9F04788468F
:10EA400001D8012B06D100F0A7FE16230360002099
:10EA5000BDE8F087344E0D46294615F8014B375D69
:10EA600017F00807F8D12D2C10D12C7801278D1C18
:10EA700033F0100115D1302C0DD1297801F0DF01D0
:10EA8000582908D16C78023510230AE02B2C04BFDA
:10EA90002C788D1CECE7002BF6D1302C14BF0A2308
:10EAA000082307F1004E0EF1FF3E0021BEFBF3F9F3
:10EAB0000E4603FB19EAA4F1300CBCF1090F10D883
:10EAC0006446A3421EDDB1F1FF3F07D0B14516D326
:10EAD00001D1A24513DB06FB0346012115F8014BCA
:10EAE000E9E7A4F1410CBCF1190F01D8373CE8E784
:10EAF000A4F1610CBCF1190F04D8573CE1E74FF0C9
:10EB0000FF31EBE74B1C05D122230360764632B977
:10EB100030469DE707B17642002AF9D009B105F1E8
:10EB2000FF38C2F80080F3E7C13E010813460A46E9
:10EB3000014602480068FFF77FBF00BF8401002044
:10EB40002DE9FF4757EC106B002F0C469146DDF87E
:10EB500030A019464FF0000203DA07F100431F46C8
:10EB60002D220D9D0A7025F02005462D04D0452D3F
:10EB700000D10134022100E0032103AB019302AB79
:10EB8000009347EC106B5346224600F0D1FE472D10
:10EB900080461AD119F0010F0ED000EB04090022B3
:10EBA000002330463946F5F787FF08B1CDF80C90C1
:10EBB0003022039B4B451ED3039B0E9AA3EB080305
:10EBC0004046136004B0BDE8F087462D00EB040911
:10EBD000E5D10378302B0AD1002200233046394694
:10EBE000F5F76AFF18B9C4F10104CAF80040DAF871
:10EBF00000309944D3E7591C03911A70D9E7F7B54F
:10EC00000029BABF49422D232B23092902704370E2
:10EC10002ADD0DF10704871CA6460A26A446B1FB8F
:10EC2000F6F506FB15123032632904F1FF340CF8B7
:10EC3000012C2946F2DC3031ACF1020204F8011C4F
:10EC4000411C144672450AD30DF10903A3EB0C03D2
:10EC5000A64538BF00233B44181A03B0F0BD12F894
:10EC6000013B01F8013FEDE7302330318370C17083
:10EC7000031DF1E72DE9F04F8FB00C46DDF8608001
:10EC800016461F46054600F03DFD036807931846EB
:10EC9000F5F7E6FA00230C93D8F8003094F818A0A2
:10ECA000D4F800B00890073323F00703B3EC027BDD
:10ECB0008DED047BC8F80030DDE9048323F00049C2
:10ECC00084ED127B9A4B4FF0FF3240464946F5F7F0
:10ECD00025FF70BB964B4FF0FF3240464946F5F793
:10ECE000FFFE30BBDDE9040100220023F5F7EEFE54
:10ECF00010B12D2384F843308E4A8F4BBAF1470F61
:10ED00008CBF90469846032323612BF004032360B5
:10ED10004FF00009009733460DAA2146284600F01F
:10ED2000CDF9013040F08C804FF0FF300FB0BDE8DE
:10ED3000F08FDDE9042310461946F5F7EFFE40B1E8
:10ED4000059B7E4A002BBCBF2D2384F843307C4BAF
:10ED5000D4E763685A1C0AF0DF093BD106236360DD
:10ED60004BF480620023226003930CABCDE901A336
:10ED70000BAB009361689DED040B0DF12B0328464E
:10ED8000FFF7DEFEB9F1470F0B99804629D1C81C69
:10ED900002DB63688B4241DAAAF1020A5FFA8AFA5F
:10EDA0000139524604F150000B91FFF728FF0C9AED
:10EDB0001318012A8146236102DC2268D20701D59B
:10EDC000013323619DF82B30002BA3D02D2384F831
:10EDD00043309FE7B9F1470FC2D1002BC0D10123C7
:10EDE000BDE7BAF1650FDBD9BAF1660F18D100297A
:10EDF00063680BDD216113B92268D00702D50133A6
:10EE00000B442361A1654FF00009DBE713B92268C9
:10EE1000D20701D50233F4E70123F2E74FF0670A86
:10EE20000C9B8B4205DC23682161D807EAD54B1C7B
:10EE3000E7E70029D4BFC1F1020201221344E0E751
:10EE400023685A0507D42369424631462846B84705
:10EE5000013028D168E7BAF1650F40F2DB80D4E9D0
:10EE6000120100220023F5F727FE90B3354A012353
:10EE700031462846B84701303FF456AFDDE90B383C
:10EE8000434502DB2368D8070DD5DDE9072331466A
:10EE90002846B84701303FF447AF4FF0000908F16A
:10EEA000FF38C84509DC23689B0700F10481E0684E
:10EEB0000D9B9842B8BF184638E7012304F11A02A7
:10EEC00031462846B84701303FF42EAF09F1010919
:10EED000E7E70B9B834237DC1A4A01233146284679
:10EEE000B84701303FF420AFDDE90B3959EA03039D
:10EEF00002D12368D907D6D5DDE907233146284654
:10EF0000B84701303FF410AF4FF0000A0B9B5B4253
:10EF1000534501DC4B4697E7012304F11A023146C1
:10EF20002846B84701303FF4FFAE0AF1010AEDE789
:10EF3000FFFFEF7F9C3C0108983C0108A43C0108BE
:10EF4000A03C0108A83C0108A36DDDF830B05B458A
:10EF5000A8BF5B46002B049337DC4FF0000904F197
:10EF60001A02049BD4F858A0002BACBFAAEB0303F1
:10EF700053464B4531DC0B9B9B453ADC2368DA0753
:10EF800037D40B9BABEB0309ABEB0A039945A8BF46
:10EF90009946B9F1000F34DC4FF000080B9BB9F132
:10EFA000000FABEB0303A8BFA3EB090343457FF7B7
:10EFB0007AAF012304F11A0231462846B8470130DE
:10EFC0003FF4B2AE08F10108E8E7049B424631463F
:10EFD0002846B8470130C0D1A6E60123314628466D
:10EFE0000992B84701303FF49FAE099A09F101092F
:10EFF000B7E7DDE9072331462846B8470130C0D1DD
:10F0000092E64B4608EB0A0231462846B8470130E3
:10F01000C2D189E6DDF830A0BAF1010F01DCDB07CF
:10F0200035D50123424631462846B84701303FF4E2
:10F030007BAEDDE9072331462846B84701303FF46F
:10F0400073AED4E91201002200230AF1FF3AF5F76A
:10F0500033FDC8B9534608F1010231462846B84786
:10F0600001300DD160E6012304F11A023146284631
:10F07000B84701303FF458AE08F10108D045F2DB43
:10F080004B4604F15002E0E64FF00008F6E701239A
:10F090004246E2E7012304F1190231462846B84707
:10F0A00001303FF441AE08F10108E3680D995B1AA5
:10F0B0004345EFDCFBE64FF00008F6E72DE9F047AB
:10F0C000914698468A680B69089E9342B8BF1346DA
:10F0D000C9F8003091F8432007460C4612B10133BD
:10F0E000C9F800302368990642BFD9F800300233CE
:10F0F000C9F80030256815F0060507D104F1190A92
:10F10000E368D9F800209B1AAB4229DC94F843301D
:10F110002268003B18BF012392062ED404F143025B
:10F1200041463846B047013021D02368A1682269A2
:10F1300003F00603042B01BFE568D9F80030ED1A8F
:10F1400025EAE57518BF00258B1A2B449142C8BFEC
:10F150001D464FF000091A344D451AD1002008E031
:10F160000123524641463846B047013003D14FF0A3
:10F17000FF30BDE8F0870135C2E7E1185A1C3020A6
:10F1800081F84300224494F8451082F8431002337A
:10F19000C4E70123224641463846B0470130E6D055
:10F1A00009F10109D8E700002DE9F04398460B7EEC
:10F1B00085B0782B174606460C9A0C4609D8622B68
:10F1C00001F1430108D8002B00F0DC80582B00F03F
:10F1D000BD8004F1420539E0A3F163001528F8D899
:10F1E00001A555F820F000BF41F2000855F20008D3
:10F1F000D3F10008D3F10008D3F10008D3F10008DF
:10F2000055F20008D3F10008D3F10008D3F100084B
:10F21000D3F1000865F3000881F2000813F3000839
:10F22000D3F10008D3F100088DF30008D3F10008F2
:10F2300081F20008D3F10008D3F100081BF30008A5
:10F240001368191D1B68116004F1420584F84230EF
:10F250000123A8E013682568181D1060280601D551
:10F260001B6803E06A06FBD5B3F90030002B03DA14
:10F270002D225B4284F84320DFF878C10A2213E094
:10F280002568106815F0800F50F8043B02D16D0618
:10F2900048BF9BB21060227EDFF858C16F2A5DD153
:10F2A0000822002084F843006568A560002D05DB76
:10F2B00020681D4320F00400206051D00D46B3FBB0
:10F2C000F2F002FB103E9A421CF80EE005F801ED48
:10F2D0000346F4D9082A0BD12368DA0708D5236935
:10F2E00062689A42DEBF302305F8013C05F1FF3524
:10F2F000491B2161CDF800803B4603AA21463046D8
:10F30000FFF7DCFE013053D14FF0FF3005B0BDE810
:10F31000F083236843F020032360DFF8DCC0782308
:10F3200084F845302068156810F0800F55F8043BCC
:10F3300003D110F0400F18BF9BB21560C50744BF42
:10F3400040F02000206023B11022AAE7DFF8A4C01B
:10F35000E6E7226822F020022260F5E70A22A0E711
:10F360000D46B7E71368D4F800C060691D1D15602D
:10F370001CF0800F1B6801D0186003E01CF0400FE8
:10F38000FAD01880002323610D46B3E71368191DD6
:10F3900011601D68626800212846F4F711FF08B16A
:10F3A000401B606063682361002384F84330A1E759
:10F3B00023692A4639463046C0470130A4D0236825
:10F3C0009B0714D4E068039B9842B8BF18469DE79A
:10F3D000012304F1190239463046C047013093D069
:10F3E0000135E36803995B1AAB42F1DCEAE70025DB
:10F3F000F7E700BFAA3C0108BB3C0108002310B599
:10F400000446C0E90033C0E9043383608181436668
:10F41000C2818361194608225C3000F046F90D4B29
:10F4200063620D4BA3620D4BE3620D4B23630D4BE7
:10F4300024629C4206D003F16802944202D0D03389
:10F440009C4205D104F15800BDE8104000F0CEB94F
:10F4500010BD00BF83F50008A5F50008DDF5000824
:10F4600003F60008107D0020024A0349034800F01B
:10F470006BB800BF0C000020C11A010888010020F1
:10F4800041680C4B994210B5044601D002F018FBBC
:10F49000A168094B994202D0204602F011FBE168B5
:10F4A000064B994204D02046BDE8104002F008BB4C
:10F4B00010BD00BF107D0020787D0020E07D002081
:10F4C00010B50A4B0A4A1A600A4800220421FFF7C5
:10F4D00095FF094801220921FFF790FFBDE8104080
:10F4E000064802221221FFF789BF00BF487E002094
:10F4F00069F40008107D0020787D0020E07D002068
:10F50000014800F074B900BF517E0020014800F0AE
:10F510006FB900BF517E002010B50446FFF7F0FF21
:10F52000236A1BB1BDE81040FFF7F0BF044B236214
:10F53000044B1B68002BF5D1FFF7C2FFF2E700BFB9
:10F5400081F40008487E00202DE9F8438046894672
:10F5500014460026D4E90175013F05D52468002C26
:10F56000F8D13046BDE8F883AB89012B07D9B5F94E
:10F570000E30013303D029464046C847064368355C
:10F58000EAE710B50C46B1F90E1000F0E1F80028DA
:10F59000ABBF636DA3891B1823F48053ACBF6365B5
:10F5A000A38110BD2DE9F0411F468B89DB0505467F
:10F5B0000C46164605D5B1F90E100223002200F0C4
:10F5C000B5F8A389B4F90E1023F48053A381324611
:10F5D0003B462846BDE8F04100F0CCB810B50C46DB
:10F5E000B1F90E1000F0A2F8B4F90C30421C0BBFB8
:10F5F00023F4805343F48053A381A38118BF606533
:10F6000010BDB1F90E1000F081B8000030B5141E25
:10F610009BB005461A4605DA8B2303604FF0FF3096
:10F620001BB030BD4FF00003199318BF0123E31A3C
:10F6300002930593084B00910491039369461E9B26
:10F6400002F0C6F8431CBCBF8B232B60002CE7D014
:10F65000009B00221A70E3E70802FFFF07B5009342
:10F6600013460A46014603480068FFF7CFFF03B080
:10F6700000BD00BF84010020884210B501EB0204E8
:10F6800002D98442234607D8431EA14207D011F86D
:10F69000012B03F8012FF8E70244824200D110BD8C
:10F6A00013F8011D02F8011DF7E7024403469342D7
:10F6B00000D1704703F8011BF9E710B56AB10139B1
:10F6C0008418027811F8013F9A4204D10130A04217
:10F6D00001D0002AF5D1D01A10BD1046FCE710B5B4
:10F6E0000139034632B111F8014F03F8014B013AD9
:10F6F000002CF7D11A440021934200D110BD03F829
:10F70000011BF9E7004870470801002038B5064C96
:10F71000002305460846236002F01CFD431C02D16D
:10F72000236803B12B6038BD4C7E002038B5074CF0
:10F73000054608461146002222601A4602F032FDB4
:10F74000431C02D1236803B12B6038BD4C7E0020DE
:10F7500038B5074C054608461146002222601A4675
:10F7600002F028FD431C02D1236803B12B6038BD91
:10F770004C7E002038B5074C05460846114600224D
:10F7800022601A4602F02CFD431C02D1236803B10B
:10F790002B6038BD4C7E0020014B1868704700BFBD
:10F7A0008401002070B50D4B0D4C00261D1BB6EBDF
:10F7B000A50F09D102F0E4FE0A4C0B4B00261D1BDD
:10F7C000B6EBA50F05D170BD54F8043B9847013640
:10F7D000EDE754F8043B98470136F1E7C8400108CB
:10F7E000C8400108C8400108CC4001087047704774
:10F7F00070470A44914200F1FF3300D1704710B5C1
:10F8000011F8014B03F8014F9142F9D110BD0000EE
:10F810009FED010B704700BF000000000000F87F63
:10F820002DE9F74F03690C69A34280467EDB013C5A
:10F8300001F11407A30000F11405009305EB840304
:10F84000019357F8243055F8242001339A4207EBEE
:10F850008409B2FBF3F62ED34FF0000ABC46AE4645
:10F86000D3465CF8043B98B206FB00A0020C1B0CCC
:10F8700006FB0323DEF8002080B292B2121A5A442B
:10F88000DEF800004FEA134A9BB2C3EB224303EBBE
:10F89000104392B242EA0342E1454EF8042B4FEA8C
:10F8A000234BDED2009BEB582BB9019B1A1F9542CC
:10F8B00030D3C8F81040404601F02CFD002825DB6D
:10F8C00001362946002057F8042BD1F800C01FFA52
:10F8D00082FE1FFA8CF3A3EB0E030344120CC2EB5F
:10F8E000234202EB1C429BB243EA0243B94541F872
:10F8F000043B4FEA2240E6D255F8242005EB84036E
:10F9000022B9043B9D420BD3C8F81040304603B0E7
:10F91000BDE8F08F1368002BCBD1043A013CC6E759
:10F920001A68002AF0D1043B013CEBE70020EEE727
:10F930002DE9F04F99B08DED0E0B0C92C269229C0F
:10F940000A9157EC106B8146139382B9102001F095
:10F9500047F90246C9F81C0020B9A94BEF21A94874
:10F9600002F0E6F80023C0E901330360C3601168C8
:10F9700059B152684A60012393408B60484601F0B8
:10F9800031FAD9F81C3000221A60B7F10008B5BF6F
:10F9900001230023236023609B4BBCBF28F0004859
:10F9A000CDF83C8033EA08031AD1139AC8F3130840
:10F9B00042F20F7358EA0608136000F06185239B3A
:10F9C00053B9924B21E0924B00930833239A136072
:10F9D000009819B0BDE8F08F8C4B00930333F5E726
:10F9E0009DED0E7B002251EC170B00238DED067B65
:10F9F000F5F762F8824650B1139A01231360239BF6
:10FA000013B1239A834B1360834B0093E0E79DED82
:10FA1000060B16AA17A9484601F0A0FD5FEA185484
:10FA2000169D019079D0079BCDF850A0C3F3130326
:10FA3000DDE9060143F07F5343F44013A4F2FF34A1
:10FA400019460022754BF4F717FC67A3D3E900238E
:10FA5000F4F7CAFD66A3D3E90023F4F70FFC0646CA
:10FA600020460F46F4F756FD63A3D3E90023F4F7CD
:10FA7000BBFD02460B4630463946F4F7FFFB06460F
:10FA80000F46F5F761F800228046002330463946DC
:10FA9000F5F71CF848B14046F4F73CFD32463B46CA
:10FAA000F5F70AF808B908F1FF38B8F1160F51D880
:10FAB0005B4B03EBC803D3E90023DDE90601F5F74F
:10FAC00005F8002848D008F1FF38002312932D1BB9
:10FAD0006B1E089343BF0023C5F10107089300275D
:10FAE000B8F1000F3ADB089BCDF83480434408930B
:10FAF000002309930A9B092B62D8052BC4BF043B42
:10FB00000A930A9BA3F10203CCBF00240124032B18
:10FB100062D8DFE803F05153362B179C2C4404F2D3
:10FB20003243202BC1BFC3F1400308FA03F804F2AB
:10FB3000124326FA03F3D6BFC3F1200348EA0300B9
:10FB400006FA03F0F4F7D6FC0122A1F1F873013CA8
:10FB5000149275E70123B9E71290B8E7C8F10003E2
:10FB600009930023A7EB08070D93C3E701230B9329
:10FB70000C9B434405930133012B0493B8BF01232D
:10FB800006E001230B930C9B002B28DDCDE9043309
:10FB9000D9F81C000021042202F114059D4243D92A
:10FBA0004160484601F0E0F8009000283FD11D4B2D
:10FBB000024640F2AF11D2E60023E3E70023D6E786
:10FBC00001240023CDE90A344FF0FF330022CDE9B0
:10FBD00004330C921223DBE701230B93F4E7012398
:10FBE000CDE904330C93D3E761436F63A787D23F1A
:10FBF000B3C8608B288AC63FFB799F501344D33F1C
:10FC0000E13C0108F83C01080000F07FDD3C010800
:10FC1000D43C0108A93C0108A83C01080000F83FB9
:10FC2000F83F0108513D010801315200B4E7D9F80D
:10FC30001C30009A1A60049B0E2B75D8002C73D0D0
:10FC4000B8F1000F40F3C4809F4B08F00F0203EBA4
:10FC5000C20318F4807FD3E900AB4FEA281500F007
:10FC6000A3809A4BDDE90601D3E90823F4F7E6FD0A
:10FC7000CDE9020105F00F050324944E002D40F05C
:10FC8000998052465B46DDE90201F4F7D7FD8246D2
:10FC90008B46129B002B00F0C3808D4B00225046F8
:10FCA0005946F4F713FF002800F0BA80049B002B9C
:10FCB00000F0B680059B002B36DD08F1FF33029380
:10FCC00050465946834B0022F4F78EFC059E82462F
:10FCD0008B4601342046F4F71DFC52465B46F4F790
:10FCE00083FC7D4B0022F4F7C9FA0446A1F150755C
:10FCF000CDE91045002E40F09780784B0022504609
:10FD00005946F4F7B9FA22462B4682468B46F4F759
:10FD1000FBFE002840F0BD82224605F1004350461C
:10FD20005946F4F7D3FE20BB179B002BC0F28D8100
:10FD3000B8F10E0F00F38981634B03EBC803D3E9DD
:10FD400000AB0C9B002B80F21B81049B002B00F36B
:10FD500017810ED1614B002250465946F4F744FCFE
:10FD600002460B46DDE90601F4F7BAFE002800F072
:10FD7000938200252C460C9B009EDB430293274672
:10FD800000242946484601F02DF8002F00F0EE80AF
:10FD90002CB1BC4203D02146484601F023F8394635
:10FDA000484601F01FF8E1E09DED067B02248DED51
:10FDB000027B62E7E90708D550465946D6E9002399
:10FDC000F4F712FC013482468B466D10083655E775
:10FDD00022D0C8F100053C4B3C4E05F00F0203EB6E
:10FDE000C203D3E90023DDE90601F4F7FDFB2D1181
:10FDF00082468B460224002D3FF44BAFEA0708D51C
:10FE000050465946D6E90023F4F7EEFB013482460A
:10FE10008B466D100836EEE7DDE906AB022438E7C5
:10FE2000049ECDF8088055E7274B03EBC60353E942
:10FE300002010B9B002B55D002460B46002028499F
:10FE4000F4F7FCFCDDE91023F4F716FA009BCDE98A
:10FE500010019D191E4659465046F4F775FE00F1F3
:10FE60003004F4F757FB02460B4650465946F4F768
:10FE700003FADDE9102306F8014B82468B46F4F7BE
:10FE800025FE002872D152465B4611490020F4F746
:10FE9000F3F9DDE91023F4F719FE002840F0B680ED
:10FEA000AE423FF441AFDDE910010A4B0022F4F706
:10FEB0009BFB084BCDE91001002250465946F4F750
:10FEC00093FB82468B46C6E7F83F0108D03F010806
:10FED0000000F03F0000244000001C4000001440DF
:10FEE0000000E03FDDE91023F4F77EFB009B009C5F
:10FEF000CDE910013344159359465046F4F724FEDA
:10FF000000F13005F4F706FB0B4602465946504611
:10FF1000F4F7B2F904F8015B159B9C4282468B46CC
:10FF200027D1009B0022DDE910011E44AA4BF4F703
:10FF3000A5F902460B4650465946F4F7E5FD002860
:10FF400064D1DDE91023A4490020F4F795F90246B5
:10FF50000B4650465946F4F7B9FD00283FF4E4AE8D
:10FF6000334616F8012D302AFAD01E46DDF80880F7
:10FF70003AE09A4B0022F4F737FB82468B46BBE708
:10FF8000009E52465B46DDE90601F4F757FCF4F7A4
:10FF9000DBFD0746F4F7BEFA52465B46F4F724FB56
:10FFA00002460B46DDE90601F4F766F907F1300C6D
:10FFB000009C06F801CBA6EB040C049C64450246A9
:10FFC0000B4633D1F4F75AF952465B4604460D46C8
:10FFD000F4F79AFDC0B952465B4620462946F4F72D
:10FFE0006BFD08B1FB070FD40199484600F0FAFEFB
:10FFF0000023139A337008F101031360239B002B35
:020000040801F1
:100000003FF4E6AC1E60E3E4CDF8088033461E46BC
:1000100013F8012D392A06D1009A9A42F7D1029A93
:1000200001320292302201321A709FE76B4B00229C
:10003000F4F7DAFA02460B46CDE906230022002344
:10004000F4F73AFD00289CD0CEE70B9A002A00F086
:10005000DF800A9A012A00F3C380149A002A00F074
:10006000B78003F23343099D3E46089A01211A44A2
:1000700048461F44089200F0B3FF044656B1089B5F
:10008000002B07DDB342089AA8BF3346FF1AF61AC1
:10009000D31A0893099B0BB30B9B002B00F0BF8076
:1000A000002D00F0B98021462A46484601F064F848
:1000B000019A01460446484600F0A8FF019982468D
:1000C000484600F08FFE099B5B1B099300F0AA8055
:1000D000099A5146484601F04FF8019001214846DF
:1000E00000F07EFF0D9B0546002B00F0D0811A46E4
:1000F0000146484601F040F80A9B012B054600F3F3
:1001000099800E9B002B40F090800F9BC3F313034C
:10011000002B40F08A800F9B23F000431B0D1B0532
:10012000002B00F08580089B0133013708934FF0C6
:10013000010A0D9B002B00F0B0812B6905EB8303B6
:10014000186900F001FFC0F12000089B184410F06E
:100150001F0076D01B2870DCC0F11C000744064449
:1001600003440893002F05DD01993A46484601F003
:100170005FF80190089B002B05DD29461A4648468A
:1001800001F056F80546129B002B5FD001982946D6
:1001900001F0C0F8002859DA08F1FF330293019901
:1001A00000230A22484600F03FFE0B9B0190002BE3
:1001B00000F07581002321460A22484600F034FEF3
:1001C000059B002B044671DC0A9B022B47DC6DE08B
:1001D000169BC3F1360346E70000E03F00002440D1
:1001E000049B5D1E099BAB4208DB5D1B049B002B3F
:1001F000BFF63AAF049BFE1A002336E7099B0D9A1F
:100200000995EB1A1A440D92049B3E4600252CE7F3
:10021000099D0B9C3E4631E7DDF804A058E7099A9A
:10022000019957E7CDF804A058E74FF0000A80E79E
:100230009A467EE74FF0000A7FE71C2892D0C0F173
:1002400020001C30089B0744064489E7049BCDF836
:100250000880002B24DC05930A9B022B22DD059BE2
:10026000002B7FF488AD2946059B0522484600F007
:10027000DBFD01460546019801F04CF800287FF7A8
:100280007AAD009E312306F8013B029B01330293B5
:1002900075E535462C46F4E7049DCDF80880F9E76E
:1002A000049B05930B9B002B00F0FD80002E05DDC9
:1002B00021463246484600F0BBFF0446BAF1000F23
:1002C00058D06168484600F04FFD064628B9814B7A
:1002D000024640F2EF21FFF742BB22690232920050
:1002E00004F10C010C30FFF784FA01223146484634
:1002F00000F09EFF0746009B009A03F10108059B52
:10030000134406930E9B03F00103089329460198BA
:10031000FFF786FA2146049000F1300B019800F0B7
:10032000F9FF3A4605902946484601F00FF8C268A1
:1003300008F1FF3A0646FAB90146019800F0EAFFD3
:10034000024631464846099200F04CFDDDE909239A
:1003500042EA0301089B194346460FD1BBF1390F0E
:1003600028D0059B002B02DD049B03F1310B8AF89A
:1003700000B006E52746BEE70122E2E7059B002B19
:1003800004DB0A990B4308990B4320D1002AEEDDC8
:1003900001990122484600F04BFF2946019000F0E8
:1003A000B9FF002803DCE2D11BF0010FDFD0BBF165
:1003B000390FD9D139238AF8003033461E46013B24
:1003C00016F8012C392A52D001321A70D9E4002AC9
:1003D00007DDBBF1390FEDD00BF101038AF80030D6
:1003E000CFE4069B08F801BC43452AD001990023BD
:1003F0000A22484600F018FDBC4201904FF000036D
:100400004FF00A022146484606D100F00DFD044691
:10041000074608F1010879E700F006FD3946044671
:1004200000230A22484600F0FFFC0746F1E7059B3F
:100430005E1E002B009BD8BF00265A1C2746164480
:10044000002401990122484600F0F2FE294601905D
:1004500000F060FF0028B0DC02D11BF0010FACD12E
:1004600033461E4613F8012D302AFAD089E4009A4B
:100470009A42A3D1029B013302933123137080E48B
:10048000239B002B7FF49FAA134BFFF7BEBA0A9B56
:10049000012B7FF736AEDDF834A0012055E6059B31
:1004A000002B7FF7D9AE009E01982946FFF7B8F9D7
:1004B00000F1300B009B06F801BBF21A059B93423A
:1004C000B5DD019900230A22484600F0ADFC0190F9
:1004D000EAE700BF513D0108D43C010837B50029C7
:1004E00044D051F8043C0190002BA1F10404B8BFA2
:1004F000E41800F02DFC1E4A0198136833B96360BC
:10050000146003B0BDE8304000F028BCA34208D915
:10051000256861198B4201BF19685B684919216020
:10052000EDE71A465B680BB1A342FAD9116855187A
:10053000A5420BD1246821445418A3421160E0D194
:100540001C685B6853600C441460DAE702D90C2322
:100550000360D6E7256861198B4204BF19685B68A0
:10056000636004BF491921605460CAE703B030BD1D
:10057000587E00200369B3EB611F2DE9F0434FEA79
:10058000611200F1140443DD11F01F0104EB830C30
:1005900004EB82050CD100F110062946614532D3E7
:1005A0009B1A9B00033DAC4538BF0023234414E055
:1005B00054F82260C1F12008CE4005F1040EA14696
:1005C000F44515D89A1A9200043A0135AC4538BF63
:1005D0000022A318A65006B104331A1BA3424FEA07
:1005E000A20208BF0023026108BF4361BDE8F08397
:1005F000DEF8007007FA08F7374349F8047B5EF825
:10060000046BCE40DCE751F8047B46F8047FC5E775
:100610002346E2E7A0F13003092B02D82038C0B20C
:100620007047A0F16103052B01D84738F7E7A0F127
:100630004103052B01D82738F1E70020704700005F
:100640002DE9F04F85B00F4602930B68019091465B
:100650009C1C20783028A04604F10104F9D0A8EBB6
:100660000303A3F1020BFFF7D5FF8246002838D120
:100670009F4901224046FFF720F80546002863D134
:1006800098F801002646FFF7C5FF00285ED02078C5
:100690003028A04604F10104F9D0FFF7BBFFB0FAFF
:1006A00080F4640935464FF0010BC24656460AF104
:1006B000010A3078FFF7AEFF0028F7D18C490122FC
:1006C0003046FEF7FAFF78B945B9554656460AF165
:1006D000010A3078FFF79EFF0028F7D1AD1BAD006F
:1006E00004E000242546E0E7002DF7D1337803F03D
:1006F000DF03502B37D173782B2B29D02D2B2BD008
:10070000711C4FF0000A0878FFF784FF431EDBB22C
:10071000182B28D8A0F1100211F8010FFFF77AFF6B
:10072000431EDBB2182B1AD9BAF1000F00D0524287
:1007300015443960CCB1BBF1000F0CBF0627002770
:10074000384605B0BDE8F08F464655460124CDE752
:100750004FF0000AB11CD6E74FF0010AFAE70A236E
:1007600003FB0200D6E73146E3E7A6EB0803013BB3
:100770002146072B0ADC019800F0F6FA044640B93E
:100780005C4B0246E4215C4801F0D2F901315B1078
:10079000EFE700F1140A002357469B46B04537D3D4
:1007A00047F804BBA7EB0A07BB102361584600F0CB
:1007B000CBFBD9F80060C0EBC707B74254DDBF1BC5
:1007C0003946204600F076FF804678B17B1E5911ED
:1007D00003F01F025AF821104FF0010808FA02F244
:1007E0000A4203D0434536DC4FF002083946204622
:1007F000FFF7C0FE3D44D9F80830AB4242DA019819
:10080000214600F0EFFA0E9A00231360A32797E722
:1008100016F8012D2E2A12D0202B04D147F804BB44
:100820004FF0000B5B4630780393FFF7F3FE039B1A
:1008300000F00F0098404BEA000B0433AEE7B045E0
:10084000EAD82B49039301223046FEF736FF039B7B
:100850000028E1D1A2E7B91E204600F02BFF0028B6
:10086000C2D04FF00308C1E709DAF71B214601980F
:100870003A4600F0DDFCED1B044600F1140A4FF08F
:100880000008B8E7D9F80430AB426FDD5D1BAE421B
:1008900034DCD9F80C30022B22D0032B24D0012BCE
:1008A00015D1AE4213D1012E0BD1029AD9F80430E2
:1008B000136001232361CAF800300E9B62271C607D
:1008C0003EE7711E204600F0F5FE0028EDD10198AC
:1008D000214600F087FA0E9A0023136050272FE775
:1008E0000F9B002BF3D1E0E70F9B002BDDD1EEE750
:1008F000963C0108513D0108623D01086F1EB8F1A8
:10090000000F30D127B13946204600F0D3FE804693
:100910007A1101235AF8222007F01F07BB40134227
:100920002946204618BF48F00208761BFFF722FE32
:10093000D9F804500227B8F1000F42D0D9F80C3092
:10094000022B15D0032B17D0012B09D118F0020F61
:1009500006D0DAF8003048EA030818F0010F0ED18B
:1009600047F010072DE04FF00108D1E70127E2E73B
:100970000F9BC3F101030F930F9B002BF0D0D4F812
:1009800010A004F1140303EB8A0100201A68B2F1ED
:10099000FF3F1BD001321A60022F04F114033CD137
:1009A000D9F80020013AB24209D17111012253F85D
:1009B000213006F01F0602FA06F61E423AD147F031
:1009C00020070E9B1C60029B1D60B9E643F8040BD8
:1009D0009942DBD8A3689A4517DB61680198013119
:1009E00000F0C2F9804618B91A4B02468421CAE6C3
:1009F0002269023204F10C0192000C30FEF7F9FE7C
:100A00002146019800F0EEF9444623695A1C04EB94
:100A10008303226101225A61BEE7226952450BDD40
:100A200001212046FFF7A6FDD9F808300135AB4279
:100A3000FFF6E5AE0127C2E716F01F06FAD003EB7A
:100A40008A03C6F1200653F8040C00F07DFAB04288
:100A5000E6DBEFE7513D0108C2F10802920070B5F4
:100A6000C2F120064368046803FA06F52C43D3401C
:100A7000046040F8043F8842F4D370BD30B5036889
:100A80000139013311F8014F14B90360012030BD61
:100A900013F8012BA2F14105192D98BF2032A24273
:100AA000F0D00020F3E72DE9F04F0B6887B05E111E
:100AB000029013F01F0302EB86060193029B18BFFE
:100AC00004360025371F196846F8045C9046B9467D
:100AD0003C46AB46AA464A784B1C039332B31046B9
:100AE00005910492FFF796FD002851D1049A0599CB
:100AF000202A16D8DA4512DD4C4506D2072D04DC33
:100B00002A4649462046FFF7A7FF444553D900230C
:100B1000A4F1040944F8043CD3464C461D4603990D
:100B2000D9E7292A59D1029B02311960BAF1000F85
:100B300053D04C4506D2072D04DC2A4649462046B0
:100B4000FFF78AFF444538D9A8F10402234653F839
:100B5000041B42F8041F9F42F9D23B1B23F00303FE
:100B60000134033EB44288BF002308F10402134459
:100B700000211A4604339F421160FAD23B681BB928
:100B8000474528D101233B60052007B0BDE8F08F21
:100B90000135082D0AF1010A06DD4445BFD90023BD
:100BA00044F8043C0125043C226800F00F0040EAB0
:100BB00002102060B3E70825B1E7019B002BDDD0D0
:100BC000C3F120034FF0FF32DA4056F8043C1340E3
:100BD00046F8043CD2E7043FD0E70420D5E7000004
:100BE000024B0146186800F025B800BF84010020C0
:100BF00070B50F4C0E462168054611B900F088FF0C
:100C000020603146284600F083FF431C03D14FF09B
:100C1000FF34204670BDC41C24F00304A042F8D069
:100C2000211A284600F074FF0130F2D1EFE700BF2F
:100C3000547E00202DE9F843CD1C25F0030508352E
:100C40000C2D38BF0C25002D064601DBA94204D926
:100C50000C2333600020BDE8F883334F00F078F8B0
:100C60003B681C463CBB29463046FFF7C1FF431C8E
:100C7000044656D13C68A046B8F1000F40D1002C84
:100C800049D023684146304604EB030900F040FF99
:100C9000814540D121686D1A29463046FFF7A8FFEB
:100CA000013038D023682B4423603B685A685ABB14
:100CB000C7F800800EE02268521B1ED40B2A16D9FA
:100CC0006119A342256018BF5960636808BF396085
:100CD00062514B60304600F041F804F10B00231DD7
:100CE00020F00700C21A1CBF1B1AA350B3E76268AA
:100CF000A3420CBF3A605A60ECE723466468B1E750
:100D00004446D8F80480B7E71A465B68A342FBD193
:100D100000235360DEE70C233360304600F01EF8FA
:100D200098E70560D6E700BF587E002082B001B981
:100D300001A942B14BB113780B601278101E18BF95
:100D4000012002B070471046FBE76FF00100F8E7A2
:100D50000148FEF74CBD00BF507E00200148FEF761
:100D600047BD00BF507E002070B5C46905460E46E1
:100D700084B91020FFF734FF0446E86128B9024621
:100D8000164B17486B2100F0D3FE0023C0E9013356
:100D90000360C360E36853B921220421284600F0B0
:100DA000E5FEEB69E060DB680BB9002070BD53F82D
:100DB000260030B1026843F826200023C0E903333F
:100DC000F4E7012101FA06F4621D9200284600F0C2
:100DD000CDFE0028E9D0C0E90164EEE7E13C01085E
:100DE000C33D010870B5C46906460D4674B91020AC
:100DF000FFF7F6FE0246F06120B9094B09488F2142
:100E000000F096FEC0E901440460C4603DB1F3699E
:100E10006A68DB6853F82210296043F8225070BDDD
:100E2000E13C0108C33D01082DE9F0410D69074689
:100E30000C461E4601F1140C0020DCF8003099B27B
:100E400002FB01611E0C0B0C02FB063389B2013060
:100E500001EB034185424CF8041B4FEA1346ECDCDE
:100E60000EB3A368AB4219DC616838460131FFF765
:100E70007BFF804628B902460C4B0D48BA2100F092
:100E800057FE2269023204F10C0192000C30FEF789
:100E9000B0FC21463846FFF7A5FF444604EB850326
:100EA00001355E6125612046BDE8F081513D0108B4
:100EB000C33D01082DE9F843884614461F46092220
:100EC0000833064693FBF2F3002101229A4209DB24
:100ED0003046FFF749FF40B90246194B1948D32164
:100EE00000F026FE52000131F0E7089B4361092C17
:100EF0004FF00103036108DC08F10A050924641BB3
:100F00002B199F4212DCBDE8F88308F10905A946B8
:100F1000A04419F8013B0146303B0A223046FFF756
:100F200083FFC145F5D12544083DE8E715F8013BAD
:100F30000146303B0A223046FFF776FFE0E700BF6C
:100F4000513D0108C33D0108B0F5803F034636BF5F
:100F5000030400201020B3F1807F3CBF1B02083047
:100F6000B3F1805F3CBF1B010430B3F1804F3CBF45
:100F70009B000230002B04DB5B0001D50130704781
:100F800020207047036813F0070201460BD0DA07F0
:100F900022D4980749BF5B089B0801200B605CBF07
:100FA0000B600220704798B2A0B91B0C1020DAB277
:100FB0000AB908301B0A1A0704BF1B0904309A0734
:100FC00004BF9B080230DA0702D45B0806D0013068
:100FD0000B6070471046EAE70020704720207047FA
:100FE00010B50C460121FFF7BFFE024628B9054B9C
:100FF000054840F2451100F09BFD01234461036167
:1010000010BD00BF513D0108C33D01082DE9F04F5F
:10101000D1F81080D2F81090C84585B00E4614461D
:1010200004DB4B460C46C14616469846A3686168E9
:1010300009EB0807BB42B8BF0131FFF795FE30B995
:1010400002464B4B4B484FF4B17100F071FD00F17B
:10105000140505EB870B2B4600225B4522D306F1D6
:10106000140101EB880304F1140C0CEB890C0293BE
:1010700004F1150363458CBF002301230093ACEBFF
:101080000403153B9B080193029B03918B420CD8F0
:10109000002F03DD5BF8043D002B67D0076105B02E
:1010A000BDE8F08F43F8042BD7E7B1F800A0BAF100
:1010B000000F28D004F11408A9464FF0000E58F88C
:1010C000042BD9F8003096B29BB20AFB0633D9F84C
:1010D0000060120C360C73440AFB026606EB1346E2
:1010E0009BB243EA0643C44549F8043B4FEA164E17
:1010F000E5D8009A019B002A4FEA830308BF00232A
:101100002B44C3F804E0039BB3F802E00431BEF1C2
:10111000000F29D02B6804F114069846A9464FF019
:10112000000A32880EFB02A202EB18429BB243EA8D
:10113000024349F8043B56F8043BD9F800804FEAD3
:10114000134A1FFA88F30EFB0A3303EB1243B4452C
:101150004FEA134AE5D8009E019A002E4FEA820218
:1011600008BF00222A44536004358DE7013F8FE712
:10117000513D0108C33D01082DE9F843174612F01F
:10118000030280460D4607D0264C013A002354F84E
:101190002220FFF749FE0546BF103FD0D8F81C407B
:1011A00094B91020FFF71CFD0446C8F81C0030B9A4
:1011B00002461D4B1D4840F2B31100F0B9FC00235C
:1011C000C0E901330360C360A66846B940F27121EB
:1011D0004046FFF705FF0023A060064603602C464B
:1011E0004FF0000907F001037F1053B12946324642
:1011F0004046FFF70BFF214605464046FFF7F2FD4C
:1012000067B1306838B9324631464046FFF7FEFED6
:101210003060C0F8009006462C46E3E72846BDE85B
:10122000F88300BFC43F0108E13C0108C33D010849
:101230002DE9F84F0C4649682669A36806EB62164B
:10124000074691464FEA621A06F1010843450BDB57
:101250003846FFF789FD054648B902462B4B2C4816
:101260004FF4EF7100F064FC01315B00EEE700F138
:10127000140100230A461846534539DB20692AEA3F
:10128000EA7A01EB8A0104F1140319F01F098C4674
:1012900003EB800030D0C9F1200A4FF0000E1A682D
:1012A000E34602FA09F242EA0E02CBF8002053F8B4
:1012B000042B98420CF1040C22FA0AFEEFD8031B0F
:1012C000153B23F0030304F11502904238BF0023BD
:1012D0001944C1F804E0BEF1000F00D1B046384611
:1012E000C5F810802146FFF77DFD2846BDE8F88F40
:1012F00042F8040B0133BFE753F8041BCCF800108D
:1013000098420CF1040CF7D8E8E700BF513D010802
:10131000C33D010803690A699B1A30B50ED1143028
:10132000143100EB820401EB820154F8045D51F8A2
:10133000042D954204D006D24FF0FF33184630BD3D
:10134000A042F2D3FAE70123F8E700002DE9F74FB6
:101350008A460646114650461446FFF7DBFF051E37
:1013600012D129463046FFF7FFFC024628B9414B0F
:1013700040F23721404800F0DBFB0123C0E904358F
:10138000104603B0BDE8F08FBCBF5346A2463046BE
:10139000DAF80410BABF1C4601250025FFF7E4FC6B
:1013A000024618B9334B40F24521E3E7DAF81070F2
:1013B0002669C5600AF1140904F1140E00F1140540
:1013C0000AF1100309EB87080EEB86060193AB4682
:1013D0004FF0000C019B5EF8040B53F804AF01932F
:1013E0001FFA8AF183B2CB1A000C6344C0EB1A4097
:1013F00000EB23409BB243EA004376454BF8043BA5
:101400004FEA204CE6D8331B153B153423F0030379
:10141000A64238BF0023E8184B441C1D0430264662
:10142000A5EB090546450ED308F10301091B21F080
:1014300003010133984538BF0021014451F8043DB0
:10144000ABB117619CE706EB050E56F8041BE246AC
:101450004FEA11491CFA81FC514409EB2C4989B22D
:1014600041EA09414FEA294CCEF80010DAE7013F82
:10147000E4E700BF513D0108C33D010882B08DED96
:10148000000B019A0F4B1340A3F15073002B08DCA3
:101490005B42B3F1A07F4FEA235204DA4FF40023FA
:1014A0001341002208E0A2F114031E2BDABF4FF013
:1014B0000042DA40012200231946104641EC100B8D
:1014C00002B070470000F07FF8B5056900F114061E
:1014D00006EB85052F1F55F8044C2046FFF734FD19
:1014E000C0F120030A280B6016DCC0F10B0C24FAB3
:1014F0000CF1BE4241F07F5334BF55F8081C002167
:10150000153004FA00F021FA0CF143F440130143C2
:101510000A4643EC102BF8BDBE423ABF55F8081CF2
:10152000A5F1080700210B3812D0C0F1200521FADF
:1015300005F384401C43B74244F07F538CBF57F8F7
:10154000044C00248140EC4043F440132143DFE786
:1015500044F07F5343F44013DAE700002DE9F743EA
:101560000F46012159EC108B1646FFF7FDFB05468F
:1015700030B90246234B244840F20F3100F0D8FA2C
:10158000C9F30A54C9F313030CB143F48013019354
:10159000B8F1000323D068460093FFF7F3FC0099ED
:1015A000D8B1019AC0F1200302FA03F30B43C24001
:1015B0006B610192019BAB61002B0CBF01220222E7
:1015C0002A61A4B1A4F2334404443C60C0F1350064
:1015D0003060284603B0BDE8F0836961EAE701A8FE
:1015E000FFF7D0FC019B6B6120300122E8E705EB9F
:1015F0008203A0F2324038601869FFF7A5FCC0EB07
:101600004210E5E7513D0108C33D0108F7B50E461C
:1016100069460746FFF758FF01A9304655EC104BC5
:10162000B0EE407AF0EE607AFFF74EFF33693A6928
:10163000D21ADDE900369B1B03EB4213002BD4BF0B
:1016400010EE902A17EE902A51EC100BD6BFC3EB88
:10165000033302EB035502EB03510B4602462946C6
:101660002046F3F7EBF841EC100B03B0F0BD013965
:1016700070B549111469013102F1140300EB8101C5
:1016800003EB8404051FA3420CD3A31A113B23F0E0
:1016900003031132944238BF0023184400238842C8
:1016A00005D370BD53F8046B45F8046FEBE740F8C1
:1016B000043BF4E700F1140200694B11984210B5A5
:1016C00011DB0ADD11F01F0107D052F8234024FA84
:1016D00001F000FA01F18C420BD102EB830393423B
:1016E00003D8002010BD0346F7E753F8041D002976
:1016F000F5D00120F6E749B1FF2A85BF8A230360B0
:101700000A704FF0FF3098BF0120704708467047BD
:101710002DE9F0478E681F46BE4282460C46904631
:10172000334653D8B1F90C0010F4906F2BD0656993
:101730002368096905EB4505A3EB010905EBD575A0
:101740007B1C6D104B44AB422A4684BF1D462A4683
:10175000430527D511465046FFF76CFA064658B3A5
:1017600021694A46FEF745F8A38923F4906343F0C4
:101770008003A381266165614E44A5EB09052660BF
:10178000A5603E463B461F4620683A464146FDF767
:1017900073FFA3689B1BA36023683B442360002066
:1017A000BDE8F087504600F0F5F906460028E1D183
:1017B00021695046FEF792FE0C23CAF80030A38937
:1017C00043F04003A3814FF0FF30E9E73E46DBE7FB
:1017D0002DE9F0471F468B891B069CB006460D4637
:1017E000144610D50B6973B94021FFF723FA28601E
:1017F000286130B90C2333604FF0FF301CB0BDE8D6
:10180000F08740236B610023099320238DF8293052
:1018100003973023654F8DF82A304FF00108234697
:101820001A7899461AB1252A03F10103F8D1B9EBC8
:10183000040A0BD05346224629463046FFF768FF7C
:10184000013000F0A380099A5244099299F80030BF
:10185000002B00F09B8000224FF0FF33CDE90532D2
:1018600009F10109049207928DF853201A924C460F
:10187000052214F8011B4D48F2F7A2FC049AD0B9D6
:10188000D00644BF20238DF85330110744BF2B23CB
:101890008DF8533099F800302A2B13D007994B4616
:1018A00000204FF00A0C1A78303A092A1C464AD90F
:1018B000A8B1079113E0C01B08FA00F01043049090
:1018C000A146D4E7039B191D1B680391002BBBBFE6
:1018D0005B4242F0020207930793B8BF0492237859
:1018E0002E2B0AD163782A2B32D1039B1A1D1B6839
:1018F000039243EAE37302340593DFF8C090217842
:1019000003224846F2F75CFC38B1049BA0EB0900C7
:1019100040228240134301340493217824488DF8F7
:1019200028100622F2F74CFC002835D0214818BBBD
:10193000039B073323F0070308330393099B0344F6
:10194000013409936BE701330CFB01210120AAE765
:1019500000230593611C18464FF00A0C0A78303AB0
:10196000092A0C4603D9002BC7D00590C5E70131E1
:101970000CFB00200123F1E703AB00932A460E4B3A
:1019800004A93046FDF776F9421CD7D1AB895B0636
:101990003FF532AF099831E703AB00932A46064B77
:1019A00004A93046FDF700FCEEE700BF1D3E01082C
:1019B000273E010875EC000811170108233E0108B5
:1019C000B1F90C202DE9F041160705460C4651D41B
:1019D0004B68002B02DC0B6C002B49DDE66A002E05
:1019E00046D0002312F480522F682B6031D0626DF4
:1019F000A389590705D56368D21A636B0BB1236CB1
:101A0000D21A0023E66A216A2846B047421CB4F97C
:101A10000C3006D129681D2945D8284ACA40D60766
:101A200041D500226260D9042269226004D5421C9B
:101A300001D12B6803B96065616B2F60C1B104F1FE
:101A40004403994202D02846FEF748FD0023636311
:101A50000EE0216A01232846B0470246501CC7D138
:101A60002B68002BC4D01D2B01D0162B1AD12F6050
:101A700000201DE00F69002FFAD093070E6808BF01
:101A80004B690F6018BF0023A6EB07088B60B8F105
:101A9000000FEDDD216AA66A43463A462846B04764
:101AA000002807DCA38943F04003A3814FF0FF30F7
:101AB000BDE8F0810744A8EB0008E8E701004020FA
:101AC00038B50B6905460C4613B91D46284638BD86
:101AD00018B1036A0BB9FDF71FFDB4F90C30002BE8
:101AE000F3D0626ED00704D4990502D4A06DFDF73F
:101AF0007EFE28462146FFF763FF636EDA07054640
:101B0000E4D4A3899B05E1D4A06DFDF771FEDDE768
:101B100038B5064C002305460846236000F052FB0A
:101B2000431C02D1236803B12B6038BD4C7E0020DA
:101B30001FB51D46094B1B680646D86852B1084CB4
:101B40000091CDE90142074933462A4600F050F89A
:101B500000F060F8044C2246F2E700BF8401002048
:101B60002E3E01083B3E0108693E010870B5A1FB0D
:101B7000026535B93146FFF75DF8044628B92046BD
:101B800070BD0C2303600024F9E732462946FDF7B7
:101B90008CFDF4E72DE9F041074615460C4621B9C6
:101BA000BDE8F0411146FFF745B82AB9FEF796FCAB
:101BB0002C462046BDE8F08100F033F88542064609
:101BC00002D8B5EB500FF4D829463846FFF732F863
:101BD000804608B94446ECE7B5422A46214628BF6C
:101BE0003246FDF706FE21463846FEF777FCF1E760
:101BF0000EB403B5014603AB054853F8042B006847
:101C0000019300F03DF802B05DF804EB03B07047BB
:101C10008401002008B5062000F000FA012000F041
:101C2000E7FA51F8043C181F002BBCBF0B58C01832
:101C300070479368013B002B10B4936007DA9469F6
:101C4000A34201DB0A2902D110BC00F02DB91368B0
:101C5000581C10601970084610BC7047F8B506464D
:101C60000F461446D518AC4201D1002007E014F805
:101C7000011B3A463046FFF7DCFF431CF3D1F8BDA9
:101C80002DE9F04706469CB00D4614461F4618B194
:101C9000036A0BB9FDF740FC6B6ED90705D4AB891D
:101CA0009A0502D4A86DFDF7A2FDAB891B0701D5EB
:101CB0002B699BB92946304600F034F970B16B6E40
:101CC000DE0704D54FF0FF301CB0BDE8F087AB89CC
:101CD0009C05F7D4A86DFDF78BFDF3E7002309936E
:101CE00020238DF82930039730236A4F8DF82A304E
:101CF0004FF0010823461A7899461AB1252A03F1B4
:101D00000103F8D1B9EB040A0BD053462246294609
:101D10003046FFF7A3FF013000F0A380099A524438
:101D2000099299F80030002B00F09B8000224FF0C0
:101D3000FF33CDE9053209F10109049207928DF8CC
:101D400053201A924C46052214F8011B5148F2F711
:101D500037FA049AD0B9D00644BF20238DF8533007
:101D6000110744BF2B238DF8533099F800302A2BEC
:101D700013D007994B4600204FF00A0C1A78303ADE
:101D8000092A1C464AD9A8B1079113E0C01B08FADA
:101D900000F010430490A146D4E7039B191D1B6873
:101DA0000391002BBBBF5B4242F0020207930793F3
:101DB000B8BF049223782E2B0AD163782A2B32D114
:101DC000039B1A1D1B68039243EAE37302340593D5
:101DD000DFF8D090217803224846F2F7F1F938B1C4
:101DE000049BA0EB0900402282401343013404937A
:101DF000217829488DF828100622F2F7E1F9002809
:101E00003ED0264818BB039B073323F00703083353
:101E10000393099B0344013409936BE701330CFBE3
:101E200001210120AAE700230593611C18464FF009
:101E30000A0C0A78303A092A0C4603D9002BC7D07D
:101E40000590C5E701310CFB00200123F1E703AB4E
:101E500000932A46124B04A93046FCF70BFF431CA3
:101E6000D7D16B6ED90705D4AB899A0502D4A86D7A
:101E7000FDF7BEFCAB895B063FF524AF099823E76D
:101E800003AB00932A46064B04A93046FDF78CF9B4
:101E9000E5E700BF1D3E0108273E010875EC00087C
:101EA0005D1C0108233E0108F8B505460F4614469F
:101EB00018B1036A0BB9FDF72FFBA369A360A389CF
:101EC0001A0701D5236943B92146284600F02AF8AC
:101ED00018B14FF0FF363046F8BD23692068C01AAC
:101EE0006369834205DC21462846FFF7E9FD0028A7
:101EF000EFD1A368013BA36023685A1C22601F70C6
:101F0000636901308342FEB204D0A389DB07E2D5C6
:101F10000A2EE0D121462846FFF7D2FD0028DAD06C
:101F2000D7E7000038B5284B054618680C4618B1AD
:101F3000036A0BB9FDF7F0FAB4F90C30190720D495
:101F4000DA0607D409222A6043F04003A3814FF048
:101F5000FF3031E0580711D5616B41B104F1440302
:101F6000994202D02846FEF7B9FA002363630022A3
:101F7000A38962602269226023F0240343F00803EE
:101F8000A38123694BB9A38903F42073B3F5007FC0
:101F900003D02146284600F081F8B4F90C3013F044
:101FA00001020AD00022A26062695242A261226943
:101FB00042B913F08000C7D138BD990758BF626994
:101FC000A260F4E70020F7E7840100201F2938B55C
:101FD00005460C4604D9162303604FF0FF3038BD88
:101FE000C26B12B152F821304BB9284600F030F8DC
:101FF000224601462846BDE8384000F017B8012BBC
:102000000AD0591C03D1162303600120E7E7002101
:1020100042F82410204698470020E0E7024B014692
:102020001868FFF7D3BF00BF8401002038B5074C04
:102030000023054608461146236000F0ABF8431C18
:1020400002D1236803B12B6038BD00BF4C7E002055
:1020500000F090B870B50E46B1F90E10002996B098
:1020600014461D460ADAB28912F0800213D14FF4E9
:10207000806100202A60216016B070BD6A4600F0C1
:1020800047F80028EFDB019A02F47042A2F50053F2
:102090005A425A41EBE700224021EAE78B8973B5A7
:1020A0009E0705460C4607D504F1470323602361CC
:1020B0000123636102B070BD01AB6A46FFF7CAFF3E
:1020C000009E28463146FEF7B5FDB4F90C3038B90C
:1020D0009A05EFD423F0030343F00203A381E3E75F
:1020E00043F08003A381019B2060C4E90406002B18
:1020F000E0D0B4F90E10284600F01CF80028D9D022
:10210000A38923F0030343F00103A381D2E7000076
:1021100038B5074C0023054608461146236000F0F9
:1021200021F8431C02D1236803B12B6038BD00BFE6
:102130004C7E002038B5064C002305460846236037
:1021400000F020F8431C02D1236803B12B6038BD96
:102150004C7E0020024B58221A604FF0FF3070472F
:102160004C7E0020024B58221A604FF0FF3070471F
:102170004C7E0020024B58221A604FF0FF3070470F
:102180004C7E0020024B58221A600020704700BF8E
:102190004C7E0020024B58221A604FF0FF307047EF
:1021A0004C7E0020024B58221A604FF0FF307047DF
:1021B0004C7E0020024B58221A604FF0FF307047CF
:1021C0004C7E0020044A05491368002B08BF0B46CB
:1021D00018441060184670475C7E0020807E002006
:1021E000024B58221A604FF0FF3070474C7E00209F
:1021F000FEE700BF38B50022002304460D46F2F783
:1022000065FC28B920462946BDE8384000F00AB8E8
:10221000204605F1004100F005F8404261EB410124
:1022200038BD00BF70B50C4B002204460D46F2F7D6
:10223000DBF9F2F7B1FC0646F2F75CF9074B002236
:10224000F2F7D2F902460B4620462946F2F714F877
:10225000F2F7A2FC314670BD0000F03D0000F041F5
:102260002DE9F04782B00646DDF828E00846B4467E
:102270000D46002B4ED18A4214466DD9B2FA82F235
:1022800042B1C2F12003954026FA03F394401D4366
:1022900006FA02FC260CA7B2B5FBF6F14FEA1C4386
:1022A00006FB115543EA054301FB07F0984209D9A3
:1022B000E31801F1FF3580F00381984240F200817C
:1022C000023923441B1A1FFA8CFCB3FBF6F006FB01
:1022D00010334CEA034C00FB07F363450AD914EBB7
:1022E0000C0C00F1FF3580F0ED80634540F2EA8090
:1022F000A444023840EA0140ACEB030C0021BEF1DB
:10230000000F04D02CFA02F30022CEE9003202B012
:10231000BDE8F0878B4209D9BEF1000F01D0CEE9AC
:1023200000610021084602B0BDE8F087B3FA83F1EE
:10233000174600294DD1834202D3B24200F20F81E9
:10234000B6EB070C60EB030301201D46BEF1000F46
:10235000DDD0CEE900C5DAE7002A00F098801A4601
:10236000B4FA84F3002B40F0AF800B1B270CA6B20D
:102370000121B3FBF7F54FEA1C4007FB153340EA98
:10238000034306FB05F8984507D9E31805F1FF302C
:1023900002D2984500F2E8800546A3EB08031FFA35
:1023A0008CFCB3FBF7F007FB10334CEA034C06FB45
:1023B00000F3634508D914EB0C0C00F1FF3602D290
:1023C000634500F2CE803046ACEB030C40EA05409A
:1023D00095E7C1F120058B4022FA05FC4CEA030C7D
:1023E00000FA01F426FA05F3E84002FA01F943EA9B
:1023F00004084FEA1C4206FA01FAB0FBF2F71FFA92
:102400008CF602FB17004FEA184444EA004407FB2D
:1024100006F0A0420AD91CEB040407F1FF3380F058
:102420009C80A04240F29980023F6444241A1FFA23
:1024300088F3B4FBF2F002FB104443EA044300FBD0
:1024400006F69E4209D91CEB030300F1FF3480F02D
:1024500082809E427FD90238634440EA0740A0FB55
:1024600009749B1BA3423E46A04664D361D0BEF1D3
:10247000000F0AD0BAEB060263EB080303FA05F576
:10248000CA401543CB40CEE9005300213FE7730813
:1024900043EAC1734A08190C41EA02414FEAC67C7B
:1024A0009BB2B2FBF4F02646A04627461F2243EA21
:1024B0000143B1FBF4F1A3EB080341EA004158E703
:1024C0002946FFE6284615E71A46C3F120019C403D
:1024D00026FA01F320FA01F190400343270C06FA93
:1024E00002FCB1FBF7F0A6B207FB1015190C41EA8C
:1024F000054100FB06F58D423BD9611801D28D42A2
:1025000020D8491B0138B1FBF7F5019505FB06F80A
:10251000019D9BB207FB151143EA0143434526D2B7
:10252000E31805F1FF31C6D24345C4D2A91E2344A6
:10253000C1E7BA459BD2B7EB090664EB0C0401383E
:10254000A04694E7651B29440238B1FBF7F50195D5
:1025500005FB06F8DCE720467FE71F4666E70846EE
:10256000F4E6A44402382FE7023D234415E701991D
:10257000A1E7491BB1FBF7F5019505FB06F8C7E795
:10258000F8B500BFF8BC08BC9E467047F8B500BF60
:08259000F8BC08BC9E46704730
:10259800E4390108E8390108F8390108003A010866
:1025A8004853455F4641494C0A0000004150503AA3
:1025B800494E49540A0000004641554C543A2045BA
:1025C8004550524F4D2072656164206661696C65A3
:1025D800642C207573696E672064656661756C7418
:1025E800730A00004150503A4C4F4F500A00000007
:1025F8000D0A00003D3D3D3D3D20E794B5E69CBAFF
:10260800E9A9B1E58AA8E68C87E4BBA4E58897E840
:10261800A1A8203D3D3D3D3D00000000E29480E240
:10262800948020E7B3BBE7BB9FE68C87E4BBA4207C
:10263800E29480E29480000020202F68656C70206E
:102648002020202020202020202020202020202082
:10265800202020E698BEE7A4BAE69CACE5B8AEE533
:102668008AA9000020202F76657273696F6E20207A
:10267800202020202020202020202020202020E68C
:1026880098BEE7A4BAE7A1ACE4BBB62FE8BDAFE4B7
:10269800BBB6E78988E69CAC0000000020202F73B9
:1026A8007461747573202020202020202020202091
:1026B80020202020202020E698BEE7A4BAE585A89F
:1026C800E983A8E9858DE7BDAEE58F82E695B00080
:1026D80020202F636865636B202020202020202085
:1026E8002020202020202020202020E698BEE7A4BB
:1026F800BAE5AE9EE697B6E78AB6E680812028E777
:10270800BC96E7A081E599A82F52504D2FE8BE93BB
:10271800E587BA2FE8BF90E8A18CE697B6E997B4A9
:102728002900000020202F64657465637420202030
:10273800202020202020202020202020202020E9C8
:10274800878DE696B0E6A380E6B58B2055415254B6
:102758003220E5B7A5E4BD9CE6A8A1E5BC8F2FE62D
:10276800B3A2E789B9E78E870000000020202F7305
:102778006176652020202020202020202020202075
:1027880020202020202020E4BF9DE5AD98E9858DFC
:10279800E7BDAEE588B020454550524F4D000000DA
:1027A80020202F6C6F6164202020202020202020F2
:1027B8002020202020202020202020E4BB8E20451F
:1027C8004550524F4D20E58AA0E8BDBDE9858DE70B
:1027D800BDAE000020202F72657365742020202074
:1027E800202020202020202020202020202020E61B
:1027F80081A2E5A48DE587BAE58E82E8AEBEE7BD85
:10280800AE000000E29480E2948020E68EA7E5887E
:10281800B6E599A8E68C87E4BBA420E29480E2940C
:102828008000000020202F73706565646374726CEB
:10283800203C63683E205B6B70206B69206B6420D2
:102848005B696C696D205B6F6C696D205B7065728C
:10285800696F64205B70747970655D5D5D5D5D00B6
:102868002020202020202020202020202020202060
:102878002020202020202020202020E9809FE5BA49
:10288800A6E68EA7E588B6E599A820285049442BE6
:10289800E99990E5B9852BE591A8E69C9F2BE7B1CE
:1028A800BBE59E8B2900000020202F706F73637496
:1028B800726C203C63683E205B6B70206B69206BF8
:1028C80064205B6F6C696D205B696C696D205B705F
:1028D8006572696F64205B70747970655D5D5D5DBC
:1028E8005D00000020202020202020202020202003
:1028F800202020202020202020202020202020E40C
:10290800BD8DE7BDAEE68EA7E588B6E599A8202877
:102918005049442BE8BE93E587BAE99990E5B98513
:102928002BE7A7AFE58886E99990E5B9852BE5916E
:10293800A8E69C9F2BE7B1BBE59E8B2C20302E315F
:10294800C2B0E7B2BEE5BAA62900000020202F6D6C
:102958006F6465203C63683E205B6F70656E7C73B6
:10296800706565647C706F735D2020E68EA7E588CE
:10297800B6E6A8A1E5BC8F2028E5BC80E78EAF2F7E
:10298800E9809FE5BAA62FE4BD8DE7BDAE2900001A
:1029980020202F637072203C63683E205B76616C58
:1029A8005D20202020202020202020E7BC96E7A0C2
:1029B80081E599A8E7BABFE695B020284350522987
:1029C8000000000020202F696E76203C63683E20BE
:1029D8005B307C315D20202020202020202020E733
:1029E80094B5E69CBAE696B9E590912028303DE684
:1029F800ADA3E590912C20313DE58F8DE59091298F
:102A08000000000020202F65696E76203C63683E38
:102A1800205B307C315D202020202020202020E7F2
:102A2800BC96E7A081E599A8E69E81E680A72028C4
:102A3800303DE6ADA3E5B8B82C20313DE58F8DE8F3
:102A4800BDAC2C20E7BB9FE4B880E9A1BAE697B6F5
:102A5800E99288E4B8BAE6ADA329000020202F70D7
:102A68006F73616E676C65203C63683E205B7661BE
:102A78006C5D2020202020E4BD8DE7BDAEE78EAF41
:102A8800E8BDACE4B880E59C88E88489E586B2E6D0
:102A980095B02028E789A9E79086E7BABFE695B000
:102AA8002C20E59BBAE4BBB6E887AAE58AA8C397B9
:102AB800342C20303DE4BDBFE794A8E7BC96E7A0DE
:102AC80081E599A84350522900000000E29480E271
:102AD800948020E7BC96E7A081E599A82FE6BBA4DF
:102AE800E6B3A220E29480E29480000020202F65C3
:102AF8006E637A65726F203C63683E202020202038
:102B080020202020202020E6B885E99BB6E68C8787
:102B1800E5AE9AE9809AE98193E7BC96E7A081E55A
:102B280099A8E8AEA1E695B00000000020202F6625
:102B3800696C746572203C63683E205B74797065CB
:102B48005D205B775D2020E9809FE5BAA6E6BBA4FF
:102B5800E6B3A2E599A82028303DE697A02C313DA0
:102B6800E6BB91E58AA8E5B9B3E59D872C323DE43B
:102B7800BD8EE9809A2C333DE4B8ADE580BC2900D0
:102B8800E29480E2948020554152543220E9809AA0
:102B9800E8AEAF20E29480E29480000020202F75F8
:102BA80061727432205B626175645D205B696E7668
:102BB8005D205B6D6F64655D202055415254322065
:102BC800E9858DE7BDAE2028E6B3A2E789B9E78E8F
:102BD800872FE69E81E680A72FE6A8A1E5BC8F296E
:102BE80000000000202020202020696E763A203046
:102BF8003DE6ADA3E5B8B8E69E81E680A72C203176
:102C08003DE58F8DE79BB82028E9BB98E8AEA42066
:102C1800302900002020202020206D6F64653A2094
:102C28007561727428E4BA8CE8BF9BE588B6E58DB7
:102C38008FE8AEAE2CE9BB98E8AEA429207C2073BF
:102C48006275732853425553E5B8A7E8A7A3E69ED3
:102C58009029207C20656C727328454C52532F4371
:102C6800525346E981A5E68EA729000020202F703F
:102C780072696F72697479205B307C315D20202025
:102C880020202020202020E68EA7E588B6E4BC98E6
:102C9800E58588E7BAA72028303D5553415254327C
:102CA800E4BC98E585882C20313D555342E4BC9816
:102CB800E58588290000000020202F74696D656F64
:102CC8007574205B6D735D2020202020202020203B
:102CD800202020E68C87E4BBA4E8B685E697B6E416
:102CE800BF9DE68AA42028303DE585B3E997AD2944
:102CF80000000000E29480E2948020E981A5E68E3D
:102D0800A7E58F82E695B020E29480E294800000E7
:102D180020202F736D6170203C63683E205B7362D6
:102D280075735F63685D2020202020E981A5E68E09
:102D3800A7E9809AE98193E698A0E5B08420286302
:102D4800683D317E3420E2869220E981A5E68EA78F
:102D5800E9809AE98193E58FB720317E31362900E1
:102D680020202F726D6170203C63683E205B307CB0
:102D7800315D202020202020202020E698A0E5B0EA
:102D880084E6A8A1E5BC8F2028303DE4B8ADE5BFB6
:102D980083E99BB6E782B9E58F8CE590912C2031C9
:102DA8003D6D696EE99BB6E782B9E58D95E5909131
:102DB8002900000020202F646D6170203C63683E6C
:102DC800205B656E61626C655D205B6469725F6340
:102DD800685D2020E696B9E59091E698A0E5B08474
:102DE8002028656E61626C6520302F31202B20E62B
:102DF80096B9E59091E9809AE9819320317E313640
:102E08002900000020202F73627573706172616D54
:102E1800203C63683E205B76616C5D20202020E9C1
:102E280081A5E68EA7E8A18CE7A88B2028E5BC80C1
:102E3800E78EAF3DE69C80E5A4A750574D2C20E9CE
:102E4800809FE5BAA63DE69C80E5A4A752504D2C8C
:102E580020E4BD8DE7BDAE3DE69C80E5A4A7E8A7CC
:102E680092E5BAA6302E31C2B0E58D95E4BD8D2924
:102E78000000000020202F7362757372616E676511
:102E8800205B6D696E5D205B6D61785D2020202080
:102E98002020E9809AE98193E580BCE88C83E59B52
:102EA800B4E4B88AE4B88BE7958C2028313030E256
:102EB80089A46D696E3C6D6178E289A4323034373B
:102EC8002C20E69FA5E794A8202F73627573726182
:102ED8006E676529000000004552523A2064657407
:102EE80065637420616C72656164792072756E6EB9
:102EF800696E6700446574656374696E672E2E2E6B
:102F080020286E6F6E2D626C6F636B696E672C2064
:102F18006D6F746F722073746F7070656429000030
:102F28004F4B20287772697474656E20746F204542
:102F38004550524F4D2900004552523A2073617650
:102F480065206661696C6564000000004F4B2028AD
:102F58006C6F616465642066726F6D2045455052E0
:102F68004F4D29005741524E3A20454550524F4D3A
:102F780020696E76616C69642C207573696E6720B0
:102F880064656661756C7473000000004F4B2028FF
:102F9800666163746F7279207265736574290000C5
:102FA80048573A207625642E25642E256420205320
:102FB800573A207625642E25642E256400000000EB
:102FC8005541525400000000534255530000000080
:102FD800454C525300000000E58F8DE79BB8000078
:102FE800E6ADA3E5B8B800005541525432000000E0
:102FF80055534200E58F8D00E6ADA3006D696EE97B
:103008009BB6E782B9000000E4B8ADE5BF83E99B51
:10301800B6E782B9000000004F4E00004F46460058
:103028005359533A205553423D32303030303030C6
:10303800205553415254323D256C7520257320E6A6
:103048009E81E680A73D257320E4BC98E585883DF0
:10305800257320E8B685E697B63D25756D730000A3
:103068004D25633A202573204350523D2575202570
:103078007320205370643A202573204B703D252E11
:103088003366204B693D252E3366204B643D252E43
:103098003366204F6C696D3D252E306620543D25E2
:1030A800756D73202573000020202020506F733A1F
:1030B800202573204B703D252E3366204B693D2516
:1030C8002E3366204B643D252E3366204F6C696D88
:1030D8003D252E306620496C696D3D252E316620D0
:1030E800543D25756D73204350523D2575000000F1
:1030F80052433A20413D63682575282575292042A9
:103108003D636825752825752920433D6368257525
:103118002825752920443D636825752825752920AB
:10312800E88C83E59BB43D25757E2575000000007D
:1031380052432D4D25643A206D61703D25732064FE
:1031480069726D61703D2573206469725F63683DC3
:103158006368257500000000656570726F6D5F72A9
:103168006561645F6661696C000000006E6F6E6582
:1031780000000000454E433A205B25366C6420254C
:10318800366C642025366C642025366C645D00003E
:1031980052504D3A205B25366C642025366C6420ED
:1031A80025366C642025366C645D00004F55543A12
:1031B800205B253664202536642025366420253694
:1031C800645D00004552523A202573005550544919
:1031D8004D453A20256C75206D730000E5A29EE9E7
:1031E800878FE5BC8F000000E4BD8DE7BDAEE5BC70
:1031F8008F000000504F53005350454544000000D5
:103208004F50454E000000006D696EE99BB6E7829D
:10321800B928E58D95E5909129000000E4B8ADE561
:10322800BF83E99BB6E782B928E58F8CE5909129A1
:10323800000000005553415254320000205BE5BDA8
:1032480093E5898DE6A8A1E5BC8F3DE9809FE5BAA5
:10325800A62C20E6ADA4E580BC3DE69C80E5A4A7AD
:1032680052504D5D00000000205BE5BD93E5898D5F
:10327800E6A8A1E5BC8F3DE4BD8DE7BDAE2C20E6F8
:10328800ADA4E580BC3DE69C80E5A4A7E8A792E54F
:10329800BAA628302E31C2B0295D0000205BE5BDFA
:1032A80093E5898DE6A8A1E5BC8F3DE5BC80E78E56
:1032B800AF2C20E6ADA4E580BC3DE69C80E5A4A744
:1032C80050574D28307E31303030295D00000000E5
:1032D80073706565646374726C000000E794A8E617
:1032E800B3953A202F73706565646374726C203CE3
:1032F80063683E205B6B70206B69206B64205B69A0
:103308006C696D205B6F6C696D205B706572696FAD
:1033180064205B70747970655D5D5D5D5D000000C3
:103328004552523A20636820312D340043482564C1
:10333800204B703D252E3366204B693D252E336684
:10334800204B643D252E336620496C696D3D252E42
:103358003166204F6C696D3D252E316620506572AF
:10336800696F643D25756D7320547970653D2573CB
:1033780000000000E794A8E6B3953A202F73706523
:1033880065646374726C203C63683E203C6B703EDD
:10339800203C6B693E203C6B643E205B2E2E2E5DEC
:1033A800000000004F4B202852414D206F6E6C7971
:1033B80029000000706F736374726C00E794A8E6CC
:1033C800B3953A202F706F736374726C203C6368F6
:1033D8003E205B6B70206B69206B64205B6F6C69AF
:1033E8006D205B696C696D205B706572696F642024
:1033F8005B70747970655D5D5D5D5D004348256453
:1034080020706F73204B703D252E3366204B693D2D
:10341800252E3366204B643D252E3366204F6C697C
:103428006D3D252E316652504D20496C696D3D2504
:103438002E316620506572696F643D25756D732065
:103448005049443D25730000E794A8E6B3953A2017
:103458002F706F736374726C203C63683E203C6B02
:10346800703E203C6B693E203C6B643E205B2E2EF8
:103478002E5D000063707200E794A8E6B3953A20C9
:103488002F637072203C63683E205B76616C5D0040
:1034980043482564204350523D257500696E7600E7
:1034A800E794A8E6B3953A202F696E76203C6368C6
:1034B8003E205B307C315D004348256420696E7690
:1034C8006572743D2575000065696E760000000020
:1034D800E794A8E6B3953A202F65696E76203C6399
:1034E800683E205B307C315D000000004348256465
:1034F80020656E635F696E766572743D25750000A0
:103508006D6F646500000000E794A8E6B3953A2063
:103518002F6D6F6465203C63683E205B6F70656E3D
:103528007C73706565647C706F735D0043482564C7
:10353800206D6F64653D2573000000006F70656E37
:103548000000000073706565640000004552523A3F
:10355800206F70656E2F73706565642F706F7300D0
:103568007561727432000000426175643D256C75A6
:1035780020496E763D257528257329204D6F646591
:103588003D2573004552523A206465746563742082
:1035980072756E6E696E672C20747279206C617416
:1035A800657200004552523A2062617564203132DA
:1035B80030302D3430303030303000007362757365
:1035C8000000000075617274000000004552523A14
:1035D800206D6F646520736275732F756172742F27
:1035E800656C7273000000004F4B2028E5B7B2E508
:1035F800BA94E794A8290000736D61700000000078
:10360800E794A8E6B3953A202F736D6170203C6368
:10361800683E205B736275735F63685D000000003D
:103628004348256420534255535F43483D25750060
:103638004552523A20534255535F434820317E3118
:1036480036000000726D617000000000E794A8E683
:10365800B3953A202F726D6170203C63683E205B01
:10366800307C315D0000000043482564206D6170A6
:103678006D6F64653D2575202825732900000000BD
:103688004552523A20303DE4B8ADE5BF83E99BB6D8
:10369800E782B920313D6D696EE99BB6E782B900D2
:1036A800646D617000000000E794A8E6B3953A20C5
:1036B8002F646D6170203C63683E205B656E6162BB
:1036C8006C6520307C315D205B6469725F636820C3
:1036D800317E31365D0000004348256420646972FC
:1036E8006D61703D2573206469725F63683D63682E
:1036F800257500004552523A20656E61626C65205E
:10370800302F31004552523A206469725F63682055
:10371800317E31360000000074696D656F75740084
:103728002575206D730000007072696F7269747975
:10373800000000007362757372616E6765000000B7
:10374800E88C83E59BB43A2025757E25752028E40E
:10375800B8ADE5BF833D2575290000004552523AB2
:1037680020E794A8E6B395202F7362757372616E93
:103778006765203C6D696E3E203C6D61783E20286F
:1037880031303020E289A4206D696E203C206D61C3
:103798007820E289A4203230343729004552523A41
:1037A80020E88C83E59BB4E99C802031303020E20E
:1037B80089A4206D696E203C206D617820E289A47F
:1037C80020323034370000007362757370617261A3
:1037D8006D000000E794A8E6B3953A202F73627550
:1037E80073706172616D203C63683E205B76616C2A
:1037F8005D00000043482564207362757370617230
:10380800616D3D25752573004F4B202852414D2091
:103818006F6E6C7929257300656E637A65726F0027
:10382800E794A8E6B3953A202F656E637A65726FC0
:10383800203C63683E0000004F4B000066696C74D2
:1038480065720000434825642066696C7465723DA2
:1038580025732077696E646F773D25750000000039
:103868004552523A207479706520302D3320283023
:103878003DE697A02C313DE6BB91E58AA8E5B9B3B2
:10388800E59D872C323DE4BD8EE9809A2C333DE4DA
:10389800B8ADE580BC2900004552523A204C50464C
:1038A8002077696E646F7720312D39390000000068
:1038B8004552523A204D412FE4B8ADE580BC2077FF
:1038C800696E646F7720312D333200004F4B2043EF
:1038D8004825642066696C7465723D257320776994
:1038E8006E646F773D2575202852414D206F6E6CB0
:1038F80079290000706F73616E676C6500000000C5
:10390800E794A8E6B3953A202F706F73616E676CE1
:1039180065203C63683E205B76616C5D00000000BA
:103928004348256420706F735F616E676C655F63E1
:1039380070723D25750000004552523A2076616C40
:1039480020302D36353533350000000068656C7041
:103958000000000076657273696F6E00737461749D
:1039680075730000636865636B00000064657465C7
:103978006374000073617665000000006C6F616419
:10398800000000007265736574000000556E6B6E70
:103998006F776E20636F6D6D616E6420272F2573BE
:1039A80027000000556E6B6E6F776E20636F6D6D2C
:1039B800616E642E2054797065202F68656C7020C4
:1039C800666F7220617661696C61626C6520636FF5
:1039D8006D6D616E64732E003E200000E697A000B6
:1039E800E6BB91E58AA8E5B9B3E59D87000000002C
:1039F800E4BD8EE9809A0000E4B8ADE580BC000023
:103A0800E5BC80E78EAF0000E9809FE5BAA600001C
:103A1800E4BD8DE7BDAE00005741524E3A206465C3
:103A2800746563742D73617665206661696C65647D
:103A38002C2066616C6C6261636B2066756C6C200F
:103A4800736176650A0000005741524E3A20667548
:103A58006C6C2073617665206661696C65640A0028
:103A680044657465637465643A2025732040202595
:103A78006C752062707300004465746563746564D6
:103A88003A204641494C20286E6F207369676E6161
:103A98006C206D6174636865642C20636F6E666961
:103AA8006720756E6368616E6765642900000000B1
:103AB800000610160006101600000000010203049C
:103AC80000000000000000000102030406070809C6
:103AD8000008024000100000000802400008000032
:103AE800040000000000024000100000000802402E
:103AF80000020000000000000000024000800000FA
:103B08000008024000040000080000000004024011
:103B180010000000000C0240040000000C0000002F
:103B28000001010024030020940200206C030020FF
:103B3800DC02002000070E091C1B1215383F363125
:103B480024232A2D70777E796C6B6265484F464135
:103B580054535A5DE0E7EEE9FCFBF2F5D8DFD6D125
:103B6800C4C3CACD90979E998C8B8285A8AFA6A115
:103B7800B4B3BABDC7C0C9CEDBDCD5D2FFF8F1F605
:103B8800E3E4EDEAB7B0B9BEABACA5A28F888186F5
:103B980093949D9A2720292E3B3C35321F181116E5
:103BA80003040D0A5750595E4B4C45426F686166D5
:103BB80073747D7A898E878095929B9CB1B6BFB8C5
:103BC800ADAAA3A4F9FEF7F0E5E2EBECC1C6CFC8B5
:103BD800DDDAD3D4696E676075727B7C51565F58A5
:103BE8004D4A4344191E171005020B0C21262F2895
:103BF8003D3A33344E49404752555C5B7671787F85
:103C08006A6D64633E39303722252C2B0601080F74
:103C18001A1D1413AEA9A0A7B2B5BCBB9691989F64
:103C28008A8D8483DED9D0D7C2C5CCCBE6E1E8EF54
:103C3800FAFDF4F3E4390108E8390108F839010814
:103C4800003A0108F0310108E4310108083A010896
:103C5800103A0108183A010800C20100A0860100C4
:103C6800A06806000084030000E100000096000040
:103C780080841E00802500000008070000100E0048
:103C8800004B0000403800000001000001002E0039
:103C9800494E4600696E66004E414E006E616E00E8
:103CA80030003031323334353637383941424344C5
:103CB800454600303132333435363738396162633E
:103CC800646566004300504F53495800496E666961
:103CD8006E697479004E614E005245454E54206D10
:103CE800616C6C6F632073756363656564656400FC
:103CF8002F646174612F6A656E6B696E732F776FBD
:103D0800726B73706163652F474E552D746F6F6CBE
:103D1800636861696E2F61726D2D31352F7372631F
:103D28002F6E65776C69622D63796777696E2F6E80
:103D380065776C69622F6C6962632F7374646C6950
:103D4800622F64746F612E630042616C6C6F632034
:103D5800737563636565646564002F646174612FBE
:103D68006A656E6B696E732F776F726B73706163C0
:103D7800652F474E552D746F6F6C636861696E2FA0
:103D880061726D2D31352F7372632F6E65776C6993
:103D9800622D63796777696E2F6E65776C69622F1C
:103DA8006C6962632F7374646C69622F6764746FE3
:103DB800612D6765746865782E63002F646174618E
:103DC8002F6A656E6B696E732F776F726B73706194
:103DD80063652F474E552D746F6F6C636861696E0C
:103DE8002F61726D2D31352F7372632F6E65776C6D
:103DF80069622D63796777696E2F6E65776C696282
:103E08002F6C6962632F7374646C69622F6D7072B2
:103E180065632E6300232D302B2000686C4C0065F1
:103E28006667454647002C2066756E6374696F6E39
:103E38003A2000617373657274696F6E202225736E
:103E480022206661696C65643A2066696C65202287
:103E58002573222C206C696E6520256425732573D3
:103E68000A00000034000000CEFBFFFFCB03000077
:103E7800010000000000000035000000CEFBFFFF3D
:103E8800CB0300000100000000000000000000005B
:103E9800BC89D897B2D29C3C33A7A8D523F6493918
:103EA8003DA7F444FD0FA5329D978CCF08BA5B253A
:103EB800436FAC64280668110020202020202020B1
:103EC80020202828282828202020202020202020C2
:103ED80020202020202020202088101010101010D2
:103EE800101010101010101010040404040404041E
:103EF80004040410101010101010414141414141B8
:103F08000101010101010101010101010101010199
:103F180001010101101010101010424242424242A9
:103F28000202020202020202020202020202020269
:103F38000202020210101010200000000000000011
:103F48000000000000000000000000000000000069
:103F58000000000000000000000000000000000059
:103F68000000000000000000000000000000000049
:103F78000000000000000000000000000000000039
:103F88000000000000000000000000000000000029
:103F98000000000000000000000000000000000019
:103FA8000000000000000000000000000000000009
:103FB80000000000000000000000000005000000F4
:103FC800190000007D0000000080E03779C34143FC
:103FD800176E05B5B5B89346F5F93FE9034F384D67
:103FE800321D30F94877825A3CBF737FDD4F157513
:103FF800000000000000F03F000000000000244026
:1040080000000000000059400000000000408F4000
:10401800000000000088C34000000000006AF8406B
:104028000000000080842E4100000000D01263418F
:104038000000000084D797410000000065CDCD4105
:10404800000000205FA00242000000E876483742E6
:10405800000000A2941A6D42000040E59C30A24284
:104068000000901EC4BCD64200003426F56B0C43F9
:104078000080E03779C3414300A0D88557347643A0
:1040880000C84E676DC1AB43003D9160E458E14301
:10409800408CB5781DAF154450EFE2D6E41A4B4476
:1040A80092D54D06CFF08044F64AE1C7022DB544BB
:0840B800B49DD9794378EA4474
:0840C000E000FF7F0100000099
:0440C800B54D0008EA
:0440CC008D4D00080E
:1040D00001000000100000000024F40000000000B7
:1040E00003000000107D00204300000000000000DD
:1040F00000000000000000000000000000000000C0
:10410000000000000000000043000000000000006C
:10411000000000000000000000000000000000009F
:10412000000000000000000043000000000000004C
:10413000000000000000000000000000000000007F
:10414000000000000000000043000000000000002C
:10415000000000000000000000000000000000005F
:10416000000000000000000043000000000000000C
:10417000000000000000000000000000000000003F
:1041800000000000000000004300000000000000EC
:10419000000000000000000000000000000000001F
:1041A00000000000000000004300000000000000CC
:1041B00000000000000000000000000000000000FF
:1041C0000000000000000000F71601082D0D010896
:1041D00000000000C03E0108963C0108693E01084D
:1041E000693E0108693E0108693E0108693E01080F
:1041F000693E0108693E0108693E0108693E0108FF
:10420000FFFFFFFFFFFFFFFFFFFFFFFFFFFF0000BC
:104210000100415343494900000000000000000034
:10422000000000000000000000000000000000008E
:104230000000415343494900000000000000000015
:10424000000000000000000000000000000000006E
:10425000000000008801002000000000107D002008
:10426000787D0020E07D00200000000000000000BC
:10427000000000000000000000000000000000003E
:10428000000000000000000000000000000000002E
:10429000000000000000000000000000000000001E
:0442A000000000001A
:040000050800DDA171
:00000001FF
